regiao_id,municipio,uf,macrorregiao,latitude,longitude,fornos_detectados,densidade_populacional,pib_per_capita,distancia_centro_urbano_km,indice_pobreza,idh,taxa_informalidade,casos_oit_historicos,cobertura_fiscalizacao,area_desmatada_km2,acesso_educacao,populacao_total,score_risco,categoria_risco,pessoas_em_risco_estimadas
BR-00001,Serra Limpo,RS,Sul,-31.1343,-56.0039,1,276.25,34211.25,80.4,38.71,0.748,29.49,0,77.33,1.92,76.25,60987,29.7,Baixo Risco,312
BR-00002,Monte da Serra,MS,Centro-Oeste,-19.2387,-55.6038,2,35.77,28589.8,285.9,49.62,,55.58,0,,10.66,57.61,25668,66.9,Médio Risco,727
BR-00003,Bela da Serra,RR,Norte,0.3662,-60.0235,2,52.49,38950.96,231.3,43.57,0.814,39.75,0,62.64,14.94,69.68,71037,45.7,Médio Risco,869
BR-00004,Santa Esperança,RJ,Sudeste,-22.6509,-43.5405,2,18.98,43311.4,185.6,39.57,0.704,54.27,0,46.84,5.77,57.53,2763,56.6,Médio Risco,59
BR-00005,São do Sertão,AP,Norte,0.5895,-52.9304,1,108.1,46472.58,170.8,12.63,0.84,30.41,1,67.76,1.39,79.86,455705,25.7,Baixo Risco,1881
BR-00006,Rio Esperança,TO,Norte,-9.94,-46.4667,6,21.05,24350.96,337.2,46.41,0.587,51.26,0,42.75,16.23,64.38,46304,82.1,Alto Risco,1718
BR-00007,Vale Feliz,RS,Sul,-30.5967,-51.3236,0,30.76,23479.69,167.7,40.88,0.64,33.38,0,47.8,3.46,66.03,504120,46.1,Médio Risco,5603
BR-00008,Porto Limpo,RS,Sul,-30.0793,-52.4762,0,8.27,58607.03,71.5,19.08,0.96,29.55,0,79.65,1.56,99.0,11085,9.1,Baixo Risco,9
BR-00009,Rio Azul,AM,Norte,-3.8006,-65.7372,2,15.12,32239.19,219.1,44.42,0.692,45.7,1,46.66,28.28,71.58,8127,69.4,Médio Risco,213
BR-00010,Lago Grande,MS,Centro-Oeste,-21.5381,-54.8753,2,52.48,44568.44,166.7,19.12,0.925,22.77,1,56.15,21.97,87.52,51911,30.3,Baixo Risco,238
BR-00011,Boa do Forno,MA,Nordeste,-4.7409,-46.5658,2,67.77,38324.68,172.0,33.18,0.724,41.62,0,57.36,4.24,67.94,51698,46.9,Médio Risco,679
BR-00012,São do Forno,SE,Nordeste,-10.2363,-38.8427,1,59.52,33308.24,160.1,46.06,0.684,47.14,0,39.84,1.51,54.81,50152,54.8,Médio Risco,919
BR-00013,Cruz Azul,PE,Nordeste,-8.5041,-39.3222,0,5.1,35580.24,84.7,38.42,0.736,58.94,0,43.63,0.86,60.95,41452,32.9,Baixo Risco,394
BR-00014,Bela Esperança,RO,Norte,-11.4326,-64.2053,3,5.68,32783.59,255.1,37.57,0.688,38.89,0,47.98,13.48,60.37,14986,64.5,Médio Risco,314
BR-00015,Santa Azul,MS,Centro-Oeste,-19.3948,-55.9886,1,60.95,46514.54,137.1,29.4,0.903,35.6,0,61.79,16.95,63.21,5132,28.0,Baixo Risco,27
BR-00016,Vale Vermelho,CE,Nordeste,-5.5302,-41.7192,1,12.65,36795.32,169.0,43.45,0.749,35.73,0,62.85,0.41,,46814,39.2,Baixo Risco,419
BR-00017,Vila do Cedro,PB,Nordeste,-7.7094,-36.4128,1,65.55,37464.5,142.3,42.21,0.764,39.31,0,51.54,4.98,80.26,6613,42.7,Médio Risco,72
BR-00018,Vila Feliz,AL,Nordeste,-9.4734,-36.4916,1,4.91,35138.31,188.6,38.19,0.711,47.92,0,60.11,1.8,68.25,5877,44.0,Médio Risco,77
BR-00019,Bela Grande,RO,Norte,-8.4548,-60.9589,2,21.88,36894.16,210.0,28.37,0.727,46.1,0,49.59,1.78,61.1,20419,47.4,Médio Risco,292
BR-00020,Lago do Sertão,PE,Nordeste,-10.2565,-38.7957,1,30.51,42919.87,90.8,26.18,0.872,36.32,0,,2.66,80.17,56293,23.2,Baixo Risco,220
BR-00021,Cruz Esperança,RN,Nordeste,-4.7322,-36.1755,1,43.08,31463.26,131.6,31.46,0.741,45.78,0,54.18,4.34,55.08,394234,39.5,Baixo Risco,4196
BR-00022,Cruz do Sertão,MA,Nordeste,-8.0704,-45.0022,4,7.34,24025.36,143.2,48.85,0.698,50.8,1,27.98,1.96,57.58,111756,75.6,Alto Risco,3612
BR-00023,Bela das Flores,TO,Norte,-9.8658,-48.6554,1,2.98,29959.13,307.1,43.78,0.63,59.0,1,44.4,3.59,,197111,72.3,Alto Risco,6604
BR-00024,Monte do Carvão,SP,Sudeste,-19.9849,-47.7479,1,30.88,25616.65,91.4,37.14,0.762,42.31,1,,8.42,66.69,74390,49.0,Médio Risco,1060
BR-00025,Santo da Mata,RS,Sul,-29.0159,-52.1147,2,39.86,,206.6,36.29,0.711,47.94,0,55.37,1.36,50.05,51978,54.7,Médio Risco,961
BR-00026,Santo da Serra,CE,Nordeste,-4.9611,-39.0716,1,59.33,,199.7,39.23,0.622,54.64,0,30.05,6.29,55.32,753314,64.0,Médio Risco,19640
BR-00027,Vale do Sertão,MG,Sudeste,-18.8846,-44.7379,0,21.09,48352.99,111.6,36.78,0.805,39.84,0,45.42,0.57,84.04,6288,26.8,Baixo Risco,33
BR-00028,Lago das Flores,AL,Nordeste,-9.5765,-37.3205,1,54.41,26638.43,167.9,33.44,0.72,50.55,1,44.78,3.08,67.42,19603,52.4,Médio Risco,351
BR-00029,Cruz do Norte,BA,Nordeste,-13.3129,-43.6149,2,42.24,34996.77,159.6,37.34,0.705,46.72,0,63.93,2.92,57.54,21612,48.7,Médio Risco,326
BR-00030,Rio Dourado,PI,Nordeste,-8.8204,-43.8583,0,57.93,10724.63,238.6,70.51,0.53,69.56,0,26.96,6.6,57.54,100403,84.5,Alto Risco,4884
BR-00031,Lago do Amparo,RN,Nordeste,-6.2158,-37.4608,1,27.84,38398.62,134.0,36.25,0.792,37.02,0,50.84,6.39,65.04,9668,36.8,Baixo Risco,80
BR-00032,Vale Limpo,TO,Norte,-9.8923,-49.8736,7,4.06,30685.1,279.6,48.83,0.679,42.36,2,31.9,4.12,59.27,85330,80.0,Alto Risco,2666
BR-00033,Lago Limpo,GO,Centro-Oeste,-17.0541,-49.2441,4,20.71,21372.25,227.3,47.54,0.666,41.17,0,,12.29,52.1,67817,74.9,Alto Risco,1871
BR-00034,Vale da Serra,MA,Nordeste,-6.5488,-43.7647,1,24.88,23449.78,187.0,48.62,0.677,38.32,1,,0.8,53.51,90824,65.6,Médio Risco,1935
BR-00035,Santa Dourado,MG,Sudeste,-20.0043,-45.6513,0,35.67,24568.47,96.9,56.19,0.638,65.26,0,49.64,0.84,54.06,88790,57.9,Médio Risco,2248
BR-00036,Bela Azul,CE,Nordeste,-4.653,-39.1332,2,3.67,16056.4,165.7,62.21,0.563,46.73,0,39.02,1.91,50.36,224785,73.3,Alto Risco,6524
BR-00037,Lago das Flores,AM,Norte,-2.7065,-66.5478,2,22.37,35642.97,215.8,17.76,0.78,46.08,0,50.27,8.64,84.76,30899,41.0,Médio Risco,351
BR-00038,Boa das Flores,MG,Sudeste,-17.7757,-44.8069,2,57.64,35460.85,148.1,37.92,,41.74,0,54.62,8.69,61.14,63748,44.5,Médio Risco,772
BR-00039,Vila do Sertão,CE,Nordeste,-3.8488,-40.4965,1,21.08,28016.58,139.6,47.05,0.642,57.2,0,51.98,10.33,55.06,13086,61.9,Médio Risco,334
BR-00040,Serra do Amparo,PI,Nordeste,-7.597,-41.8873,0,14.84,21745.79,197.5,46.99,0.608,39.73,0,27.9,1.99,57.87,9838,55.8,Médio Risco,166
BR-00041,Monte da Serra,MS,Centro-Oeste,-19.9612,-55.4903,1,134.95,25080.14,266.4,60.71,0.609,53.69,0,37.54,11.23,57.85,298354,72.6,Alto Risco,9399
BR-00042,Boa Grande,RR,Norte,2.4754,-59.9837,2,9.5,36523.31,181.1,33.58,0.833,52.01,0,57.79,14.36,72.41,11907,43.3,Médio Risco,160
BR-00043,Campo da Mata,RJ,Sudeste,-22.3782,-43.004,0,134.04,55722.31,9.6,16.36,0.859,32.46,1,73.69,2.83,90.15,73250,12.5,Baixo Risco,99
BR-00044,Serra da Serra,GO,Centro-Oeste,-16.7232,-50.7694,1,69.41,,167.4,46.12,0.734,43.76,0,34.11,6.41,64.71,63819,56.2,Médio Risco,1158
BR-00045,Campo do Forno,RR,Norte,4.5,-63.1546,1,16.67,18355.94,298.1,47.77,0.652,40.06,0,41.51,9.04,57.02,142732,70.5,Alto Risco,3511
BR-00046,Lago do Amparo,RO,Norte,-11.4627,-62.9855,4,24.52,31901.92,218.7,39.71,,36.29,0,55.93,6.65,64.93,4135,54.8,Médio Risco,64
BR-00047,Cruz da Mata,MT,Centro-Oeste,-13.5722,-54.1667,1,21.39,28183.58,294.1,51.06,0.712,60.84,0,57.64,6.85,66.91,100108,64.7,Médio Risco,2872
BR-00048,Santo do Sertão,GO,Centro-Oeste,-15.3724,-49.4774,2,33.68,31535.58,197.8,24.41,0.81,38.82,0,49.4,5.08,87.02,30560,34.8,Baixo Risco,238
BR-00049,Rio Feliz,PI,Nordeste,-7.3674,-39.5956,0,14.66,28492.79,156.4,34.44,0.729,43.07,0,47.7,1.91,69.87,15524,37.4,Baixo Risco,145
BR-00050,Porto do Norte,AM,Norte,-5.4367,-63.0983,5,10.01,13420.84,329.3,70.03,0.522,68.48,0,22.83,7.91,40.66,24016,93.2,Alto Risco,1350
BR-00051,Alto do Carvão,CE,Nordeste,-3.6283,-39.9605,0,19.08,32639.08,140.8,35.29,0.689,33.45,0,56.45,0.83,71.62,120086,31.7,Baixo Risco,734
BR-00052,Boa do Norte,AC,Norte,-8.9019,-70.9952,4,16.15,20871.83,262.2,54.16,0.675,53.72,1,44.6,16.06,55.12,81965,79.5,Alto Risco,2987
BR-00053,São Limpo,RS,Sul,-31.2553,-52.5424,1,17.2,35057.78,153.3,33.25,0.665,45.83,0,,3.52,67.64,28004,47.6,Médio Risco,402
BR-00054,Rio do Cedro,PI,Nordeste,-6.0557,-43.9032,2,2.46,26419.86,129.0,33.39,0.679,51.48,0,35.36,10.59,64.58,7912,56.1,Médio Risco,160
BR-00055,Alto do Norte,RJ,Sudeste,-21.3741,-41.0272,0,34.85,48433.81,136.1,31.62,0.758,32.27,0,65.01,2.45,74.5,8641,26.2,Baixo Risco,38
BR-00056,Vila da Mata,RS,Sul,-31.4704,-52.6938,1,13.32,28761.55,232.4,49.94,0.69,39.37,0,37.64,1.72,66.63,84228,61.0,Médio Risco,1625
BR-00057,Santo das Flores,MG,Sudeste,-15.6119,-44.021,1,4.06,36383.48,204.6,35.65,0.68,41.1,0,50.69,1.29,68.11,6653,46.3,Médio Risco,85
BR-00058,Vale do Forno,PB,Nordeste,-6.3577,-35.7583,0,20.94,39045.68,102.3,32.66,0.796,43.38,0,73.67,1.99,67.51,28348,26.7,Baixo Risco,155
BR-00059,Monte Vermelho,AM,Norte,-3.4843,-62.688,2,17.9,21554.93,201.2,41.38,0.695,46.93,0,39.3,11.0,70.34,937845,59.3,Médio Risco,19449
BR-00060,Santo Grande,AM,Norte,-1.2437,-64.8607,1,79.82,22415.36,239.7,40.51,0.641,51.12,0,41.17,6.63,61.35,58364,61.1,Médio Risco,1347
BR-00061,Nova Verde,PI,Nordeste,-7.497,-42.8883,1,11.72,23129.23,193.7,46.63,0.668,61.53,0,26.93,0.82,61.12,83101,63.0,Médio Risco,2304
BR-00062,Lago Vermelho,MG,Sudeste,-18.1393,-42.2678,0,54.15,39098.51,133.4,34.97,0.783,40.3,0,56.23,1.12,76.68,8723,29.7,Baixo Risco,54
BR-00063,Nova da Serra,PB,Nordeste,-8.2044,-35.3654,1,79.37,14414.03,166.8,56.79,0.664,56.03,0,47.35,2.7,53.15,7086,67.2,Médio Risco,203
BR-00064,Santo do Forno,RS,Sul,-28.8854,-53.6494,1,19.4,48261.49,29.6,12.64,0.93,27.11,1,70.08,2.94,81.25,88856,15.3,Baixo Risco,150
BR-00065,Nova do Sertão,PE,Nordeste,-7.7128,-37.8527,1,23.24,26208.81,163.0,39.52,0.681,53.88,0,47.17,0.69,64.23,23088,48.9,Médio Risco,387
BR-00066,São do Norte,PB,Nordeste,-7.2594,-36.4465,0,143.89,34952.76,28.4,36.77,0.78,47.26,0,62.56,2.69,69.14,142490,26.2,Baixo Risco,804
BR-00067,Santa do Vale,PB,Nordeste,-8.386,-36.2135,0,24.18,21816.47,205.2,55.7,0.558,53.19,0,39.13,3.27,55.54,39298,64.6,Médio Risco,1020
BR-00068,Porto Azul,GO,Centro-Oeste,-15.7981,-51.7592,1,34.16,34017.67,215.5,42.57,0.719,38.28,0,53.74,5.38,64.48,2800906,47.4,Médio Risco,35453
BR-00069,Cruz do Sertão,AC,Norte,-8.8677,-72.7095,2,19.74,45370.1,229.3,27.07,0.773,46.7,0,64.66,3.99,73.58,18208,38.9,Baixo Risco,192
BR-00070,Santa Feliz,MS,Centro-Oeste,-22.3769,-55.7823,1,40.82,26943.97,312.3,57.24,0.604,49.14,0,13.6,4.79,62.46,53445,76.4,Alto Risco,1716
BR-00071,Bela do Amparo,CE,Nordeste,-7.2605,-40.8806,1,25.94,40386.93,178.4,32.09,0.772,43.42,0,52.72,2.32,64.69,12177,37.8,Baixo Risco,117
BR-00072,Serra Verde,MT,Centro-Oeste,-11.8488,-56.3214,5,3.64,27178.42,243.0,42.6,0.712,66.54,0,34.99,19.54,78.05,135280,74.6,Alto Risco,5212
BR-00073,Bela do Vale,RR,Norte,-1.5926,-60.5114,5,16.67,44897.55,206.5,32.47,0.73,53.83,0,39.49,19.94,68.29,64579,57.5,Médio Risco,1403
BR-00074,Rio do Cedro,DF,Centro-Oeste,-15.5424,-48.0965,0,11.27,42961.3,130.4,14.69,0.888,41.22,0,82.47,2.18,77.31,11198,15.8,Baixo Risco,26
BR-00075,Serra das Flores,AL,Nordeste,-10.2893,-36.545,0,19.73,15637.61,236.1,60.88,0.577,56.96,0,28.35,2.53,49.02,25044,74.1,Alto Risco,851
BR-00076,Boa Verde,ES,Sudeste,-17.3585,-42.054,0,11.89,44648.36,63.9,32.14,0.81,46.36,0,75.38,0.33,79.76,206859,18.5,Baixo Risco,660
BR-00077,Santa do Carvão,GO,Centro-Oeste,-16.6709,-50.5063,2,51.74,47062.65,235.2,29.83,0.834,35.89,0,49.52,6.53,75.74,178017,40.4,Médio Risco,1675
BR-00078,Serra do Cedro,PI,Nordeste,-6.7967,-41.9078,2,32.18,44000.93,103.1,31.73,0.825,40.0,0,50.32,3.01,65.61,6355,36.7,Baixo Risco,55
BR-00079,Boa do Norte,PB,Nordeste,-7.8357,-35.8871,1,7.99,40730.57,152.3,46.25,0.771,55.79,0,61.81,7.12,63.68,20796,42.6,Médio Risco,287
BR-00080,Campo do Carvão,RS,Sul,-29.5408,-54.2144,0,17.46,28056.84,67.1,27.83,0.804,38.57,0,53.24,0.47,76.11,362850,22.9,Baixo Risco,1441
BR-00081,Bela da Mata,PI,Nordeste,-6.6884,-42.5037,1,39.72,34232.99,155.4,37.97,0.596,52.85,0,44.25,1.05,45.2,30213,54.0,Médio Risco,586
BR-00082,Nova da Mata,MT,Centro-Oeste,-13.2876,-52.3416,3,66.92,25026.01,202.2,41.68,0.646,46.63,0,40.18,9.42,47.04,46830,69.9,Médio Risco,1258
BR-00083,Monte do Vale,RO,Norte,-9.4348,-63.3646,1,10.87,42025.89,258.0,31.47,0.7,49.42,0,51.77,1.9,72.81,134412,47.3,Médio Risco,2012
BR-00084,Lago Grande,BA,Nordeste,-14.3512,-42.6705,1,6.65,13201.05,196.1,45.52,0.633,51.71,0,35.19,3.06,52.37,7043,70.0,Alto Risco,204
BR-00085,Santa da Serra,AC,Norte,-8.3576,-70.7933,1,214.07,42377.48,216.9,29.57,0.858,45.06,1,61.12,10.29,70.64,11503,43.7,Médio Risco,142
BR-00086,Santa do Sertão,AP,Norte,2.7017,-51.641,0,39.18,49262.49,146.6,22.68,0.894,15.37,0,78.65,1.81,85.42,24844,13.6,Baixo Risco,26
BR-00087,Bela das Flores,RJ,Sudeste,-21.3259,-42.8716,2,31.87,42065.14,142.4,40.63,0.786,43.64,0,71.74,2.17,,167842,39.3,Baixo Risco,1715
BR-00088,Rio Esperança,MG,Sudeste,-15.417,-44.4239,2,8.74,21414.61,206.8,58.85,0.615,54.66,0,,1.08,53.01,133213,72.9,Alto Risco,4279
BR-00089,Cruz Vermelho,BA,Nordeste,-14.0288,-43.7208,4,22.47,21242.92,213.5,69.2,0.512,64.7,0,29.57,8.65,43.47,91556,88.0,Alto Risco,4499
BR-00090,Santo Verde,PA,Norte,-5.7208,-53.8277,1,139.18,27660.81,232.7,37.14,0.701,45.95,0,44.9,8.65,61.85,31290,59.0,Médio Risco,634
BR-00091,Cruz das Flores,BA,Nordeste,-14.3521,-41.9091,1,29.29,28585.42,189.6,34.63,0.691,46.38,0,57.85,1.43,63.05,152812,47.2,Médio Risco,2182
BR-00092,Santo do Sertão,RJ,Sudeste,-21.3254,-42.8914,1,99.51,45212.64,108.1,29.0,0.75,30.18,1,71.83,0.63,79.82,30767,28.2,Baixo Risco,147
BR-00093,Rio Limpo,MS,Centro-Oeste,-19.8129,-55.3327,3,24.34,33034.0,345.7,31.27,0.661,42.49,1,29.59,10.49,57.75,76685,74.6,Alto Risco,2147
BR-00094,Bela do Sertão,MT,Centro-Oeste,-12.4968,-55.6678,1,9.29,39334.87,287.9,32.94,0.772,50.48,1,33.85,21.13,53.42,116430,67.6,Médio Risco,3132
BR-00095,Monte Verde,GO,Centro-Oeste,-17.5521,-49.7746,0,11.84,30967.3,186.7,45.85,0.727,41.44,1,38.79,4.17,64.83,310527,53.6,Médio Risco,5039
BR-00096,Cruz do Carvão,PE,Nordeste,-7.3064,-36.6148,1,7.21,21263.91,176.3,45.36,0.68,49.49,0,45.2,1.72,59.69,34703,56.7,Médio Risco,695
BR-00097,São da Serra,MA,Nordeste,-7.1346,-45.5789,1,25.56,25240.55,181.1,48.53,0.668,56.71,0,39.25,1.42,51.93,23665,61.8,Médio Risco,599
BR-00098,Vale da Serra,AP,Norte,3.0325,-51.2113,10,75.19,40800.06,305.6,38.76,0.675,62.55,0,47.89,28.18,51.99,187934,80.0,Alto Risco,7731
BR-00099,Campo do Vale,AM,Norte,0.5304,-65.8582,0,43.31,57356.71,147.5,18.82,0.901,29.81,0,67.71,1.16,85.37,206864,15.7,Baixo Risco,384
BR-00100,Vila do Sertão,TO,Norte,-9.657,-47.4991,3,17.0,14763.63,268.0,49.48,0.675,47.67,1,58.13,21.88,64.92,18879,78.9,Alto Risco,625
BR-00101,Serra Esperança,SP,Sudeste,-21.3736,-48.264,1,14.59,43685.34,24.3,26.26,0.828,37.55,0,69.22,1.33,78.96,9355,20.5,Baixo Risco,31
BR-00102,Serra do Norte,RJ,Sudeste,-22.94,-41.4479,1,38.17,40369.24,89.7,30.82,0.725,28.78,0,53.65,1.98,80.42,170893,31.1,Baixo Risco,927
BR-00103,Santa da Serra,ES,Sudeste,-21.7243,-39.3412,0,6.74,28936.18,244.0,35.71,0.733,40.76,0,,1.79,66.75,4783,40.0,Médio Risco,48
BR-00104,Bela Feliz,TO,Norte,-11.0138,-47.4758,3,7.26,26323.18,258.3,39.88,0.729,47.75,0,29.48,9.67,59.57,4487,68.4,Médio Risco,118
BR-00105,Santo Limpo,RS,Sul,-31.2301,-53.3378,0,89.99,47464.96,45.1,21.65,0.926,25.21,0,68.12,0.9,90.05,26626,10.9,Baixo Risco,25
BR-00106,Serra Azul,RJ,Sudeste,-24.2758,-42.3171,0,20.32,38588.36,150.6,37.71,0.734,31.97,0,54.33,4.87,69.43,37349,31.2,Baixo Risco,217
BR-00107,Bela Azul,MS,Centro-Oeste,-18.0987,-53.0511,5,16.55,22335.53,222.3,40.62,0.637,56.93,1,49.08,19.43,,8735,80.9,Alto Risco,341
BR-00108,Rio Azul,ES,Sudeste,-18.808,-41.2529,1,24.28,44677.66,118.3,18.72,,42.08,0,41.2,0.9,81.71,43362,25.8,Baixo Risco,221
BR-00109,Bela do Sertão,AP,Norte,1.9416,-52.6498,2,61.59,39947.84,150.2,32.62,0.811,39.75,0,56.11,10.85,68.16,45848,39.7,Baixo Risco,448
BR-00110,Alto Azul,SP,Sudeste,-22.6226,-48.536,0,45.19,46041.24,43.3,11.49,0.909,23.43,0,74.82,1.17,87.38,18025,11.0,Baixo Risco,17
BR-00111,Lago das Flores,MS,Centro-Oeste,-20.752,-53.9586,1,13.15,42710.35,201.5,38.2,0.739,42.47,0,58.92,7.05,78.96,417413,38.3,Baixo Risco,4020
BR-00112,Rio Esperança,CE,Nordeste,-3.8496,-40.6837,1,13.65,29429.13,175.0,29.44,0.776,45.45,0,65.39,6.89,72.87,56230,40.6,Médio Risco,622
BR-00113,Bela das Flores,GO,Centro-Oeste,-16.0253,-49.9647,1,22.52,33897.82,234.3,28.66,0.719,40.47,0,60.98,3.98,67.54,134674,43.0,Médio Risco,1512
BR-00114,Santo do Vale,PB,Nordeste,-6.537,-36.8516,4,28.69,23140.43,211.5,48.96,0.672,56.11,1,40.58,5.31,45.19,5323,77.6,Alto Risco,193
BR-00115,Nova do Vale,BA,Nordeste,-13.2344,-44.8014,0,18.7,32939.59,206.3,66.96,0.66,51.21,0,42.6,3.93,36.64,5266,60.6,Médio Risco,120
BR-00116,Monte Feliz,RR,Norte,1.571,-61.7074,0,19.43,24117.42,290.6,50.59,0.723,52.14,0,41.2,6.98,73.54,58400,57.6,Médio Risco,1244
BR-00117,Alto da Serra,RN,Nordeste,-7.7797,-36.8102,1,22.06,,159.9,49.22,0.672,61.28,0,42.1,3.41,58.94,333892,65.8,Médio Risco,9895
BR-00118,Alto do Norte,RJ,Sudeste,-25.0188,-42.8844,1,32.62,42605.51,70.2,25.59,0.797,42.11,0,72.04,2.11,76.8,9298,24.2,Baixo Risco,43
BR-00119,Santa Esperança,MS,Centro-Oeste,-20.8762,-52.5577,0,12.53,38897.52,232.6,24.15,0.763,51.67,0,53.65,2.7,72.51,39309,37.8,Baixo Risco,424
BR-00120,Serra do Norte,PE,Nordeste,-8.3009,-39.5621,1,76.99,37541.51,142.9,31.7,0.801,47.38,0,53.67,1.34,59.77,7017,32.3,Baixo Risco,55
BR-00121,Cruz do Norte,PB,Nordeste,-9.0806,-37.8745,3,10.16,26785.3,239.3,46.34,0.514,63.82,0,36.88,1.35,41.91,13383,78.2,Alto Risco,539
BR-00122,Lago Feliz,PE,Nordeste,-8.4283,-41.5171,1,41.0,55198.8,77.4,30.48,0.87,27.69,0,74.52,1.31,77.53,41831,17.8,Baixo Risco,91
BR-00123,Bela do Norte,AP,Norte,1.4853,-52.4433,4,2.97,30912.77,294.0,52.2,0.739,36.37,0,,22.8,52.07,17752,67.3,Médio Risco,381
BR-00124,Cruz do Vale,MT,Centro-Oeste,-15.6584,-55.9739,3,25.91,38919.26,231.7,28.49,0.845,26.21,1,83.24,9.52,63.55,6426,42.6,Médio Risco,55
BR-00125,Santo Limpo,AL,Nordeste,-10.9012,-37.534,0,6.7,31938.72,177.6,51.6,0.715,54.01,0,44.8,0.84,43.29,6249,48.2,Médio Risco,103
BR-00126,São das Flores,MG,Sudeste,-17.5298,-42.8293,0,7.55,21901.91,138.3,41.58,0.602,54.5,0,34.23,2.12,61.53,3110,52.8,Médio Risco,59
BR-00127,Serra do Forno,MA,Nordeste,-4.8781,-44.2351,3,168.74,8150.24,233.9,65.08,0.47,77.44,1,28.01,4.06,32.5,59619,93.8,Alto Risco,3725
BR-00128,Monte do Forno,BA,Nordeste,-14.5751,-41.591,1,31.4,29889.87,129.2,51.26,0.753,56.23,0,52.62,4.08,68.15,69354,48.7,Médio Risco,1192
BR-00129,Santa do Cedro,AP,Norte,1.6318,-52.2889,3,76.63,22188.31,286.5,45.74,0.633,45.74,1,49.63,4.76,66.81,68919,75.1,Alto Risco,2050
BR-00130,Campo do Norte,PR,Sul,-23.4586,-50.1133,1,57.25,29437.62,193.8,37.39,0.701,52.97,0,61.6,0.84,64.26,10546,44.6,Médio Risco,151
BR-00131,Campo da Mata,BA,Nordeste,-11.8721,-41.7277,2,48.19,18042.75,185.5,46.06,0.58,56.45,1,17.71,2.76,46.77,115548,81.4,Alto Risco,4532
BR-00132,Rio do Carvão,SE,Nordeste,-10.7034,-38.5956,0,25.27,45308.62,87.8,36.59,0.843,42.12,0,73.81,2.94,77.12,79497,21.1,Baixo Risco,293
BR-00133,Bela Feliz,PB,Nordeste,-7.9352,-39.1227,0,146.77,37780.93,71.7,30.32,0.809,44.92,1,74.49,2.33,70.92,33161,26.8,Baixo Risco,187
BR-00134,Monte Grande,MA,Nordeste,-6.3011,-46.0578,0,70.77,34653.27,122.1,18.6,0.816,46.7,0,64.49,0.93,83.81,27010,22.6,Baixo Risco,119
BR-00135,Cruz da Serra,PR,Sul,-24.2351,-50.4935,0,27.16,26594.34,146.4,31.64,0.722,40.94,0,56.95,8.7,80.75,14598,34.7,Baixo Risco,117
BR-00136,Alto Dourado,AC,Norte,-8.4969,-67.3628,0,36.01,38178.36,243.5,26.34,0.804,48.97,0,52.51,6.24,,41781,34.8,Baixo Risco,380
BR-00137,Cruz do Vale,TO,Norte,-9.2888,-48.2137,2,16.36,21218.62,311.1,53.74,0.739,45.03,0,34.92,10.85,35.81,248093,76.8,Alto Risco,7566
BR-00138,Boa Esperança,MG,Sudeste,-17.9154,-45.4515,2,23.03,24486.55,204.5,47.7,0.687,60.82,0,48.94,1.45,55.6,136260,61.8,Médio Risco,3632
BR-00139,Santa do Forno,RS,Sul,-28.5537,-54.859,0,26.33,34539.02,83.1,31.31,0.762,41.95,0,60.07,4.96,70.4,23855,26.6,Baixo Risco,127
BR-00140,Boa Esperança,AP,Norte,1.5424,-50.9973,1,43.38,41915.79,180.4,35.09,0.744,39.0,0,64.63,10.1,77.38,64426,40.5,Médio Risco,642
BR-00141,Vila Feliz,MG,Sudeste,-17.0014,-46.8505,0,157.96,44162.01,168.7,34.38,0.74,27.53,0,60.42,2.61,58.69,8293,32.0,Baixo Risco,46
BR-00142,Monte da Serra,MG,Sudeste,-16.8808,-43.6095,0,8.27,33117.53,117.6,40.52,0.753,39.26,0,62.63,0.81,58.34,81845,34.7,Baixo Risco,639
BR-00143,Boa Grande,SE,Nordeste,-11.6963,-36.3052,0,72.67,,114.3,41.2,0.669,58.76,0,52.75,5.64,70.82,11631,44.7,Médio Risco,180
BR-00144,Porto do Norte,PB,Nordeste,-9.8114,-36.1092,1,21.43,46625.08,141.7,46.35,0.808,34.18,1,51.19,3.4,72.49,77872,37.8,Baixo Risco,639
BR-00145,Monte do Vale,MG,Sudeste,-15.9391,-44.6875,1,81.88,25518.96,152.7,40.37,0.746,54.59,0,52.76,5.33,50.86,1344241,50.9,Médio Risco,24281
BR-00146,Nova do Vale,ES,Sudeste,-18.8307,-39.5491,0,18.93,35122.81,182.3,31.02,0.786,44.04,0,69.06,2.18,60.61,16115,30.3,Baixo Risco,109
BR-00147,Rio Feliz,MA,Nordeste,-7.8203,-45.2007,5,29.43,22249.38,205.5,46.38,0.609,64.0,0,36.56,2.55,55.53,1268701,78.7,Alto Risco,51715
BR-00148,Lago do Sertão,PA,Norte,-4.7893,-53.5694,4,16.89,16562.4,273.2,50.41,0.579,57.22,0,51.12,7.68,47.87,60675,81.7,Alto Risco,2417
BR-00149,Nova Esperança,MS,Centro-Oeste,-19.4294,-51.9494,0,6.25,48150.92,214.9,10.86,0.91,25.17,0,,34.28,84.76,12874,20.0,Baixo Risco,32
BR-00150,Lago da Mata,AC,Norte,-9.1615,-71.0424,0,159.99,37940.27,167.2,34.95,0.766,41.61,0,55.21,4.32,64.62,12157,35.0,Baixo Risco,100
BR-00151,Lago do Amparo,RO,Norte,-11.5469,-62.2539,1,9.79,35854.56,285.5,27.69,0.66,57.13,1,43.98,2.83,53.54,631716,64.7,Médio Risco,17308
BR-00152,Rio Esperança,SP,Sudeste,-20.2288,-52.1761,0,29.78,30760.43,115.6,35.53,0.782,45.79,0,66.56,1.52,80.12,60854,26.8,Baixo Risco,348
BR-00153,Santa Verde,AM,Norte,-4.9362,-63.3129,0,13.81,52129.85,150.1,7.05,0.947,26.1,0,87.64,3.29,91.67,16193,9.6,Baixo Risco,13
BR-00154,Santo Vermelho,PB,Nordeste,-8.3974,-34.6637,2,8.58,50998.55,108.6,22.95,0.746,50.7,0,62.26,4.87,76.82,25481,36.6,Baixo Risco,258
BR-00155,Lago do Amparo,AM,Norte,-3.1741,-65.0582,1,18.64,39565.48,239.0,47.66,0.653,57.94,0,55.54,2.67,57.35,56301,60.9,Médio Risco,1415
BR-00156,São do Amparo,PI,Nordeste,-7.1734,-41.9477,0,12.57,35352.84,148.3,58.15,0.676,55.76,0,59.58,1.52,70.98,32503,44.1,Médio Risco,474
BR-00157,Campo do Vale,ES,Sudeste,-18.4951,-39.5581,0,8.37,30127.8,128.3,28.95,0.776,45.21,0,53.02,2.42,73.46,50634,30.0,Baixo Risco,344
BR-00158,Cruz do Carvão,PI,Nordeste,-6.4443,-43.6299,0,23.65,34294.88,124.7,39.53,0.692,52.07,0,49.65,6.2,72.51,301647,43.5,Médio Risco,4097
BR-00159,Cruz Grande,RN,Nordeste,-5.532,-35.824,2,5.35,27943.24,237.0,38.2,0.664,53.98,1,53.04,4.11,58.35,8023,64.8,Médio Risco,212
BR-00160,Bela Vermelho,RS,Sul,-29.0149,-54.3321,0,36.91,45344.19,86.6,20.22,0.855,19.8,0,55.37,6.51,79.31,73555,16.7,Baixo Risco,121
BR-00161,Vila do Vale,AM,Norte,-3.8329,-65.9523,0,29.53,,218.0,19.58,0.825,36.59,0,65.46,7.61,83.29,29998,25.1,Baixo Risco,133
BR-00162,Campo Verde,SP,Sudeste,-22.1022,-47.2123,0,1.91,20389.33,210.9,49.26,0.699,48.92,0,64.01,2.03,56.88,17609,47.1,Médio Risco,260
BR-00163,São Grande,DF,Centro-Oeste,-15.6795,-46.4955,4,15.39,32739.25,241.4,34.45,0.696,41.04,1,46.93,14.11,66.76,125520,68.7,Médio Risco,3010
BR-00164,Nova do Sertão,AL,Nordeste,-9.3189,-37.8089,2,38.12,34541.97,160.8,55.32,0.652,46.7,0,54.82,0.77,59.05,5288,55.2,Médio Risco,97
BR-00165,Monte Esperança,PB,Nordeste,-6.1984,-37.747,2,8.3,32710.18,170.7,43.89,0.729,36.84,1,52.26,0.58,66.34,1706,52.5,Médio Risco,25
BR-00166,Santo das Flores,MA,Nordeste,-4.6428,-46.3438,0,52.32,44377.45,130.9,21.35,0.822,24.01,0,59.58,4.01,67.8,43507,20.0,Baixo Risco,105
BR-00167,Alto Verde,RR,Norte,2.1119,-60.3743,0,48.96,43974.33,191.9,24.54,0.851,44.83,0,63.69,7.14,81.7,27647,28.7,Baixo Risco,174
BR-00168,Nova do Amparo,RO,Norte,-11.9628,-64.74,2,10.4,40766.85,153.3,27.16,,43.49,1,72.42,14.16,74.82,6057,48.9,Médio Risco,88
BR-00169,Cruz do Norte,GO,Centro-Oeste,-15.8853,-49.3606,1,22.74,32081.83,189.1,48.51,0.657,32.67,0,50.29,3.97,59.89,3873,49.4,Médio Risco,47
BR-00170,Boa da Serra,SE,Nordeste,-10.6092,-36.4044,2,58.35,32453.33,204.5,28.34,0.776,41.14,0,,6.07,69.81,367064,43.7,Médio Risco,4275
BR-00171,Vale do Cedro,GO,Centro-Oeste,-15.7095,-49.9835,4,7.78,21109.9,202.3,46.69,0.544,64.47,0,49.08,15.93,48.12,58616,82.2,Alto Risco,2576
BR-00172,Campo do Sertão,PA,Norte,-0.7009,-51.0659,0,20.4,41709.9,242.5,35.68,0.764,44.05,0,47.04,7.15,60.95,33677,42.5,Médio Risco,393
BR-00173,Bela do Forno,ES,Sudeste,-19.9233,-40.766,1,96.37,41914.32,108.2,32.97,0.848,46.51,0,50.22,2.22,79.45,510965,30.6,Baixo Risco,3654
BR-00174,Vale Limpo,SE,Nordeste,-9.9788,-37.7494,0,14.3,45611.76,102.0,30.98,0.874,40.95,0,80.66,2.28,84.86,117898,15.5,Baixo Risco,261
BR-00175,Lago Feliz,BA,Nordeste,-11.4642,-43.0681,1,35.01,28272.72,140.8,54.11,0.644,41.74,0,44.5,1.23,55.72,300017,54.2,Médio Risco,4979
BR-00176,Monte da Serra,AL,Nordeste,-9.4828,-35.396,0,8.61,32351.96,165.8,41.84,0.696,44.56,0,58.23,1.61,62.04,7518,40.7,Médio Risco,82
BR-00177,Serra do Forno,MS,Centro-Oeste,-17.237,-55.6131,1,22.79,33559.76,229.8,35.27,0.74,40.13,0,46.12,9.05,67.7,7174,48.0,Médio Risco,96
BR-00178,Santo do Forno,TO,Norte,-10.6993,-47.8103,5,43.03,,313.6,39.06,0.714,32.37,2,57.91,4.83,,71065,67.9,Médio Risco,1440
BR-00179,Lago Feliz,SP,Sudeste,-21.7363,-48.8898,0,2.0,25275.64,185.1,38.9,0.634,41.02,0,33.45,0.75,70.0,55167,43.6,Médio Risco,639
BR-00180,Serra do Sertão,RN,Nordeste,-6.9283,-38.0639,4,17.76,40209.8,164.9,18.14,0.822,32.42,1,59.89,2.39,77.53,156698,39.6,Baixo Risco,1342
BR-00181,Monte Limpo,SC,Sul,-27.9421,-51.8027,0,47.29,37626.58,62.2,31.02,0.829,32.93,0,54.27,3.64,,4279,19.3,Baixo Risco,12
BR-00182,Rio do Cedro,SP,Sudeste,-21.8415,-46.854,1,29.84,31373.49,201.7,35.92,0.662,50.15,0,39.12,5.41,56.49,79181,59.6,Médio Risco,1733
BR-00183,Vale do Vale,PA,Norte,-2.6052,-52.1977,12,8.98,14818.28,344.5,65.43,0.533,74.41,1,21.23,16.95,45.13,113163,95.5,Alto Risco,7053
BR-00184,São do Carvão,GO,Centro-Oeste,-15.5333,-51.2728,4,7.8,29315.98,257.6,43.24,0.71,52.22,0,,14.84,58.18,105896,74.6,Alto Risco,3416
BR-00185,Alto das Flores,RS,Sul,-27.9372,-52.7725,0,72.89,41308.28,77.8,17.57,0.956,32.9,0,61.55,3.39,83.42,19764,14.3,Baixo Risco,33
BR-00186,Alto Azul,PI,Nordeste,-7.853,-42.9346,0,23.23,46243.54,166.2,31.87,0.843,33.84,0,69.22,1.92,83.59,62835,20.4,Baixo Risco,191
BR-00187,Lago da Mata,MT,Centro-Oeste,-13.105,-50.5843,3,41.13,31491.49,254.7,46.87,0.736,52.33,0,,1.4,65.8,12462,60.3,Médio Risco,286
BR-00188,São Azul,AP,Norte,4.5,-51.3708,1,56.39,46029.2,122.1,17.7,0.917,26.97,0,61.89,13.03,70.04,22784,20.9,Baixo Risco,63
BR-00189,Rio do Cedro,RN,Nordeste,-5.2581,-37.1229,0,16.9,39070.3,123.6,33.79,0.776,40.71,0,57.27,1.03,67.23,8922,27.1,Baixo Risco,48
BR-00190,Campo do Vale,ES,Sudeste,-20.1973,-38.352,0,96.72,37614.19,128.7,25.23,0.791,47.67,0,55.88,0.71,80.66,12729,23.2,Baixo Risco,59
BR-00191,Nova Grande,SE,Nordeste,-11.542,-40.0275,2,13.71,37839.98,173.2,36.13,0.712,30.07,0,55.68,0.92,62.8,24314,42.3,Médio Risco,221
BR-00192,Vila do Vale,DF,Centro-Oeste,-17.1498,-47.728,1,95.12,38690.72,153.5,30.5,0.778,26.91,0,,47.56,74.05,17789,34.5,Baixo Risco,110
BR-00193,Bela do Forno,AM,Norte,-2.1588,-62.3078,5,86.43,18154.21,270.4,59.34,0.676,52.18,1,42.46,11.16,48.72,12727,83.8,Alto Risco,494
BR-00194,Campo das Flores,RR,Norte,1.5399,-61.5627,1,52.96,21246.15,258.2,56.25,0.609,56.79,0,33.44,4.08,30.44,6474,78.1,Alto Risco,239
BR-00195,São Grande,BA,Nordeste,-12.7817,-44.1266,2,24.03,36752.04,143.3,34.63,0.8,30.16,0,79.73,1.14,65.86,381311,32.6,Baixo Risco,2291
BR-00196,Serra Vermelho,BA,Nordeste,-13.0489,-42.2543,1,261.82,21803.34,167.7,45.59,0.65,47.03,0,32.58,2.6,57.39,17576,60.5,Médio Risco,377
BR-00197,Alto do Forno,PR,Sul,-23.8659,-49.5137,0,29.72,30072.78,142.2,44.38,0.721,38.77,0,52.62,3.35,44.0,49635,43.2,Médio Risco,546
BR-00198,Vila Esperança,SC,Sul,-28.6354,-50.4235,0,31.94,,136.4,43.72,0.695,52.2,0,56.74,2.76,59.8,3646,42.6,Médio Risco,48
BR-00199,Campo do Cedro,CE,Nordeste,-6.7058,-40.7044,1,23.33,28484.97,218.8,46.46,0.738,56.58,0,38.45,1.09,49.65,179344,57.2,Médio Risco,4006
BR-00200,Santa Dourado,GO,Centro-Oeste,-15.666,-50.8193,0,10.63,35075.85,195.4,26.18,0.846,46.12,0,49.13,7.56,77.78,40496,31.7,Baixo Risco,305
BR-00201,Porto Limpo,RS,Sul,-28.8587,-53.9836,0,144.47,58440.34,108.5,21.37,0.875,15.8,0,67.47,0.93,,18867,11.7,Baixo Risco,16
BR-00202,Campo das Flores,TO,Norte,-9.7045,-47.7943,12,9.91,16899.23,408.1,65.61,0.564,51.31,0,38.37,22.65,46.02,19074,93.1,Alto Risco,866
BR-00203,Lago do Sertão,PA,Norte,-4.9232,-50.6065,5,51.48,20971.59,277.3,51.47,0.575,44.32,0,36.39,9.03,54.71,97418,79.3,Alto Risco,3094
BR-00204,Lago do Sertão,BA,Nordeste,-12.0115,-40.2266,1,61.01,16055.01,262.3,52.78,0.608,66.32,1,33.81,1.5,57.77,1200,79.0,Alto Risco,51
BR-00205,Santa do Carvão,AC,Norte,-9.8114,-69.9116,2,57.93,46647.83,164.3,32.24,0.811,39.13,0,69.77,10.49,77.72,11728,36.4,Baixo Risco,99
BR-00206,Vale Dourado,DF,Centro-Oeste,-16.5602,-49.7243,3,16.67,38382.17,222.8,18.82,0.819,34.69,0,56.85,7.89,78.6,28315,35.0,Baixo Risco,207
BR-00207,São Feliz,AM,Norte,-4.7915,-66.9591,0,16.51,30469.79,222.7,38.94,0.743,50.81,0,44.96,5.33,68.24,27910,48.2,Médio Risco,439
BR-00208,Vale do Forno,PI,Nordeste,-5.8984,-41.9834,0,1.66,28581.89,162.2,40.79,0.665,47.1,0,34.2,4.07,67.13,752864,53.7,Médio Risco,13356
BR-00209,Serra Limpo,AM,Norte,-2.5832,-66.9837,2,21.26,28344.1,264.1,31.33,0.724,40.18,0,50.07,12.61,65.2,21547,57.3,Médio Risco,381
BR-00210,Campo Vermelho,PA,Norte,-2.943,-52.7958,4,64.77,33603.05,230.7,36.47,0.858,43.47,1,59.17,17.0,72.13,113299,55.8,Médio Risco,2024
BR-00211,Vila do Forno,PI,Nordeste,-5.9739,-42.3042,1,20.74,31890.02,101.6,30.93,0.778,42.71,0,59.24,3.75,65.65,316340,36.2,Baixo Risco,2794
BR-00212,Bela Verde,PB,Nordeste,-3.3423,-38.3126,2,16.2,39458.96,94.6,28.3,0.783,31.18,0,47.15,1.64,79.88,75983,33.2,Baixo Risco,479
BR-00213,Monte do Norte,CE,Nordeste,-7.5929,-40.964,1,11.48,13963.05,273.7,63.42,0.478,70.23,0,23.32,0.85,38.69,14154,86.6,Alto Risco,721
BR-00214,São Limpo,RO,Norte,-11.8637,-63.4718,2,81.17,27374.47,230.9,41.59,0.655,44.72,0,36.08,8.79,72.2,6597,65.0,Médio Risco,153
BR-00215,Cruz do Amparo,RJ,Sudeste,-23.1126,-41.9549,1,37.47,51625.33,15.5,13.1,0.896,28.51,1,70.67,2.0,,83431,14.7,Baixo Risco,136
BR-00216,Vila do Vale,RN,Nordeste,-7.0011,-35.1039,2,215.58,49722.58,94.4,23.33,0.819,32.84,0,77.94,1.81,90.64,256859,20.3,Baixo Risco,761
BR-00217,Vale Verde,AM,Norte,-4.9786,-64.2501,0,10.61,12577.28,289.4,54.13,0.574,64.35,0,,0.83,54.21,65020,76.9,Alto Risco,2564
BR-00218,Campo Dourado,AM,Norte,-3.8895,-64.9969,5,30.55,32146.84,245.8,37.57,0.7,48.36,0,36.36,12.81,57.87,153554,67.5,Médio Risco,4000
BR-00219,Boa do Forno,SE,Nordeste,-12.2732,-38.4947,0,14.11,22336.9,202.4,42.03,0.657,45.72,0,36.34,1.19,,838973,46.3,Médio Risco,11504
BR-00220,Lago Vermelho,MT,Centro-Oeste,-12.1709,-56.9193,4,240.9,35605.29,214.3,35.78,0.816,40.39,1,44.73,10.87,70.68,93594,58.4,Médio Risco,1713
BR-00221,Nova Azul,GO,Centro-Oeste,-15.9076,-50.5752,5,30.14,34482.95,207.9,26.37,0.678,48.3,0,38.21,28.46,66.1,8302,65.7,Médio Risco,207
BR-00222,Bela Azul,MG,Sudeste,-17.4266,-43.8061,2,170.09,,184.0,49.24,,58.51,2,44.82,2.15,51.38,35025,78.8,Alto Risco,1339
BR-00223,Vale da Serra,PI,Nordeste,-7.0092,-42.2587,4,15.78,25133.39,196.7,38.65,0.697,55.03,1,34.47,3.24,62.55,182183,74.2,Alto Risco,6049
BR-00224,Porto Azul,SE,Nordeste,-9.7258,-40.3899,2,78.3,23365.21,214.4,62.23,0.551,57.94,1,32.67,3.11,52.45,24077,81.5,Alto Risco,964
BR-00225,Porto do Forno,GO,Centro-Oeste,-16.5028,-50.9599,1,22.42,27995.13,267.8,42.6,0.688,60.28,0,38.19,13.46,57.59,215805,69.2,Médio Risco,6849
BR-00226,Nova do Vale,SE,Nordeste,-7.6004,-35.7637,0,62.49,26540.7,87.7,32.18,0.76,30.72,0,48.77,2.25,61.67,30222,30.2,Baixo Risco,162
BR-00227,Monte Dourado,AC,Norte,-8.4418,-70.4391,2,9.13,34372.03,192.8,27.58,0.751,36.42,0,62.34,4.08,68.82,49908,41.7,Médio Risco,499
BR-00228,Rio Dourado,PB,Nordeste,-9.8875,-38.7038,1,26.15,23164.21,229.0,61.78,0.607,56.88,1,25.63,1.37,51.96,21196,77.4,Alto Risco,771
BR-00229,Porto Vermelho,PE,Nordeste,-9.7833,-34.5619,1,8.06,28806.33,99.8,44.7,0.711,58.9,1,53.85,8.31,64.68,40112,57.9,Médio Risco,941
BR-00230,Serra da Mata,AP,Norte,-1.0267,-51.8105,3,42.16,51489.16,145.7,18.26,0.825,33.92,0,56.74,8.39,74.31,42854,30.3,Baixo Risco,246
BR-00231,Rio Verde,AM,Norte,-3.4457,-64.5619,3,4.41,26883.99,229.9,47.89,0.586,59.45,0,34.98,17.04,65.59,4400,79.3,Alto Risco,172
BR-00232,Monte do Carvão,MT,Centro-Oeste,-12.8105,-54.8607,3,21.22,31459.11,277.8,48.36,0.751,36.71,0,41.41,10.7,,18921,58.8,Médio Risco,329
BR-00233,Cruz Limpo,TO,Norte,-10.8258,-48.8146,2,71.2,25721.26,179.1,34.75,0.661,45.71,0,53.22,16.68,58.63,7034,61.2,Médio Risco,151
BR-00234,Boa Dourado,PR,Sul,-22.0747,-52.5686,0,68.41,54537.2,61.6,14.69,0.934,21.0,0,77.78,0.74,83.82,19754,8.9,Baixo Risco,12
BR-00235,Santa Feliz,SE,Nordeste,-9.8014,-34.4797,0,7.52,27861.38,174.8,37.6,0.739,62.09,0,27.57,2.3,65.57,12162,50.1,Médio Risco,235
BR-00236,Vale Dourado,RO,Norte,-9.8135,-61.9355,2,3.54,37057.24,254.0,40.02,0.716,43.8,0,48.93,11.52,60.32,116399,56.2,Médio Risco,2114
BR-00237,Alto Esperança,MG,Sudeste,-19.4035,-43.2293,2,44.29,38127.2,125.8,51.59,0.81,43.5,0,37.62,5.85,78.12,118096,43.9,Médio Risco,1438
BR-00238,Serra Dourado,RS,Sul,-31.0988,-52.3932,0,115.99,26808.92,177.7,39.35,0.719,48.95,0,44.06,19.5,70.03,66195,49.0,Médio Risco,1042
BR-00239,Alto do Carvão,AC,Norte,-8.7185,-71.9546,1,9.77,37917.69,267.7,40.79,0.709,33.98,0,49.77,9.97,66.99,6737,54.2,Médio Risco,98
BR-00240,Monte da Serra,AM,Norte,-3.2278,-63.3115,2,195.28,42338.49,240.8,36.98,,44.19,1,44.21,4.48,68.12,29066,57.8,Médio Risco,555
BR-00241,Lago do Carvão,RO,Norte,-13.4288,-64.5204,1,23.62,29683.52,167.9,45.19,0.676,51.06,0,51.45,2.94,68.7,6100,54.8,Médio Risco,118
BR-00242,Vale da Serra,RO,Norte,-11.0824,-62.9434,1,3.99,40790.34,251.7,38.09,,41.56,0,62.27,3.22,72.19,27334,41.5,Médio Risco,295
BR-00243,Campo do Norte,DF,Centro-Oeste,-15.8103,-50.1551,0,7.33,44684.48,183.5,18.23,0.813,16.05,0,59.54,3.01,85.32,73812,18.4,Baixo Risco,129
BR-00244,Santa do Sertão,PA,Norte,-4.0912,-55.3372,0,41.35,22156.46,288.4,53.1,0.571,53.3,0,28.64,0.9,56.09,113565,72.2,Alto Risco,3528
BR-00245,Lago da Mata,PR,Sul,-26.0287,-51.1044,0,34.28,33129.93,49.7,24.18,,45.48,0,58.66,1.11,78.4,59341,21.1,Baixo Risco,231
BR-00246,Nova do Forno,SC,Sul,-28.2053,-52.0827,0,174.2,52077.35,54.0,8.29,0.924,31.04,0,58.99,2.69,83.43,158433,12.2,Baixo Risco,201
BR-00247,Santa do Cedro,PR,Sul,-25.1376,-54.3348,2,7.66,33759.04,122.4,44.76,0.666,53.99,0,46.02,2.32,61.57,45465,50.4,Médio Risco,802
BR-00248,Bela do Forno,MT,Centro-Oeste,-12.5129,-54.6631,3,25.86,38338.42,210.6,40.5,0.701,42.76,0,57.33,6.4,59.18,24540,55.4,Médio Risco,429
BR-00249,Porto do Sertão,MT,Centro-Oeste,-11.7933,-52.4519,4,21.79,17878.32,260.3,32.49,0.63,61.11,0,28.61,2.26,53.22,97937,77.8,Alto Risco,3787
BR-00250,Boa Vermelho,MS,Centro-Oeste,-18.9968,-52.5946,4,22.27,32616.87,212.0,48.52,0.775,44.67,0,,16.64,56.58,102037,66.2,Médio Risco,2440
BR-00251,Santa do Forno,PE,Nordeste,-8.7921,-38.2202,2,12.85,,196.4,49.49,0.588,69.11,1,29.75,4.2,55.82,17065,78.8,Alto Risco,739
BR-00252,Bela Vermelho,SC,Sul,-28.0886,-50.9376,0,27.53,50871.14,90.3,13.68,0.871,26.94,0,90.93,1.5,91.3,52772,9.3,Baixo Risco,40
BR-00253,São Dourado,MS,Centro-Oeste,-19.8973,-53.2972,2,26.99,,264.8,54.38,0.681,35.88,0,39.68,1.37,51.15,22745,67.6,Médio Risco,488
BR-00254,Lago Verde,DF,Centro-Oeste,-14.9748,-46.289,2,51.34,46150.59,135.5,16.53,0.861,34.63,0,66.42,3.52,85.05,2668,22.7,Baixo Risco,10
BR-00255,Nova Limpo,DF,Centro-Oeste,-16.4379,-48.341,1,36.54,33528.64,189.0,31.69,0.816,37.7,0,46.7,9.36,70.68,56962,40.2,Médio Risco,549
BR-00256,Porto Azul,RN,Nordeste,-4.7034,-36.5422,3,79.67,21787.02,149.7,34.48,0.699,45.45,0,47.2,2.25,64.39,6515,54.3,Médio Risco,115
BR-00257,Vila do Forno,RO,Norte,-9.4586,-62.9191,2,9.07,37576.51,190.1,19.67,0.792,28.11,0,61.49,7.34,67.48,49527,35.9,Baixo Risco,333
BR-00258,Bela do Norte,AP,Norte,3.2184,-50.9946,2,5.31,38923.22,204.1,24.51,0.849,46.49,0,54.91,10.25,69.41,4822,39.3,Baixo Risco,51
BR-00259,Alto do Cedro,AL,Nordeste,-7.1304,-37.0063,0,74.51,36610.98,104.7,37.59,0.715,39.33,0,62.23,2.35,72.97,13365,34.7,Baixo Risco,105
BR-00260,Serra das Flores,PR,Sul,-26.103,-51.7181,0,13.08,41323.73,148.1,25.59,0.798,44.76,0,67.02,2.92,69.84,19111,27.5,Baixo Risco,112
BR-00261,Santo do Carvão,BA,Nordeste,-12.9405,-39.7682,0,14.93,24788.3,203.9,43.66,0.676,48.8,1,50.24,1.26,56.95,147584,60.0,Médio Risco,3204
BR-00262,Santa Esperança,RO,Norte,-10.8142,-61.6467,0,13.19,29471.39,145.9,40.94,0.669,40.77,0,45.16,2.82,61.83,16867,42.3,Médio Risco,185
BR-00263,Nova Vermelho,GO,Centro-Oeste,-16.1173,-49.1916,3,11.39,26269.62,269.7,36.38,0.617,61.73,0,43.94,12.18,56.89,8572,71.4,Alto Risco,291
BR-00264,Santo das Flores,BA,Nordeste,-13.869,-39.2932,1,6.26,33321.31,177.9,38.24,0.779,42.52,0,51.34,3.59,71.03,51815,42.4,Médio Risco,588
BR-00265,Campo do Cedro,SP,Sudeste,-24.2698,-49.331,0,14.36,28212.55,166.8,39.53,0.744,45.03,1,63.41,3.31,77.48,25054,46.5,Médio Risco,342
BR-00266,Cruz Verde,BA,Nordeste,-12.8302,-39.4278,1,57.07,40669.58,106.6,41.93,0.749,29.79,0,59.51,2.13,63.27,88274,34.1,Baixo Risco,566
BR-00267,Campo Esperança,ES,Sudeste,-20.2657,-39.5805,1,26.36,40602.88,142.7,36.41,0.721,40.53,0,52.49,1.63,74.55,9276,39.4,Baixo Risco,91
BR-00268,Bela Azul,BA,Nordeste,-12.8396,-37.1206,1,38.15,30103.27,178.8,38.02,0.653,52.54,0,41.22,2.8,43.76,42769,56.8,Médio Risco,896
BR-00269,Vila Verde,AM,Norte,-4.5817,-66.7695,1,18.08,37020.14,228.8,30.0,0.853,29.84,0,53.61,8.64,84.01,719965,32.6,Baixo Risco,4299
BR-00270,Porto do Carvão,AC,Norte,-10.3095,-71.5151,2,65.96,35079.91,173.2,33.85,0.779,39.53,0,55.07,9.87,54.63,24365,46.1,Médio Risco,301
BR-00271,Lago das Flores,AL,Nordeste,-9.292,-36.2337,1,14.83,,137.9,42.72,0.698,43.76,0,56.17,18.01,81.85,41499,55.3,Médio Risco,734
BR-00272,Rio Feliz,BA,Nordeste,-12.7487,-41.1439,2,2.77,28392.01,231.7,44.31,0.701,50.38,0,38.73,1.14,58.16,4120,64.1,Médio Risco,102
BR-00273,Vale da Serra,AL,Nordeste,-8.809,-34.0898,0,41.73,,118.2,21.49,0.753,48.29,0,60.61,24.89,84.5,11314,26.8,Baixo Risco,67
BR-00274,Porto Feliz,PR,Sul,-21.8298,-52.4857,2,56.36,30114.11,200.6,27.16,0.714,42.12,0,53.48,0.78,,58375,44.7,Médio Risco,716
BR-00275,Nova do Norte,PI,Nordeste,-7.3318,-41.4631,2,13.35,26276.4,274.3,44.53,0.694,44.13,0,49.27,3.18,58.99,21756,60.7,Médio Risco,449
BR-00276,Bela Azul,MT,Centro-Oeste,-11.9609,-53.7926,5,74.42,26299.54,240.7,53.38,,69.87,1,28.62,3.08,57.47,70830,81.4,Alto Risco,3257
BR-00277,Rio Esperança,GO,Centro-Oeste,-17.4886,-48.8735,2,11.99,42705.64,171.1,33.71,0.764,38.22,0,47.1,8.53,65.57,55892,46.2,Médio Risco,678
BR-00278,Serra da Mata,PA,Norte,-5.5917,-53.8254,4,41.98,31965.44,257.4,52.29,0.664,51.16,0,29.45,18.25,63.26,6326,78.4,Alto Risco,218
BR-00279,Rio da Serra,SC,Sul,-25.234,-48.9791,0,226.51,47439.37,102.9,21.24,0.914,24.42,0,73.18,1.56,85.92,116907,13.4,Baixo Risco,151
BR-00280,São Verde,RR,Norte,0.7571,-59.6789,4,26.87,31777.49,272.5,39.09,0.728,42.69,0,43.21,15.53,61.58,6951,65.8,Médio Risco,160
BR-00281,Cruz Dourado,AL,Nordeste,-11.0815,-35.9806,1,19.86,30272.7,236.4,34.66,0.707,46.81,0,44.86,1.58,69.09,12630,51.3,Médio Risco,207
BR-00282,Santa do Forno,BA,Nordeste,-13.0147,-41.4139,1,20.04,32098.93,178.0,46.63,0.656,57.39,0,32.88,0.47,53.35,43777,62.7,Médio Risco,1145
BR-00283,Nova da Mata,DF,Centro-Oeste,-15.9563,-47.5434,0,127.97,33802.05,252.4,46.37,0.729,48.75,0,,12.08,63.44,232997,47.3,Médio Risco,3455
BR-00284,Vale Dourado,DF,Centro-Oeste,-17.0935,-47.9702,1,39.47,35598.64,200.5,39.71,0.756,51.4,0,42.13,7.2,69.0,9369,52.9,Médio Risco,172
BR-00285,Santa do Vale,PB,Nordeste,-7.707,-35.8229,1,201.96,33260.6,79.5,46.76,0.703,55.73,0,53.53,1.58,58.21,39522,44.7,Médio Risco,589
BR-00286,Vale Esperança,MT,Centro-Oeste,-10.9189,-55.3764,3,36.16,33652.64,216.9,31.86,0.715,43.83,0,58.39,4.91,66.64,39936,53.9,Médio Risco,679
BR-00287,Alto do Forno,AL,Nordeste,-10.7484,-38.0079,0,13.43,41060.63,109.3,36.44,0.697,47.39,0,52.52,2.98,77.91,74735,32.9,Baixo Risco,608
BR-00288,Santo das Flores,MA,Nordeste,-7.3711,-46.908,0,11.3,24078.3,220.8,49.74,0.645,62.67,0,36.08,1.37,53.37,144356,60.7,Médio Risco,3823
BR-00289,Santa do Vale,PA,Norte,-2.4704,-53.5329,1,28.83,31987.73,154.2,34.79,0.804,34.95,0,35.29,9.28,67.11,19829,44.6,Médio Risco,215
BR-00290,Santo do Forno,AP,Norte,2.0992,-51.459,0,4.66,46823.46,138.2,27.35,0.875,48.52,0,63.75,14.14,82.65,116403,24.9,Baixo Risco,616
BR-00291,Bela Dourado,RR,Norte,1.1813,-61.4377,2,20.66,50919.26,188.8,10.31,0.823,30.65,0,57.12,30.24,83.15,173321,30.6,Baixo Risco,950
BR-00292,Rio do Vale,AL,Nordeste,-11.835,-36.5185,1,14.22,26080.55,191.6,45.44,0.68,48.34,0,46.04,7.45,52.58,305575,59.3,Médio Risco,6468
BR-00293,Santa Esperança,SE,Nordeste,-11.6125,-36.7489,1,31.33,37036.76,157.4,39.64,0.673,38.23,0,54.36,2.55,67.78,61538,46.7,Médio Risco,760
BR-00294,Serra da Serra,AP,Norte,1.3334,-52.6482,0,261.85,46777.37,220.2,9.67,0.935,20.82,0,73.15,6.47,88.02,40006,17.1,Baixo Risco,70
BR-00295,Porto do Amparo,RR,Norte,3.6819,-59.3481,0,29.35,33466.47,270.0,37.83,0.769,48.52,0,66.25,4.89,58.36,18156,45.6,Médio Risco,253
BR-00296,Alto das Flores,SP,Sudeste,-23.6412,-49.1648,1,4.0,39953.25,114.2,30.26,0.733,58.24,0,48.99,1.42,82.66,5304,37.9,Baixo Risco,63
BR-00297,Serra do Carvão,TO,Norte,-10.2883,-48.9068,6,10.71,31262.18,279.4,33.76,0.74,39.4,1,47.37,13.98,79.08,23215,65.1,Médio Risco,497
BR-00298,Bela Verde,RO,Norte,-9.8848,-62.6647,2,37.81,43320.42,267.6,42.48,0.764,42.22,0,66.55,5.07,67.61,37814,50.7,Médio Risco,568
BR-00299,Vila do Cedro,RS,Sul,-33.0338,-55.7711,2,29.91,38247.26,134.6,40.88,0.801,44.05,0,55.4,2.76,62.04,28656,41.8,Médio Risco,325
BR-00300,Bela do Cedro,PE,Nordeste,-6.9327,-38.9667,0,132.38,30283.11,149.3,40.58,0.729,51.35,0,49.44,0.99,69.26,69366,41.3,Médio Risco,859
BR-00301,Porto da Mata,RS,Sul,-31.3554,-51.8265,0,92.66,47157.27,84.5,23.2,0.871,47.02,0,83.94,4.97,73.34,5336,16.0,Baixo Risco,14
BR-00302,Santo do Forno,AM,Norte,-3.0052,-67.5324,3,53.69,23201.42,246.8,47.12,0.67,63.7,0,46.26,6.5,66.61,26174,73.4,Alto Risco,951
BR-00303,Alto Vermelho,PA,Norte,-3.4446,-50.9154,3,17.62,,243.7,58.36,0.637,50.0,1,41.04,19.54,55.47,397703,82.2,Alto Risco,14532
BR-00304,Vale do Carvão,PA,Norte,-2.2716,-50.3644,4,53.89,28477.08,348.6,61.63,0.587,63.66,1,26.48,5.48,60.01,114062,87.4,Alto Risco,5477
BR-00305,Bela do Amparo,RR,Norte,2.8213,-61.9172,3,9.14,26427.32,273.5,40.67,0.682,55.12,1,55.85,4.39,54.14,70986,72.9,Alto Risco,2294
BR-00306,Porto Esperança,MG,Sudeste,-21.4282,-43.9715,1,55.29,28248.46,171.7,40.17,0.591,53.28,0,42.48,7.38,55.83,53549,61.5,Médio Risco,1287
BR-00307,Vila do Vale,MT,Centro-Oeste,-13.7387,-53.8533,1,18.36,31908.8,209.0,44.15,,39.54,0,48.4,4.55,73.05,20810,50.4,Médio Risco,297
BR-00308,Bela da Serra,PE,Nordeste,-8.1865,-38.5135,2,5.57,30786.2,140.3,41.83,0.695,42.74,0,52.9,0.66,60.55,3668,46.4,Médio Risco,48
BR-00309,Cruz do Vale,ES,Sudeste,-19.463,-39.1251,0,45.18,31991.62,150.8,30.87,0.723,54.22,1,57.35,0.96,67.33,58187,40.2,Médio Risco,717
BR-00310,Bela do Forno,AM,Norte,-2.8013,-66.0396,6,106.05,30577.35,258.7,39.44,0.74,52.89,3,56.87,14.02,75.57,1540,74.2,Alto Risco,50
BR-00311,Bela Grande,MG,Sudeste,-16.9949,-45.0486,2,12.62,22958.05,181.6,52.38,0.612,56.26,0,43.34,5.1,47.49,21874,72.5,Alto Risco,711
BR-00312,São das Flores,MT,Centro-Oeste,-11.7882,-56.5391,1,115.24,29987.28,274.7,44.38,0.751,49.4,0,51.8,4.1,54.91,32710,59.9,Médio Risco,714
BR-00313,São do Carvão,DF,Centro-Oeste,-16.13,-47.3803,0,7.38,,156.0,19.06,0.86,36.29,0,76.67,3.1,77.47,18789,19.1,Baixo Risco,54
BR-00314,Serra do Norte,MA,Nordeste,-8.0049,-43.8188,0,6.57,32141.92,189.0,43.04,0.649,40.0,1,35.85,4.24,62.52,495949,54.9,Médio Risco,8170
BR-00315,Santo do Carvão,MA,Nordeste,-6.0577,-45.6978,4,18.38,26657.55,224.3,51.64,0.675,49.71,0,57.62,7.23,60.05,321396,69.7,Médio Risco,8983
BR-00316,Vale do Sertão,MA,Nordeste,-4.8371,-47.2197,1,16.26,29262.03,197.6,39.51,0.711,62.72,1,,2.2,,119493,61.2,Médio Risco,3209
BR-00317,Cruz Feliz,MT,Centro-Oeste,-14.1666,-56.9358,10,8.04,20045.75,280.5,61.4,0.54,67.75,1,28.51,16.76,39.81,10336,93.1,Alto Risco,575
BR-00318,Monte Limpo,PI,Nordeste,-6.8362,-42.1776,1,30.0,25736.57,108.5,33.61,0.836,36.18,0,39.95,4.27,57.97,362859,39.3,Baixo Risco,3284
BR-00319,Vila Dourado,GO,Centro-Oeste,-14.7082,-47.2782,7,23.32,58444.1,136.4,21.95,0.932,27.74,1,72.0,28.23,72.41,71233,34.2,Baixo Risco,440
BR-00320,Monte Feliz,SE,Nordeste,-10.3924,-36.8988,1,18.38,30630.16,158.4,34.97,0.78,51.12,0,46.98,0.84,88.2,10123,40.0,Médio Risco,119
BR-00321,Campo Grande,SP,Sudeste,-26.4793,-49.3317,0,37.1,38805.9,180.7,41.47,0.757,23.43,0,56.65,1.18,75.12,34231,28.0,Baixo Risco,140
BR-00322,Bela Dourado,MG,Sudeste,-19.8893,-43.3073,0,13.55,32256.63,147.4,47.15,0.707,45.04,0,55.4,1.41,69.28,108904,40.7,Médio Risco,1203
BR-00323,Nova da Mata,MA,Nordeste,-2.7793,-45.7753,5,26.51,35148.64,182.9,26.26,0.777,36.63,1,49.28,3.75,75.84,15544,55.7,Médio Risco,248
BR-00324,Rio Esperança,PA,Norte,-4.5552,-53.0096,2,13.6,40985.2,204.1,19.91,0.759,33.09,0,51.11,5.82,57.36,39170,41.6,Médio Risco,367
BR-00325,Vila Grande,RR,Norte,-0.7278,-62.7418,4,5.46,,280.7,62.31,0.601,59.92,0,45.95,12.21,43.84,48805,82.8,Alto Risco,2055
BR-00326,São Dourado,PE,Nordeste,-6.6507,-35.8882,2,59.47,36076.49,124.9,31.89,0.776,40.86,2,42.93,2.24,82.95,8299,50.6,Médio Risco,122
BR-00327,Porto Verde,RO,Norte,-10.8113,-66.8949,1,211.32,52400.78,122.3,11.67,0.89,28.11,0,63.54,5.19,91.84,23444,19.6,Baixo Risco,60
BR-00328,Santo Grande,PA,Norte,-2.2431,-51.363,4,70.68,32106.12,281.9,37.17,0.695,44.74,2,55.96,8.17,58.87,9120,72.7,Alto Risco,254
BR-00329,Santa Azul,PE,Nordeste,-7.9923,-38.5092,3,28.53,33190.66,99.2,47.4,0.629,47.31,0,40.05,5.93,46.76,97327,60.4,Médio Risco,2090
BR-00330,Alto do Forno,GO,Centro-Oeste,-15.338,-50.4345,0,13.34,22888.51,215.9,46.43,0.75,35.36,0,,3.34,62.6,10561,43.9,Médio Risco,112
BR-00331,Cruz das Flores,RN,Nordeste,-5.3018,-34.2208,2,15.95,27979.76,228.9,48.88,0.68,48.07,0,50.45,2.24,55.04,47323,58.4,Médio Risco,974
BR-00332,Vale Grande,CE,Nordeste,-4.2235,-40.5298,0,88.39,37852.8,104.1,36.22,0.77,43.53,0,52.84,0.71,90.33,5781,27.9,Baixo Risco,34
BR-00333,Serra Verde,PI,Nordeste,-4.5316,-43.6821,4,2.06,12150.88,236.6,53.62,0.656,56.7,1,33.94,3.16,53.29,7968,84.6,Alto Risco,333
BR-00334,Bela do Norte,RR,Norte,3.4094,-61.5826,1,18.76,34263.78,297.9,33.5,0.728,42.45,0,47.6,5.9,61.06,7500,53.7,Médio Risco,124
BR-00335,Serra do Sertão,AM,Norte,-5.6825,-64.5206,2,46.54,37411.98,261.6,42.96,0.688,43.55,0,,18.94,59.36,22880,60.9,Médio Risco,471
BR-00336,Santa Azul,PR,Sul,-24.2647,-52.1686,0,8.56,32357.9,183.9,39.26,0.74,40.74,0,64.92,2.09,70.71,41170,33.5,Baixo Risco,311
BR-00337,Vila Feliz,AP,Norte,3.0081,-53.9734,2,54.15,51446.9,251.0,25.87,0.92,36.67,0,51.99,3.87,74.33,51841,35.4,Baixo Risco,400
BR-00338,Vale Feliz,RN,Nordeste,-4.1262,-37.802,3,39.54,42274.81,154.0,41.06,0.738,46.25,1,42.9,1.7,72.46,3586,55.3,Médio Risco,66
BR-00339,Vale Vermelho,AP,Norte,0.8128,-49.9761,0,5.78,32375.79,236.7,38.36,0.721,43.22,0,36.68,29.4,73.43,26614,52.0,Médio Risco,423
BR-00340,Rio Vermelho,SE,Nordeste,-8.9391,-37.3453,1,23.98,28107.4,213.5,47.2,0.686,33.22,0,55.58,0.7,59.93,12859,55.7,Médio Risco,193
BR-00341,Santo do Norte,AM,Norte,-2.1712,-64.4685,3,10.08,12127.79,335.9,58.22,0.567,53.57,0,29.16,5.64,45.11,64069,87.3,Alto Risco,2706
BR-00342,Lago Esperança,TO,Norte,-6.5685,-48.666,6,28.62,17554.76,291.0,51.87,0.599,54.49,0,32.27,9.51,47.51,23516,82.7,Alto Risco,922
BR-00343,Santo Azul,RO,Norte,-11.88,-64.2633,2,48.54,37153.06,220.5,32.89,0.707,40.03,0,34.66,4.44,53.58,29702,53.2,Médio Risco,466
BR-00344,Monte do Cedro,PR,Sul,-25.6004,-49.2014,1,52.06,47177.92,149.4,16.89,0.841,29.23,0,64.18,2.49,81.61,12950,21.7,Baixo Risco,40
BR-00345,Monte do Cedro,RS,Sul,-30.1286,-53.4635,0,29.36,38407.52,129.1,33.27,0.74,48.15,0,61.8,1.97,72.17,283739,30.2,Baixo Risco,2035
BR-00346,Vale Azul,RO,Norte,-11.5163,-63.9607,2,42.87,44018.99,227.9,30.14,0.862,35.39,0,64.53,7.34,71.98,6605,36.3,Baixo Risco,52
BR-00347,Nova do Vale,SE,Nordeste,-11.816,-35.9154,0,7.31,41613.22,176.1,49.73,0.676,55.27,0,45.82,2.54,76.37,19937,45.4,Médio Risco,303
BR-00348,Monte do Carvão,ES,Sudeste,-23.0577,-41.3513,0,26.02,33685.63,206.0,27.5,0.768,32.6,0,39.02,1.92,74.65,37590,31.3,Baixo Risco,222
BR-00349,Bela Vermelho,PR,Sul,-25.4986,-52.3826,0,10.96,39741.37,132.1,37.25,0.718,45.15,0,45.14,0.81,51.54,24000,36.7,Baixo Risco,225
BR-00350,Cruz do Vale,AP,Norte,1.9271,-51.7557,1,91.16,44514.52,154.0,23.39,0.78,21.58,0,64.18,6.82,66.45,12646,30.3,Baixo Risco,56
BR-00351,Alto da Mata,PE,Nordeste,-9.0705,-37.8596,2,71.88,56944.67,111.6,24.48,0.893,27.54,0,,0.4,77.6,3413,23.0,Baixo Risco,11
BR-00352,Vale Esperança,BA,Nordeste,-10.2505,-41.3365,4,33.24,10218.14,195.8,57.05,0.504,55.34,0,35.27,1.79,56.39,13844,86.0,Alto Risco,584
BR-00353,Monte Grande,PB,Nordeste,-7.2613,-34.0,0,135.61,32860.51,164.8,37.98,0.731,56.03,0,56.32,3.33,70.59,9905,38.6,Baixo Risco,117
BR-00354,Boa do Sertão,PB,Nordeste,-5.4726,-36.2493,1,23.33,41825.35,158.2,17.14,0.81,38.07,0,58.03,4.63,90.16,268077,27.3,Baixo Risco,1399
BR-00355,Cruz da Serra,MG,Sudeste,-17.734,-47.7093,4,10.38,19771.84,159.8,59.68,0.581,67.03,0,39.23,18.98,48.77,557306,82.1,Alto Risco,25170
BR-00356,Vila do Vale,PA,Norte,-2.633,-52.0232,1,16.95,37522.67,257.3,40.25,0.659,44.58,0,46.73,5.36,62.25,30838,59.1,Médio Risco,614
BR-00357,São das Flores,RS,Sul,-29.3091,-53.147,0,7.53,51579.08,118.3,14.26,0.891,22.18,0,80.29,0.8,77.23,5676,11.1,Baixo Risco,5
BR-00358,Nova Verde,RO,Norte,-8.9137,-63.2792,4,5.38,38471.68,237.8,38.45,0.746,39.27,1,67.19,11.26,67.33,82665,58.9,Médio Risco,1506
BR-00359,Lago do Forno,MG,Sudeste,-18.0217,-44.0357,2,47.53,30422.83,119.5,45.0,0.699,47.08,1,40.75,9.7,65.22,9640,65.0,Médio Risco,232
BR-00360,Porto do Cedro,PR,Sul,-24.1954,-51.5901,0,9.8,47965.83,55.2,9.13,0.89,39.59,1,79.81,5.18,87.24,16540,15.0,Baixo Risco,34
BR-00361,Bela Feliz,SE,Nordeste,-10.0571,-37.5237,0,12.93,50354.94,43.7,12.39,0.909,31.61,0,82.43,0.69,98.01,14972,9.2,Baixo Risco,12
BR-00362,Santa Grande,AM,Norte,-3.8736,-64.2417,0,23.21,,233.2,45.43,0.747,42.35,0,42.17,6.42,66.02,17577,47.7,Médio Risco,240
BR-00363,Campo Esperança,AM,Norte,-2.903,-65.8589,3,15.66,29637.4,237.6,42.74,0.61,47.11,1,41.51,15.17,72.01,21091,74.7,Alto Risco,635
BR-00364,Vila Dourado,AP,Norte,4.5,-53.0968,2,56.29,24990.79,233.1,47.29,0.758,49.0,0,40.46,16.28,50.62,6362,66.5,Médio Risco,163
BR-00365,Nova Verde,PI,Nordeste,-8.0986,-38.4967,0,30.13,44149.71,147.3,35.13,0.79,55.03,0,54.73,3.2,90.75,13663,34.1,Baixo Risco,131
BR-00366,Rio do Sertão,MT,Centro-Oeste,-12.0527,-56.4222,12,7.92,16364.55,361.8,57.69,0.596,69.46,2,28.4,6.84,45.0,117587,93.7,Alto Risco,6741
BR-00367,Bela do Norte,RS,Sul,-27.9391,-53.0598,0,76.17,45966.45,139.2,29.77,0.773,41.98,0,54.97,3.14,77.71,31510,27.2,Baixo Risco,174
BR-00368,Boa Azul,PI,Nordeste,-6.1236,-44.8239,0,50.4,31785.51,208.8,45.82,0.642,48.05,0,55.64,4.76,70.16,38432,49.8,Médio Risco,613
BR-00369,Alto do Forno,MA,Nordeste,-5.4036,-45.2769,3,4.93,27194.05,254.2,57.6,0.653,57.14,0,21.57,1.25,51.16,2018,76.4,Alto Risco,72
BR-00370,Santo Verde,SP,Sudeste,-25.5267,-50.0965,0,38.77,43473.03,98.4,36.03,0.777,41.78,0,50.24,5.5,80.74,107444,29.4,Baixo Risco,670
BR-00371,Cruz Vermelho,RS,Sul,-28.9766,-53.8195,0,19.35,47958.63,74.0,8.05,0.93,24.03,0,,3.36,94.98,13948,10.2,Baixo Risco,12
BR-00372,Monte Esperança,ES,Sudeste,-22.2973,-38.8769,1,13.05,38531.05,123.1,42.39,0.749,36.4,0,59.13,1.13,65.16,133915,34.2,Baixo Risco,974
BR-00373,Lago Limpo,MA,Nordeste,-3.3621,-44.7792,6,132.53,34091.08,144.7,47.85,0.643,61.78,0,29.72,5.47,50.33,39849,76.7,Alto Risco,1518
BR-00374,Campo Dourado,GO,Centro-Oeste,-15.7427,-49.0642,2,32.65,40110.9,220.1,27.31,0.751,40.3,0,61.81,12.52,73.09,16276,42.0,Médio Risco,176
BR-00375,Santa da Serra,BA,Nordeste,-11.5605,-44.1797,0,19.26,35579.72,128.0,40.63,0.731,54.57,0,59.25,4.53,62.5,4035,41.4,Médio Risco,52
BR-00376,Porto Verde,BA,Nordeste,-14.223,-39.1283,2,32.19,43369.87,139.6,35.5,0.747,50.62,1,57.62,6.8,83.81,498101,47.0,Médio Risco,7506
BR-00377,Santo da Mata,SE,Nordeste,-12.7435,-39.1186,1,66.36,38681.35,81.4,37.23,0.84,45.5,0,45.63,2.02,75.62,89685,30.6,Baixo Risco,632
BR-00378,Serra do Vale,MS,Centro-Oeste,-20.1449,-52.4,3,12.33,33589.0,243.3,38.12,0.795,48.85,1,57.11,9.61,64.74,96649,60.7,Médio Risco,2139
BR-00379,Rio Esperança,MT,Centro-Oeste,-12.687,-53.9898,2,9.62,17883.36,266.1,66.75,0.599,86.25,0,43.43,1.26,48.16,319188,84.0,Alto Risco,18203
BR-00380,Nova Feliz,RN,Nordeste,-6.4982,-35.7817,5,38.61,27415.17,224.2,51.91,0.671,56.85,0,30.23,6.47,39.88,43482,72.6,Alto Risco,1427
BR-00381,Porto Feliz,PB,Nordeste,-7.1615,-37.917,1,4.13,14213.44,199.4,50.94,0.597,50.39,0,35.37,6.31,46.7,178171,74.4,Alto Risco,5581
BR-00382,Lago Grande,SE,Nordeste,-6.6956,-37.2378,0,77.43,39962.45,111.1,27.75,0.818,38.31,0,66.43,5.84,74.64,18066,24.8,Baixo Risco,81
BR-00383,Nova do Norte,RS,Sul,-28.5317,-53.8593,4,4.76,29748.45,206.2,44.62,0.693,59.19,0,47.85,1.09,70.62,82617,61.2,Médio Risco,2125
BR-00384,Porto do Forno,MG,Sudeste,-16.6307,-44.3393,1,22.62,37007.42,115.9,31.2,,30.98,0,41.19,4.24,74.31,14949,37.1,Baixo Risco,112
BR-00385,Santo Vermelho,MT,Centro-Oeste,-11.4585,-55.7698,8,4.55,,261.1,36.64,0.728,45.24,0,48.16,18.07,70.38,17504,67.3,Médio Risco,433
BR-00386,Bela Esperança,TO,Norte,-8.0988,-51.1541,4,7.84,24882.05,250.0,49.91,0.715,58.2,0,35.42,4.75,66.31,37095,69.4,Médio Risco,1153
BR-00387,Rio da Serra,RJ,Sudeste,-22.5161,-41.0895,3,92.77,26475.38,171.3,35.77,0.723,43.65,0,38.76,5.09,62.78,6740,52.0,Médio Risco,108
BR-00388,Vila do Forno,SE,Nordeste,-13.4467,-37.5636,1,85.27,44492.41,156.2,39.3,0.752,37.71,0,43.25,2.76,73.82,49602,40.4,Médio Risco,482
BR-00389,Lago do Cedro,AM,Norte,-3.734,-65.7787,1,71.31,21461.93,286.1,36.39,0.655,57.95,0,54.97,2.05,63.11,22249,64.6,Médio Risco,614
BR-00390,Vila do Forno,RR,Norte,3.1864,-62.1845,3,5.26,18627.9,242.0,44.1,0.609,45.71,0,36.38,12.83,56.75,2740,75.8,Alto Risco,83
BR-00391,Vila Verde,PE,Nordeste,-9.7377,-37.3582,0,10.81,46323.59,156.0,23.94,,26.94,0,63.34,1.01,87.06,18544,18.7,Baixo Risco,43
BR-00392,Campo Azul,AM,Norte,-3.7169,-66.3513,1,38.84,37888.62,184.0,28.2,0.705,32.18,1,59.85,1.77,62.88,21347,44.5,Médio Risco,219
BR-00393,Vila do Vale,PR,Sul,-25.8585,-54.7072,0,57.68,40294.52,106.1,30.08,0.779,45.14,0,,2.69,73.87,95420,27.8,Baixo Risco,573
BR-00394,Rio Feliz,PI,Nordeste,-5.6172,-42.16,0,12.02,33474.81,138.3,46.45,0.717,45.13,1,55.59,1.99,74.07,46934,42.2,Médio Risco,550
BR-00395,Nova Dourado,AC,Norte,-7.7208,-69.8233,4,14.95,28663.71,259.9,36.82,0.696,38.57,1,56.23,21.41,66.61,200655,68.4,Médio Risco,4589
BR-00396,Porto Limpo,MS,Centro-Oeste,-19.5978,-54.8195,0,8.96,31375.04,174.1,29.04,0.771,33.58,0,56.13,7.79,67.12,62953,32.6,Baixo Risco,403
BR-00397,Alto das Flores,RO,Norte,-9.9598,-64.9471,3,110.76,24421.05,301.4,37.35,0.636,51.32,0,34.02,15.73,56.33,16441,75.2,Alto Risco,531
BR-00398,Campo das Flores,GO,Centro-Oeste,-16.0321,-49.7355,2,21.59,40256.12,168.6,11.72,0.886,40.2,0,58.59,8.43,87.91,30548,30.7,Baixo Risco,199
BR-00399,Serra das Flores,MG,Sudeste,-17.8234,-46.4303,0,21.6,26993.26,176.5,45.51,0.6,47.69,0,39.53,5.79,52.97,21268,61.2,Médio Risco,469
BR-00400,Santo das Flores,MS,Centro-Oeste,-22.1693,-55.9781,1,37.14,43624.99,212.2,19.1,0.823,28.42,1,64.27,2.8,73.92,60474,28.0,Baixo Risco,275
BR-00401,Lago Azul,GO,Centro-Oeste,-19.041,-50.911,2,70.48,30915.11,222.0,41.67,0.606,40.68,2,49.85,9.11,70.04,35411,69.4,Médio Risco,858
BR-00402,Vila Grande,SP,Sudeste,-21.9799,-47.6085,0,12.75,45340.98,180.3,11.0,0.759,31.86,0,73.65,1.57,82.53,14977,18.8,Baixo Risco,39
BR-00403,Monte do Forno,RS,Sul,-29.2464,-53.7077,0,110.3,48032.88,86.8,22.15,0.914,35.27,0,68.69,2.88,88.65,33215,15.2,Baixo Risco,65
BR-00404,São Vermelho,AM,Norte,-1.777,-65.727,1,8.85,45423.24,193.4,32.87,0.892,50.88,0,54.44,7.4,83.05,58482,31.7,Baixo Risco,471
BR-00405,Alto Azul,TO,Norte,-7.9701,-45.5634,3,65.11,22438.51,331.9,60.1,0.635,56.37,0,19.26,5.33,70.15,9339,78.1,Alto Risco,342
BR-00406,Santa das Flores,SC,Sul,-25.252,-50.4566,0,6.72,50566.52,82.2,6.86,0.858,28.98,0,63.0,1.22,93.72,48838,12.3,Baixo Risco,60
BR-00407,Serra do Vale,ES,Sudeste,-20.5872,-39.8654,0,34.88,52359.84,110.3,11.49,0.891,33.86,0,59.68,5.78,82.72,4567,16.6,Baixo Risco,10
BR-00408,Vale Verde,RR,Norte,1.5568,-61.9176,1,129.27,21471.57,164.3,33.32,0.757,50.26,1,43.83,1.87,69.69,130871,49.3,Médio Risco,2118
BR-00409,Serra do Carvão,AM,Norte,-2.7975,-65.9349,5,52.49,37973.07,211.8,37.9,0.719,40.22,0,53.95,12.49,63.87,63511,58.0,Médio Risco,1146
BR-00410,Rio das Flores,TO,Norte,-6.6253,-51.361,9,32.7,27242.14,280.7,40.1,0.663,68.62,2,42.49,22.46,54.55,251854,88.3,Alto Risco,13010
BR-00411,Monte Vermelho,PI,Nordeste,-5.6479,-41.3738,1,7.88,31236.47,215.4,55.09,0.674,50.41,0,60.8,3.83,50.18,8138,57.6,Médio Risco,169
BR-00412,Cruz Grande,PE,Nordeste,-6.8128,-37.2324,1,16.26,39197.85,122.2,23.55,0.826,35.02,0,69.38,8.34,79.03,135512,27.2,Baixo Risco,667
BR-00413,Serra do Vale,AP,Norte,0.8671,-52.0208,5,87.74,27584.97,277.7,43.32,0.663,53.7,0,62.16,16.73,64.8,105844,72.1,Alto Risco,3298
BR-00414,São do Vale,SP,Sudeste,-23.4265,-48.9821,2,38.97,26233.36,199.0,50.42,0.717,49.73,1,54.49,3.08,63.6,26166,60.1,Médio Risco,577
BR-00415,Porto Vermelho,AC,Norte,-7.6655,-69.5194,3,86.12,51099.24,183.5,20.99,0.83,42.3,0,76.93,3.81,75.46,20521,30.3,Baixo Risco,136
BR-00416,Rio do Forno,DF,Centro-Oeste,-17.3709,-50.0366,0,38.05,40336.09,92.0,23.51,0.879,27.51,0,63.91,7.63,72.47,8464,15.8,Baixo Risco,15
BR-00417,Serra Feliz,AM,Norte,-3.8038,-65.9258,2,28.47,45447.65,204.4,13.16,0.874,34.39,0,60.79,9.05,99.0,6110,26.8,Baixo Risco,29
BR-00418,Boa do Vale,RS,Sul,-29.8607,-54.7908,0,59.93,40051.34,105.4,25.47,0.768,42.77,1,50.94,2.03,,12848,29.1,Baixo Risco,80
BR-00419,Porto Dourado,CE,Nordeste,-2.9699,-37.0499,0,32.76,30197.56,165.0,35.12,0.772,52.53,0,49.96,1.21,60.3,6838,39.2,Baixo Risco,79
BR-00420,Nova do Forno,SP,Sudeste,-22.6866,-47.5641,0,21.54,29120.46,158.3,51.38,0.722,43.73,1,44.93,0.83,69.81,241507,48.6,Médio Risco,3472
BR-00421,Cruz Esperança,PI,Nordeste,-11.1349,-45.8138,0,5.96,36554.29,162.0,44.25,0.742,44.53,0,39.45,2.61,79.78,5026,42.5,Médio Risco,59
BR-00422,Vale do Sertão,AL,Nordeste,-8.9138,-38.9393,1,49.35,26166.21,172.3,55.46,0.542,62.7,0,39.32,0.85,55.91,39582,73.1,Alto Risco,1412
BR-00423,Serra da Mata,AC,Norte,-9.7486,-70.7353,0,46.65,44171.62,131.6,23.83,0.779,40.94,2,49.81,4.33,55.35,56649,37.8,Baixo Risco,522
BR-00424,Boa do Vale,AL,Nordeste,-9.5603,-37.4814,1,15.0,,102.1,39.81,0.76,36.39,0,40.56,0.29,88.92,51373,31.4,Baixo Risco,326
BR-00425,Vale Grande,PR,Sul,-25.0114,-53.4041,1,94.64,38078.5,154.7,23.21,0.85,49.18,0,47.15,3.8,60.3,57332,34.0,Baixo Risco,504
BR-00426,Alto do Carvão,RO,Norte,-11.2132,-60.6173,1,29.02,27897.95,204.5,34.96,0.611,55.21,0,42.58,19.97,59.24,107259,62.7,Médio Risco,2726
BR-00427,Alto Limpo,DF,Centro-Oeste,-14.7235,-47.4224,0,35.2,32939.2,189.6,31.85,0.748,42.3,0,44.6,7.33,61.59,18819,40.0,Médio Risco,194
BR-00428,Monte do Amparo,RR,Norte,-0.096,-60.7353,0,73.26,41714.61,212.6,41.01,0.85,34.85,0,57.19,27.18,70.06,36660,33.8,Baixo Risco,255
BR-00429,Nova Esperança,AL,Nordeste,-10.3438,-37.7888,1,41.26,23226.29,153.8,59.6,0.621,55.68,0,46.37,7.45,58.96,22767,67.5,Médio Risco,655
BR-00430,Cruz do Cedro,RO,Norte,-9.8723,-62.3288,2,35.75,33396.22,204.4,33.28,0.738,48.06,0,57.94,10.23,,167403,51.5,Médio Risco,2816
BR-00431,Porto Limpo,SE,Nordeste,-11.4297,-37.9826,1,32.09,54201.46,71.5,12.22,0.914,16.64,0,65.86,1.41,87.18,453537,11.8,Baixo Risco,396
BR-00432,Boa Vermelho,RS,Sul,-31.9523,-53.5967,0,284.54,57551.13,76.5,5.89,0.913,30.0,0,60.59,1.16,96.36,7388,10.2,Baixo Risco,7
BR-00433,Nova do Vale,RJ,Sudeste,-21.314,-41.8046,1,10.83,30573.56,140.1,45.26,0.731,54.99,0,39.09,3.77,54.37,2594,52.5,Médio Risco,49
BR-00434,Santo Dourado,RR,Norte,3.6223,-63.6806,2,51.09,40541.19,247.4,41.99,0.721,30.96,0,53.81,6.73,54.18,66931,47.9,Médio Risco,756
BR-00435,Rio das Flores,AL,Nordeste,-9.683,-34.5842,0,25.73,34059.3,147.7,38.17,0.812,42.79,0,63.24,3.13,70.26,125237,30.5,Baixo Risco,842
BR-00436,Campo do Amparo,CE,Nordeste,-7.9452,-39.2747,4,38.48,22707.85,116.4,46.07,0.696,51.96,1,51.49,3.71,61.94,379353,64.8,Médio Risco,9735
BR-00437,Santo Azul,AM,Norte,-2.4816,-63.3067,2,69.71,27758.51,285.3,49.15,0.606,58.88,0,49.73,7.24,50.75,82649,75.9,Alto Risco,2989
BR-00438,Bela Feliz,PA,Norte,-6.1138,-53.9856,5,17.12,26216.76,224.6,46.24,0.683,54.54,0,61.66,18.64,53.77,188099,73.7,Alto Risco,6139
BR-00439,Rio da Serra,RN,Nordeste,-5.3777,-37.8824,0,48.52,34077.81,148.3,31.93,0.704,41.26,0,48.28,1.75,72.26,261732,30.6,Baixo Risco,1727
BR-00440,Boa Verde,PE,Nordeste,-9.6224,-39.4867,0,45.84,38276.45,113.4,24.63,0.878,24.6,0,80.23,1.7,87.02,205042,15.8,Baixo Risco,345
BR-00441,Vila da Serra,RR,Norte,0.4262,-61.0496,1,13.41,29160.19,226.3,35.35,0.713,32.75,0,48.11,3.31,58.99,98859,48.9,Médio Risco,1193
BR-00442,Campo Dourado,BA,Nordeste,-13.5787,-41.6076,1,99.2,30395.37,164.2,35.79,0.746,48.74,0,64.8,1.61,65.13,6616,39.5,Baixo Risco,74
BR-00443,Vila do Vale,RN,Nordeste,-6.0666,-37.2402,2,43.39,24022.71,215.9,50.07,0.669,57.73,0,47.74,14.17,58.32,32518,71.0,Alto Risco,1042
BR-00444,Rio da Mata,CE,Nordeste,-6.1019,-40.9497,2,13.36,22876.09,226.4,49.91,0.598,62.33,1,,1.26,48.97,47813,78.1,Alto Risco,1888
BR-00445,Nova da Serra,ES,Sudeste,-18.3658,-42.1132,0,95.79,43351.23,122.4,31.5,0.846,31.02,0,53.01,2.58,78.96,29005,23.5,Baixo Risco,105
BR-00446,Vale das Flores,RJ,Sudeste,-22.8745,-42.7279,1,15.49,53834.87,124.2,11.34,0.85,36.99,0,56.48,1.15,93.75,31331,17.7,Baixo Risco,80
BR-00447,Cruz do Carvão,TO,Norte,-8.7977,-48.9518,2,19.31,26683.12,295.5,45.06,0.664,45.18,3,21.8,1.51,53.42,233056,76.8,Alto Risco,7123
BR-00448,Bela do Norte,PR,Sul,-24.4964,-52.5098,0,19.22,31726.36,64.6,28.98,0.775,33.08,0,65.89,3.02,65.48,12759,26.9,Baixo Risco,60
BR-00449,Serra Feliz,AL,Nordeste,-10.5966,-34.6541,2,43.18,27356.65,169.5,41.51,0.655,55.57,0,57.7,1.68,57.83,89216,54.2,Médio Risco,1805
BR-00450,Lago Vermelho,PE,Nordeste,-9.5923,-37.9753,2,15.04,32261.0,154.5,38.41,0.713,51.94,2,45.75,2.92,62.83,48803,60.0,Médio Risco,1107
BR-00451,Lago da Serra,AL,Nordeste,-11.9265,-35.0419,3,64.27,40155.62,116.0,27.33,0.822,50.11,0,66.65,4.19,73.91,11250,35.0,Baixo Risco,105
BR-00452,São do Amparo,SC,Sul,-27.043,-51.6966,0,51.85,38415.21,141.7,40.1,0.779,38.79,0,69.74,2.39,75.71,8555,26.2,Baixo Risco,42
BR-00453,Nova Esperança,RJ,Sudeste,-22.7464,-42.3173,1,19.34,38849.87,104.3,33.99,0.71,35.11,0,57.4,2.61,76.37,3918,34.5,Baixo Risco,28
BR-00454,Bela do Vale,BA,Nordeste,-16.2811,-41.7777,2,117.26,17535.27,283.4,60.53,0.635,51.59,0,34.81,1.39,51.29,60293,77.6,Alto Risco,2054
BR-00455,Lago do Sertão,AP,Norte,0.66,-54.1467,2,11.56,30871.33,237.9,42.56,0.705,42.4,0,45.96,13.2,63.75,30362,61.9,Médio Risco,630
BR-00456,Santa Limpo,BA,Nordeste,-14.2214,-39.7003,0,7.64,48169.39,111.1,24.34,0.84,52.3,0,65.75,1.58,91.36,11705,21.6,Baixo Risco,52
BR-00457,Lago Dourado,TO,Norte,-7.9641,-48.4892,1,56.1,27362.2,222.3,42.69,0.723,53.42,0,54.95,1.54,71.48,3149,49.0,Médio Risco,53
BR-00458,Santo do Forno,MG,Sudeste,-20.4839,-43.335,4,2.27,17197.57,171.5,57.03,,64.44,1,40.84,5.27,58.52,56437,83.8,Alto Risco,2557
BR-00459,Santa do Sertão,RS,Sul,-31.7179,-54.2528,0,126.74,38069.74,125.5,39.6,0.742,38.95,0,60.05,4.92,73.12,26445,31.5,Baixo Risco,176
BR-00460,Alto da Mata,PE,Nordeste,-6.826,-38.0908,1,20.97,15626.1,212.7,53.2,0.626,57.71,0,34.92,9.08,44.34,13465,74.5,Alto Risco,466
BR-00461,Santa Verde,PB,Nordeste,-5.3805,-37.9336,2,5.22,18406.87,181.2,36.87,,56.87,0,28.04,14.08,66.26,9847,73.2,Alto Risco,328
BR-00462,Nova do Cedro,BA,Nordeste,-14.003,-39.9696,2,11.3,37599.76,183.3,20.94,0.816,36.14,0,65.43,3.62,74.36,24386,35.1,Baixo Risco,184
BR-00463,Porto Dourado,SE,Nordeste,-11.4549,-37.014,0,5.12,42128.44,142.2,34.88,0.733,42.08,0,40.39,3.21,63.91,59130,37.7,Baixo Risco,552
BR-00464,Rio Vermelho,GO,Centro-Oeste,-15.1173,-49.3461,0,49.34,45102.75,173.8,9.69,0.879,28.98,0,70.2,13.79,78.92,21753,20.1,Baixo Risco,59
BR-00465,Cruz do Forno,PB,Nordeste,-10.5379,-34.8185,1,6.78,34676.13,180.4,49.0,0.743,42.08,0,57.41,1.07,59.84,7438,44.3,Médio Risco,90
BR-00466,Nova do Vale,RJ,Sudeste,-24.8557,-41.0411,1,48.27,28744.46,119.1,34.74,0.794,39.95,1,47.17,0.51,80.84,30557,39.7,Baixo Risco,299
BR-00467,Vila da Mata,PE,Nordeste,-8.773,-36.7885,2,20.71,39943.61,151.8,29.41,0.754,35.5,0,49.97,1.37,76.22,121411,37.7,Baixo Risco,1016
BR-00468,Alto Limpo,SE,Nordeste,-8.4002,-39.4404,2,10.45,16730.58,190.9,53.66,0.561,64.74,2,48.37,8.5,46.55,34556,82.9,Alto Risco,1544
BR-00469,Lago Azul,BA,Nordeste,-13.57,-42.674,0,39.6,27493.78,121.6,48.14,0.74,50.17,1,46.28,1.36,62.7,35794,46.1,Médio Risco,520
BR-00470,Santo Vermelho,PA,Norte,-3.6487,-53.8854,6,40.4,27779.71,269.2,40.25,0.657,50.87,2,31.22,11.98,53.44,21871,83.2,Alto Risco,825
BR-00471,Santa Grande,MT,Centro-Oeste,-11.0527,-54.4015,2,91.48,40062.85,197.8,25.28,0.801,34.0,2,64.42,10.26,58.3,10807,50.5,Médio Risco,141
BR-00472,Boa Grande,MG,Sudeste,-15.1504,-44.1411,0,14.58,31526.6,109.0,29.8,0.76,42.91,0,,2.49,60.42,10367,33.8,Baixo Risco,82
BR-00473,Lago do Sertão,AM,Norte,-4.2776,-67.0467,2,20.65,27800.3,272.7,48.55,0.656,49.32,1,24.02,3.01,52.1,4116,75.5,Alto Risco,130
BR-00474,Boa Azul,AM,Norte,-3.4936,-65.3642,0,17.12,49612.82,192.1,29.54,0.887,35.7,0,67.27,7.83,72.34,143851,23.8,Baixo Risco,579
BR-00475,Nova da Serra,ES,Sudeste,-16.6391,-42.4318,0,31.45,34519.66,118.1,43.02,0.789,51.03,0,44.64,1.49,70.92,58575,34.2,Baixo Risco,534
BR-00476,São das Flores,GO,Centro-Oeste,-18.1111,-49.9344,7,9.45,,257.1,55.92,0.64,45.51,1,42.47,33.63,61.26,36429,86.2,Alto Risco,1346
BR-00477,Porto Limpo,MS,Centro-Oeste,-19.0714,-56.8575,3,17.6,35047.78,229.2,35.52,0.757,58.28,0,45.91,17.17,68.33,47547,61.2,Médio Risco,1209
BR-00478,Santo Grande,PR,Sul,-26.3156,-50.8096,1,18.66,42440.68,95.2,38.82,0.747,40.32,0,62.31,1.46,,50232,29.6,Baixo Risco,310
BR-00479,Serra do Norte,PE,Nordeste,-8.2365,-37.3309,0,44.11,38227.51,80.2,20.87,0.828,37.52,0,65.13,7.25,74.0,13119,19.0,Baixo Risco,38
BR-00480,Rio do Vale,MT,Centro-Oeste,-12.9797,-52.7489,3,23.85,33674.77,264.9,31.09,0.709,42.95,0,23.65,10.07,62.0,21882,64.7,Médio Risco,491
BR-00481,Bela do Forno,MT,Centro-Oeste,-13.9812,-54.233,4,38.52,26398.58,250.2,39.24,0.718,57.21,0,49.18,2.05,61.39,18165,64.9,Médio Risco,501
BR-00482,Alto do Vale,CE,Nordeste,-6.5763,-40.1221,1,26.03,40254.08,110.0,26.76,0.807,39.08,0,54.4,1.84,80.66,758638,27.5,Baixo Risco,4072
BR-00483,Lago da Mata,PR,Sul,-24.503,-50.4047,0,19.96,44881.88,53.7,16.89,0.828,28.54,0,80.3,6.12,,117624,14.9,Baixo Risco,196
BR-00484,Santo Feliz,GO,Centro-Oeste,-14.5862,-51.8167,2,33.52,34312.25,180.4,28.23,0.796,37.82,0,58.26,3.51,71.64,40532,39.5,Baixo Risco,380
BR-00485,Rio Limpo,AL,Nordeste,-9.8016,-38.1675,0,13.33,52547.73,94.0,21.41,0.836,32.19,0,70.98,1.65,68.59,181222,14.9,Baixo Risco,323
BR-00486,Alto Limpo,MT,Centro-Oeste,-12.5418,-54.9536,2,44.04,25709.47,307.7,43.25,0.683,49.17,0,42.96,2.48,59.05,154757,68.9,Médio Risco,4214
BR-00487,Porto Verde,MG,Sudeste,-17.3004,-47.4015,3,17.95,33384.75,185.2,52.08,0.746,49.25,1,40.06,0.88,70.84,5851,59.5,Médio Risco,126
BR-00488,Santo do Norte,CE,Nordeste,-6.5603,-39.582,1,37.73,50191.93,68.2,18.1,0.857,37.19,0,59.81,0.96,61.52,24870,22.2,Baixo Risco,92
BR-00489,Lago das Flores,PB,Nordeste,-6.2444,-38.1484,0,31.86,37243.61,176.5,30.46,0.737,40.2,0,,0.81,76.05,32196,31.4,Baixo Risco,218
BR-00490,Vale Feliz,PB,Nordeste,-6.1329,-36.5782,0,129.63,28074.21,120.8,32.29,0.762,38.89,0,63.8,1.3,71.26,70573,29.1,Baixo Risco,413
BR-00491,Rio do Forno,RJ,Sudeste,-18.6049,-44.1688,0,57.95,45672.1,64.2,19.75,0.938,23.69,0,,6.1,83.65,24835,12.0,Baixo Risco,26
BR-00492,São Limpo,PE,Nordeste,-8.9065,-37.2661,0,35.92,41215.23,77.8,22.89,0.889,37.25,0,53.21,1.7,74.4,29052,18.6,Baixo Risco,81
BR-00493,Nova das Flores,PE,Nordeste,-9.0213,-37.8329,1,12.54,33765.37,226.6,34.9,0.745,50.66,1,42.17,4.14,78.89,18459,55.4,Médio Risco,362
BR-00494,Boa Feliz,GO,Centro-Oeste,-14.9034,-47.8995,6,49.68,29171.57,219.7,49.77,0.624,56.54,3,52.3,19.33,69.5,121926,82.7,Alto Risco,4910
BR-00495,Campo Esperança,RS,Sul,-28.5533,-53.1906,0,29.76,45105.47,78.3,21.68,0.96,27.53,0,70.62,0.63,87.29,5409,12.5,Baixo Risco,7
BR-00496,Lago Vermelho,PB,Nordeste,-8.0291,-37.7961,1,6.51,36012.29,96.4,29.8,0.831,41.31,0,56.65,0.98,75.57,19260,28.4,Baixo Risco,113
BR-00497,Alto do Sertão,MS,Centro-Oeste,-21.0744,-54.8856,3,22.59,32750.27,243.3,29.52,0.74,41.01,0,63.83,12.55,65.76,3279,53.0,Médio Risco,52
BR-00498,Porto Feliz,PE,Nordeste,-7.6224,-39.7419,0,28.72,29763.28,177.1,43.78,0.661,36.14,0,38.58,1.39,63.76,9072,43.8,Médio Risco,98
BR-00499,Alto das Flores,MA,Nordeste,-6.5786,-44.8714,5,10.32,40018.76,213.5,41.48,0.709,47.39,0,26.0,4.09,57.4,48848,67.1,Médio Risco,1243
BR-00500,Serra Grande,PA,Norte,-4.3647,-51.6542,7,19.34,22414.29,289.1,45.24,0.651,49.29,3,34.77,31.47,57.9,50021,86.8,Alto Risco,1974
BR-00501,Campo Azul,RN,Nordeste,-5.6846,-34.0,0,22.06,25745.68,142.7,39.13,0.708,41.1,0,48.95,0.72,75.44,22215,39.4,Baixo Risco,219
BR-00502,Lago Azul,SC,Sul,-26.0557,-51.8206,0,29.88,37014.05,211.4,32.56,0.843,32.35,0,59.19,1.37,76.77,133918,23.1,Baixo Risco,483
BR-00503,Alto do Norte,SP,Sudeste,-23.0364,-49.1649,0,103.3,43756.24,138.8,31.16,0.776,39.37,0,44.83,1.62,67.54,178537,27.3,Baixo Risco,952
BR-00504,Bela do Carvão,PA,Norte,-6.3693,-53.2861,2,5.51,24270.38,257.1,56.18,0.596,46.59,0,48.42,5.68,45.71,30136,71.7,Alto Risco,843
BR-00505,Porto do Norte,PA,Norte,-6.4732,-52.183,6,195.76,29411.02,238.6,46.11,0.742,40.13,2,52.21,4.43,67.63,44938,72.2,Alto Risco,1150
BR-00506,Santo Vermelho,RO,Norte,-12.5932,-62.8056,1,29.57,39465.83,218.1,31.53,0.784,48.56,1,63.23,4.2,70.41,18663,45.6,Médio Risco,260
BR-00507,Campo da Mata,GO,Centro-Oeste,-17.8184,-49.9347,4,51.11,34560.9,230.0,29.22,0.78,29.26,0,60.15,6.5,74.1,71942,47.5,Médio Risco,776
BR-00508,Santa da Mata,RR,Norte,1.8335,-59.8791,0,28.82,34966.27,250.7,44.85,0.678,44.23,0,38.56,8.28,54.91,7387,52.3,Médio Risco,120
BR-00509,Monte do Cedro,MG,Sudeste,-19.7644,-45.2438,1,4.71,48708.73,178.5,39.13,0.734,35.55,0,55.16,4.52,73.27,310144,40.6,Médio Risco,2924
BR-00510,Rio do Forno,AM,Norte,-4.4539,-63.7194,0,9.16,37813.12,256.2,52.24,0.766,38.68,0,60.33,6.9,60.74,136623,45.8,Médio Risco,1648
BR-00511,Monte do Norte,AL,Nordeste,-10.7037,-36.0661,1,12.37,24924.97,162.4,50.67,0.665,52.23,0,50.65,6.26,56.71,7342,60.3,Médio Risco,169
BR-00512,Monte do Amparo,RR,Norte,1.4333,-61.4168,0,80.97,37146.41,273.7,33.98,0.767,31.62,0,65.24,3.94,72.38,12255,34.5,Baixo Risco,83
BR-00513,Cruz Vermelho,AL,Nordeste,-7.7685,-37.2609,1,6.68,28843.53,212.3,37.73,0.705,47.46,0,57.39,0.8,80.8,55635,45.9,Médio Risco,772
BR-00514,Vale da Mata,ES,Sudeste,-18.2633,-36.9427,0,16.81,55748.45,92.4,14.57,0.911,36.38,0,57.24,1.19,90.08,21530,12.3,Baixo Risco,30
BR-00515,Serra Verde,MA,Nordeste,-5.3974,-46.5838,0,33.62,41776.28,131.3,30.88,0.793,46.51,0,56.07,2.87,85.82,64910,26.4,Baixo Risco,367
BR-00516,Cruz Dourado,BA,Nordeste,-13.6054,-41.2829,0,41.74,32213.56,150.2,39.04,0.75,51.63,0,,4.26,71.46,20968,43.1,Médio Risco,279
BR-00517,Vale Vermelho,GO,Centro-Oeste,-16.5865,-50.9103,3,39.24,39280.56,223.3,42.07,0.704,36.13,0,61.45,23.46,75.89,221021,54.3,Médio Risco,3352
BR-00518,Lago Esperança,RN,Nordeste,-5.3512,-34.0901,1,10.25,36830.53,131.0,41.45,0.768,40.57,0,64.36,2.59,,33203,37.2,Baixo Risco,296
BR-00519,Rio Verde,AC,Norte,-7.9522,-69.3084,0,4.51,32006.65,182.4,47.21,0.724,54.14,0,35.17,14.72,62.15,677181,56.4,Médio Risco,14328
BR-00520,Nova Vermelho,RO,Norte,-12.1007,-64.2897,10,30.75,20476.04,356.2,54.1,0.587,66.1,0,,28.8,57.13,69797,90.1,Alto Risco,3620
BR-00521,Lago da Serra,RR,Norte,2.1011,-60.6824,2,95.73,28212.29,295.5,42.18,0.624,62.18,0,47.14,4.24,67.24,6083,69.0,Médio Risco,197
BR-00522,Alto Azul,MA,Nordeste,-8.2643,-45.0792,2,15.49,22528.38,124.2,38.46,0.67,59.18,1,50.82,2.08,62.43,446021,63.0,Médio Risco,12017
BR-00523,Campo Verde,BA,Nordeste,-12.6636,-42.4233,5,5.04,13085.55,278.6,73.38,0.6,71.46,2,11.21,29.47,40.0,129748,95.0,Alto Risco,7772
BR-00524,Porto do Cedro,PR,Sul,-23.823,-50.4886,2,17.38,39864.04,142.7,32.62,0.701,61.78,0,33.0,4.16,67.77,52848,54.4,Médio Risco,1162
BR-00525,Serra do Forno,AM,Norte,-3.8621,-64.555,0,36.88,30121.89,230.3,45.45,0.718,47.01,0,49.58,11.09,73.21,73739,49.4,Médio Risco,1143
BR-00526,Cruz Grande,MA,Nordeste,-2.8769,-45.138,0,16.82,28267.17,206.1,49.62,0.643,50.91,0,18.43,5.16,66.64,7433,65.7,Médio Risco,192
BR-00527,Rio das Flores,TO,Norte,-11.4037,-48.3587,2,85.54,20061.03,210.6,50.53,0.648,54.77,0,41.92,2.92,52.34,3444,71.2,Alto Risco,107
BR-00528,Lago Vermelho,TO,Norte,-9.8656,-47.6965,0,55.87,31731.75,260.0,45.03,0.675,44.76,0,48.69,4.83,54.15,31189,55.8,Médio Risco,568
BR-00529,Lago Feliz,RS,Sul,-29.7502,-52.8789,0,47.58,53644.71,67.2,10.43,0.951,27.39,0,84.0,0.68,82.55,184142,8.3,Baixo Risco,117
BR-00530,Alto Azul,GO,Centro-Oeste,-16.1204,-49.7773,3,3.84,30242.84,222.9,29.3,0.756,30.66,0,48.01,9.61,75.42,53887,51.9,Médio Risco,688
BR-00531,Boa Vermelho,PI,Nordeste,-7.8801,-43.6274,0,10.83,25722.11,137.2,57.35,0.703,48.45,0,,1.85,51.65,278303,50.8,Médio Risco,4606
BR-00532,Boa do Cedro,RJ,Sudeste,-22.1001,-40.2887,1,16.79,43814.16,141.8,32.14,0.777,39.04,0,63.01,2.11,78.87,171361,28.8,Baixo Risco,990
BR-00533,Monte Vermelho,MT,Centro-Oeste,-11.4529,-56.8906,2,10.56,21771.45,296.3,52.19,0.658,57.58,0,33.06,6.29,63.47,33717,77.7,Alto Risco,1245
BR-00534,Cruz do Norte,PE,Nordeste,-6.4512,-37.2613,0,26.53,22029.1,196.8,54.61,0.64,59.39,0,51.05,0.67,55.0,144307,58.1,Médio Risco,3425
BR-00535,Serra da Mata,AC,Norte,-8.7732,-70.9983,3,28.73,29511.72,242.7,40.71,0.625,42.4,0,,15.81,72.78,220410,65.9,Médio Risco,5053
BR-00536,Alto do Amparo,CE,Nordeste,-4.0586,-37.0666,0,5.54,50519.11,217.0,33.12,0.798,53.68,0,52.55,0.47,63.76,29726,35.6,Baixo Risco,299
BR-00537,Lago da Mata,PA,Norte,-4.7725,-53.7449,3,45.36,20787.5,245.6,50.65,0.703,55.89,0,40.15,4.87,66.5,25154,72.2,Alto Risco,808
BR-00538,Serra do Sertão,BA,Nordeste,-11.8877,-42.7294,0,19.24,23729.4,238.9,47.09,0.619,59.43,0,34.1,0.97,53.58,39166,63.2,Médio Risco,1064
BR-00539,Santa do Amparo,BA,Nordeste,-14.0268,-43.0577,0,32.58,30293.16,183.3,43.16,0.704,38.68,0,51.79,1.18,46.26,1612,42.9,Médio Risco,18
BR-00540,Porto do Cedro,RR,Norte,3.5769,-60.9471,2,57.26,33440.95,289.9,38.47,0.739,38.27,0,50.53,8.06,80.92,46655,56.0,Médio Risco,771
BR-00541,Santa Grande,TO,Norte,-7.0751,-50.2223,3,7.72,16631.56,331.3,57.88,0.54,70.52,0,30.79,27.53,51.55,80866,89.4,Alto Risco,4351
BR-00542,Cruz da Mata,PB,Nordeste,-7.4509,-37.3899,1,90.83,31945.93,171.0,35.77,0.766,46.0,0,45.51,0.62,64.1,39365,42.2,Médio Risco,467
BR-00543,Rio do Amparo,RR,Norte,-1.0196,-64.4133,0,26.92,40119.31,210.7,26.94,0.879,37.85,0,52.06,3.94,69.74,50556,28.1,Baixo Risco,275
BR-00544,Campo Limpo,TO,Norte,-10.9373,-47.9634,0,115.61,25359.69,195.4,51.05,,46.92,0,52.01,1.78,55.48,31122,46.9,Médio Risco,443
BR-00545,Nova Azul,AM,Norte,-1.7454,-65.8003,0,15.73,50774.11,119.7,5.65,0.927,18.0,0,63.37,3.18,99.0,2707,11.3,Baixo Risco,2
BR-00546,Campo Dourado,MS,Centro-Oeste,-19.7357,-56.6233,2,136.41,48188.63,174.9,28.74,0.828,34.63,0,69.88,6.29,72.21,262562,32.0,Baixo Risco,1664
BR-00547,Campo Esperança,MT,Centro-Oeste,-12.2915,-53.9001,5,11.7,39226.28,240.8,30.21,0.787,49.92,1,62.21,12.05,64.04,20748,64.3,Médio Risco,511
BR-00548,Santo da Serra,AP,Norte,2.8221,-53.6007,0,506.12,57532.54,152.6,11.32,0.884,34.53,1,65.99,0.93,90.76,15181,16.5,Baixo Risco,33
BR-00549,São do Forno,RN,Nordeste,-5.1318,-35.4743,1,11.75,44001.67,109.7,27.34,0.75,37.02,1,61.44,2.92,64.05,179419,36.8,Baixo Risco,1483
BR-00550,Nova Limpo,MS,Centro-Oeste,-18.8052,-55.5215,1,76.9,35387.49,270.8,39.84,0.707,54.26,0,45.99,3.19,62.05,111678,56.6,Médio Risco,2380
BR-00551,Vila do Cedro,MG,Sudeste,-16.8128,-42.1378,1,19.15,33751.1,67.7,38.66,0.761,33.3,0,,0.77,77.35,46228,37.9,Baixo Risco,375
BR-00552,São Esperança,BA,Nordeste,-10.8296,-40.6506,0,42.53,22762.7,147.6,50.18,0.632,47.0,2,,2.71,59.4,85966,63.8,Médio Risco,2006
BR-00553,Santa Azul,BA,Nordeste,-12.4577,-43.1113,1,22.46,22750.02,82.1,49.43,0.64,61.94,0,45.67,3.86,59.42,7756,59.5,Médio Risco,197
BR-00554,Campo Azul,SP,Sudeste,-20.9226,-50.0739,1,8.59,32522.33,193.8,45.75,0.727,49.19,0,55.39,2.0,66.82,29699,48.3,Médio Risco,458
BR-00555,Monte Azul,AL,Nordeste,-10.05,-35.9723,2,1.7,38144.16,131.2,38.55,0.753,39.56,0,56.37,0.84,67.93,165790,38.6,Baixo Risco,1543
BR-00556,Boa Dourado,DF,Centro-Oeste,-16.672,-48.2273,1,346.57,46544.05,245.7,29.68,0.729,40.65,0,63.87,6.13,71.26,14095,40.3,Médio Risco,143
BR-00557,Bela Esperança,GO,Centro-Oeste,-13.5905,-50.0971,2,22.99,28965.81,263.8,50.6,0.64,47.03,0,32.69,4.67,52.19,9434,73.2,Alto Risco,274
BR-00558,Monte Vermelho,MG,Sudeste,-17.7973,-42.5989,0,1.31,28442.89,192.6,42.51,0.706,48.17,0,45.98,3.59,61.31,36252,48.8,Médio Risco,560
BR-00559,Porto do Cedro,PR,Sul,-23.7632,-52.5982,0,38.84,31449.6,124.2,27.2,0.755,41.74,0,71.33,4.67,68.25,37331,28.5,Baixo Risco,222
BR-00560,Santa da Serra,MG,Sudeste,-17.9268,-44.2522,3,32.91,14504.68,253.5,51.82,0.578,63.6,2,11.01,6.97,39.31,73826,90.2,Alto Risco,3726
BR-00561,Alto do Amparo,AP,Norte,0.5889,-50.4335,1,10.33,29900.92,279.1,36.11,0.582,45.04,0,36.87,8.29,64.25,5868,63.9,Médio Risco,133
BR-00562,Serra do Forno,DF,Centro-Oeste,-15.8146,-46.7272,3,12.74,33218.04,241.2,37.97,0.664,46.53,0,41.62,17.52,72.65,1357,63.0,Médio Risco,31
BR-00563,Bela das Flores,RR,Norte,4.0604,-61.6235,5,22.35,31731.25,313.6,46.02,0.68,46.27,0,43.05,3.5,54.28,103937,71.7,Alto Risco,2893
BR-00564,Porto do Norte,PE,Nordeste,-7.6027,-38.2645,1,89.85,,84.0,28.24,0.754,36.01,1,49.5,8.65,61.05,8487,44.3,Médio Risco,93
BR-00565,Monte Limpo,PE,Nordeste,-10.7761,-40.2943,0,28.82,38232.39,145.4,43.42,0.751,53.22,0,57.08,0.94,66.56,15329,34.6,Baixo Risco,147
BR-00566,Alto do Carvão,PI,Nordeste,-8.0213,-44.2087,0,124.44,30820.17,134.8,32.81,0.759,55.38,0,59.02,0.39,87.81,2145,34.2,Baixo Risco,21
BR-00567,São do Norte,RS,Sul,-27.2048,-52.7543,1,106.64,54256.53,94.0,30.63,0.82,46.36,0,54.01,5.08,74.57,118024,28.3,Baixo Risco,743
BR-00568,Boa Limpo,AL,Nordeste,-9.9193,-37.013,0,24.96,36811.79,96.9,29.62,0.813,41.18,0,55.77,1.04,75.94,50916,24.2,Baixo Risco,230
BR-00569,Santa das Flores,MA,Nordeste,-7.9407,-45.3351,0,5.11,36100.46,141.1,33.91,0.696,45.01,0,,2.46,65.22,48424,36.7,Baixo Risco,453
BR-00570,Cruz do Norte,PA,Norte,-1.1397,-51.025,1,18.07,27422.32,309.4,47.28,0.732,49.72,0,51.17,3.49,59.76,48017,63.3,Médio Risco,1151
BR-00571,Monte do Vale,MA,Nordeste,-4.4647,-47.1023,3,45.33,35166.09,140.0,39.78,0.736,46.09,0,74.89,13.85,65.79,2502,47.5,Médio Risco,36
BR-00572,Bela do Cedro,RR,Norte,1.952,-61.7307,6,33.24,41081.37,276.6,24.22,0.811,33.77,1,67.28,26.23,85.04,9591,54.4,Médio Risco,140
BR-00573,Campo Grande,MG,Sudeste,-18.62,-44.1158,2,46.71,33770.08,176.6,31.21,0.802,55.74,1,39.92,7.68,68.22,18682,57.3,Médio Risco,414
BR-00574,São do Norte,RS,Sul,-28.1847,-54.1858,0,89.38,52337.71,64.0,18.32,0.884,14.7,0,69.56,1.7,92.33,12888,9.8,Baixo Risco,8
BR-00575,Vila Vermelho,RR,Norte,1.2912,-59.3959,5,29.96,23546.81,325.5,51.8,0.592,58.67,0,33.33,21.42,51.83,23403,82.7,Alto Risco,968
BR-00576,Vila Vermelho,PA,Norte,-2.1824,-51.208,3,15.76,32141.94,277.2,55.9,0.664,59.51,0,35.36,8.19,62.3,44701,79.3,Alto Risco,1747
BR-00577,Boa Dourado,SP,Sudeste,-21.4309,-48.3838,0,45.71,38033.49,186.5,32.52,0.779,36.71,0,57.99,5.07,80.85,115618,28.1,Baixo Risco,617
BR-00578,Vale da Mata,PR,Sul,-24.5474,-49.0381,0,336.76,56712.12,42.4,30.47,0.882,29.18,0,47.65,1.18,93.41,5165,14.5,Baixo Risco,8
BR-00579,Serra Limpo,RR,Norte,2.2537,-63.4985,0,7.91,47550.33,105.2,8.71,0.868,36.07,1,71.78,19.76,99.0,32499,17.9,Baixo Risco,83
BR-00580,Bela Esperança,MA,Nordeste,-5.665,-45.4508,1,27.83,22367.88,244.9,60.22,0.563,72.65,0,25.86,2.09,54.67,79972,81.5,Alto Risco,3796
BR-00581,São do Carvão,MG,Sudeste,-16.6361,-43.8671,1,185.63,42253.79,150.9,38.83,0.771,29.83,1,57.32,1.45,69.62,10352,38.3,Baixo Risco,80
BR-00582,Rio das Flores,PA,Norte,-5.0015,-53.7604,4,5.49,15872.14,314.4,52.01,0.588,50.81,0,45.34,6.68,54.08,25821,81.7,Alto Risco,945
BR-00583,Vila Dourado,AP,Norte,-0.8607,-51.349,3,60.76,29061.83,282.4,44.37,,44.22,0,32.4,9.39,64.73,58876,67.2,Médio Risco,1432
BR-00584,Vale do Cedro,MT,Centro-Oeste,-11.7798,-56.9692,2,66.84,29066.52,284.9,44.93,0.698,41.69,0,44.26,6.09,71.24,33323,60.6,Médio Risco,661
BR-00585,Serra Grande,SP,Sudeste,-21.3063,-47.8232,0,6.19,36122.01,88.1,30.98,0.763,32.45,0,60.79,3.06,62.88,76324,24.9,Baixo Risco,311
BR-00586,Serra do Carvão,PE,Nordeste,-7.7077,-36.379,2,38.89,,220.2,55.1,0.636,50.63,1,37.27,1.88,55.64,36989,75.4,Alto Risco,1187
BR-00587,Campo Dourado,BA,Nordeste,-12.3892,-41.3187,2,19.62,38419.92,196.5,30.07,0.701,53.54,0,36.46,4.07,62.22,22252,58.9,Médio Risco,501
BR-00588,Lago Azul,MA,Nordeste,-5.8688,-48.0339,2,23.41,32537.54,163.3,38.99,0.707,44.16,1,61.39,7.48,68.82,7586,54.3,Médio Risco,131
BR-00589,Vila Vermelho,CE,Nordeste,-4.0975,-40.8835,1,21.51,25453.31,75.5,33.27,0.825,39.05,0,56.48,2.04,72.88,44755,30.9,Baixo Risco,289
BR-00590,Santa Azul,AC,Norte,-8.8338,-69.7594,5,91.69,40721.12,227.2,38.77,0.765,39.98,2,44.09,43.78,68.19,37234,69.4,Médio Risco,892
BR-00591,Santa do Carvão,SE,Nordeste,-11.252,-37.4203,3,23.87,34154.71,162.5,29.88,0.719,47.79,0,,5.16,59.0,9499,47.3,Médio Risco,139
BR-00592,Vale Azul,MS,Centro-Oeste,-20.9466,-58.3116,4,16.26,30144.65,292.5,43.81,0.716,57.87,0,47.75,39.54,72.74,68021,74.6,Alto Risco,2363
BR-00593,Vila da Serra,GO,Centro-Oeste,-13.1511,-48.12,0,20.77,38183.09,115.5,29.98,0.904,28.98,1,52.09,5.65,80.25,160316,23.9,Baixo Risco,573
BR-00594,Serra do Amparo,PR,Sul,-27.319,-51.3587,0,12.69,17117.73,236.2,50.87,0.581,72.27,0,33.85,0.77,49.43,14399,69.9,Médio Risco,533
BR-00595,Serra Verde,AC,Norte,-8.0703,-71.6967,0,7.64,25663.15,224.7,37.16,0.739,53.07,0,38.77,4.55,73.8,13233,49.1,Médio Risco,221
BR-00596,Vale Esperança,ES,Sudeste,-21.5408,-38.9471,6,17.47,33945.73,151.3,27.67,0.774,41.49,0,61.33,1.24,,12642,43.9,Médio Risco,149
BR-00597,Serra do Cedro,RJ,Sudeste,-22.4015,-43.6086,0,27.32,28259.57,182.6,44.17,0.715,50.13,0,52.69,1.06,66.43,4031,40.4,Médio Risco,47
BR-00598,Cruz Feliz,PE,Nordeste,-8.9871,-38.8238,1,35.93,33783.48,156.4,43.22,0.691,50.6,1,62.01,0.39,64.08,402561,54.4,Médio Risco,7663
BR-00599,Vila Esperança,TO,Norte,-13.089,-47.7983,5,76.72,39568.9,274.9,48.48,0.717,62.58,0,43.39,17.83,62.68,18749,69.2,Médio Risco,612
BR-00600,Santo do Carvão,PE,Nordeste,-7.8353,-35.3665,0,28.44,32298.29,218.5,43.32,,54.45,0,36.57,0.55,75.36,11237,44.2,Médio Risco,162
BR-00601,Vale Limpo,MG,Sudeste,-18.6321,-42.107,2,14.59,35811.48,163.3,37.2,0.656,52.59,0,33.01,4.9,62.69,8035,58.2,Médio Risco,175
BR-00602,Vila da Mata,RS,Sul,-32.6389,-52.6964,1,12.25,43431.13,49.9,29.2,0.831,30.73,0,84.39,9.96,76.68,20232,19.2,Baixo Risco,53
BR-00603,Vila do Amparo,SP,Sudeste,-21.0146,-48.1427,1,36.93,37409.41,187.0,31.0,0.791,47.99,2,60.34,1.1,83.48,13780,45.3,Médio Risco,189
BR-00604,Santa do Sertão,RJ,Sudeste,-20.241,-41.5519,4,24.14,38456.9,168.8,36.14,0.749,35.98,0,47.47,2.82,67.55,198311,43.5,Médio Risco,2104
BR-00605,Santo Limpo,TO,Norte,-8.0838,-50.0598,2,21.0,25827.18,273.9,34.8,0.664,50.64,1,60.17,5.74,49.7,6899,72.0,Alto Risco,206
BR-00606,Boa Feliz,RS,Sul,-29.1975,-52.2982,0,39.13,38511.62,94.9,26.17,0.832,58.54,0,71.16,3.68,69.77,4802,24.4,Baixo Risco,28
BR-00607,Campo do Vale,SC,Sul,-27.3855,-51.9777,0,38.23,33194.01,209.6,50.42,0.718,32.55,0,32.53,0.92,51.96,65495,41.9,Médio Risco,615
BR-00608,Vila Limpo,AM,Norte,-1.6106,-64.6541,1,36.9,43333.5,283.8,28.76,0.753,42.75,0,48.81,5.99,59.0,28738,43.5,Médio Risco,341
BR-00609,Rio do Sertão,RN,Nordeste,-3.4547,-36.9085,1,20.74,32537.68,155.2,45.11,0.719,48.7,1,47.49,5.5,62.14,24868,55.9,Médio Risco,481
BR-00610,Santo do Amparo,MS,Centro-Oeste,-18.923,-53.8383,0,14.55,37794.11,187.5,11.65,0.785,33.63,0,53.13,5.71,78.27,66141,24.8,Baixo Risco,274
BR-00611,Serra do Forno,PB,Nordeste,-8.5982,-36.5547,0,15.62,37357.19,90.5,28.5,0.747,38.73,0,55.89,0.53,81.02,38983,24.7,Baixo Risco,175
BR-00612,Serra da Mata,PI,Nordeste,-7.4381,-47.0322,1,68.53,32371.03,99.0,29.9,0.79,40.06,1,64.07,5.24,78.07,30992,36.5,Baixo Risco,266
BR-00613,Lago do Sertão,TO,Norte,-9.5547,-48.0496,1,12.89,23280.02,246.3,62.4,0.62,54.33,1,25.0,3.16,57.45,5670,79.9,Alto Risco,210
BR-00614,Boa Esperança,TO,Norte,-12.7035,-47.401,2,5.74,28888.61,266.0,39.0,0.632,52.94,1,45.73,8.67,52.84,4084,73.5,Alto Risco,130
BR-00615,Nova do Amparo,GO,Centro-Oeste,-15.3229,-49.2357,1,61.8,20881.95,275.2,56.82,0.587,53.35,0,47.06,14.41,58.74,13691,74.8,Alto Risco,450
BR-00616,Monte Azul,RN,Nordeste,-2.6278,-36.7336,2,9.17,31538.35,181.5,48.93,0.656,62.83,0,50.0,2.56,72.14,8472,63.1,Médio Risco,239
BR-00617,São Esperança,RN,Nordeste,-4.9141,-34.291,2,34.38,46820.0,68.3,20.09,0.853,32.5,0,63.26,13.35,82.7,46005,24.8,Baixo Risco,187
BR-00618,Alto do Cedro,MA,Nordeste,-3.3572,-45.0041,1,46.85,39886.24,123.0,29.91,0.707,44.39,0,50.46,3.56,75.43,3469,41.3,Médio Risco,39
BR-00619,Lago do Vale,AM,Norte,-3.2139,-64.4873,2,21.29,20027.09,235.6,48.85,0.615,48.28,1,48.65,7.14,48.32,18789,77.7,Alto Risco,612
BR-00620,Rio Verde,AL,Nordeste,-9.7225,-35.3577,0,2.01,29845.75,171.2,32.71,0.636,54.42,0,36.76,3.71,70.73,26467,48.3,Médio Risco,439
BR-00621,Monte do Carvão,RS,Sul,-29.1662,-52.6924,0,43.94,42183.41,64.4,27.49,0.806,44.0,1,60.52,2.27,86.8,31271,24.4,Baixo Risco,150
BR-00622,Serra Vermelho,MG,Sudeste,-19.2422,-45.6372,1,96.83,41927.62,156.0,45.57,0.667,47.9,0,51.14,2.24,69.17,54106,50.3,Médio Risco,875
BR-00623,Campo do Vale,TO,Norte,-11.5193,-51.7137,3,37.9,16033.17,300.5,62.03,0.565,54.42,1,40.78,12.08,42.49,21847,86.0,Alto Risco,911
BR-00624,Alto do Sertão,MG,Sudeste,-16.3272,-45.048,4,2.09,20680.12,234.1,57.28,0.627,55.81,0,26.06,2.09,46.17,14266,79.8,Alto Risco,538
BR-00625,Campo das Flores,TO,Norte,-8.2487,-47.2347,2,215.22,38339.41,173.3,38.7,0.788,56.85,2,46.33,8.53,63.86,155687,60.9,Médio Risco,3858
BR-00626,Bela da Mata,MT,Centro-Oeste,-14.0275,-55.9143,8,4.22,12946.94,349.8,66.75,0.466,59.73,0,15.26,7.1,,22026,94.4,Alto Risco,1141
BR-00627,São Grande,RO,Norte,-9.4748,-62.2184,2,7.66,34247.61,246.7,49.52,0.686,54.98,0,48.12,1.75,64.72,193670,60.5,Médio Risco,4636
BR-00628,Lago Azul,AP,Norte,1.2883,-51.5618,3,61.38,43758.86,220.5,29.89,0.733,34.64,0,51.62,16.62,73.39,21886,50.9,Médio Risco,292
BR-00629,Rio do Cedro,PB,Nordeste,-6.8043,-34.9167,0,43.96,44446.23,68.5,42.7,0.724,48.51,0,47.43,1.28,78.21,32198,29.9,Baixo Risco,228
BR-00630,Boa Feliz,RO,Norte,-10.1857,-63.7533,4,25.75,33043.12,202.9,49.95,0.694,43.44,0,40.01,8.57,65.51,27627,64.3,Médio Risco,619
BR-00631,Bela Limpo,SE,Nordeste,-9.1779,-36.7953,0,14.27,45042.72,140.8,42.98,0.765,39.02,0,54.78,1.2,59.9,43872,30.2,Baixo Risco,273
BR-00632,Serra Vermelho,RO,Norte,-10.7142,-62.6318,0,106.95,34933.63,259.8,27.84,0.791,36.0,0,45.82,3.7,68.25,19442,39.6,Baixo Risco,178
BR-00633,Vila Feliz,AL,Nordeste,-7.6458,-34.7178,0,26.26,47204.5,157.0,28.58,0.731,38.54,0,44.89,0.9,66.08,37055,26.8,Baixo Risco,189
BR-00634,Nova do Carvão,MA,Nordeste,-4.9868,-47.8293,6,4.11,26733.46,208.5,50.0,0.644,58.94,0,45.41,5.74,52.04,222686,78.8,Alto Risco,8557
BR-00635,Santa Esperança,AL,Nordeste,-8.7461,-37.4618,1,89.67,,114.9,37.36,,44.72,0,50.3,5.52,80.36,121913,45.7,Médio Risco,1613
BR-00636,Cruz do Forno,AM,Norte,-4.6366,-63.9121,2,34.6,35704.94,176.3,23.18,0.737,34.03,0,63.49,6.87,84.58,122967,36.2,Baixo Risco,939
BR-00637,Cruz do Amparo,PI,Nordeste,-4.6979,-40.5657,0,98.55,47834.6,114.6,28.8,0.797,35.19,0,59.34,1.17,84.43,6140,23.0,Baixo Risco,23
BR-00638,Rio do Sertão,RJ,Sudeste,-21.5922,-42.3239,0,59.86,52582.21,120.6,31.25,0.847,25.55,0,64.8,0.45,81.64,7516,16.3,Baixo Risco,14
BR-00639,Monte Dourado,RS,Sul,-28.7018,-53.6098,1,407.95,44197.35,83.4,21.7,0.879,33.87,1,,3.01,76.37,43139,25.5,Baixo Risco,188
BR-00640,Santa Limpo,SC,Sul,-29.7015,-49.89,2,20.35,36419.3,195.2,29.82,0.757,47.55,0,67.29,1.18,72.35,86114,41.1,Médio Risco,1002
BR-00641,Porto do Norte,RN,Nordeste,-6.9618,-35.3738,0,24.68,20955.75,138.2,36.14,0.701,47.17,0,59.78,0.93,58.49,17173,45.0,Médio Risco,230
BR-00642,Vale do Forno,RO,Norte,-9.097,-63.8435,0,48.0,29169.94,256.0,44.72,0.691,50.84,0,56.45,7.94,73.49,13739,48.7,Médio Risco,220
BR-00643,Rio Dourado,AL,Nordeste,-9.2184,-36.3576,0,18.69,29348.26,94.3,37.76,0.743,57.84,0,44.51,1.67,54.93,187644,40.8,Médio Risco,2481
BR-00644,Cruz do Cedro,DF,Centro-Oeste,-18.5093,-46.2073,0,59.17,34257.1,231.8,38.92,0.749,42.55,0,43.63,2.08,71.2,77447,36.2,Baixo Risco,682
BR-00645,Vale Grande,PE,Nordeste,-6.9264,-35.2134,2,1.65,56971.49,162.3,31.03,0.804,30.04,0,67.89,0.61,70.92,123313,27.2,Baixo Risco,553
BR-00646,Boa Azul,RR,Norte,1.2887,-60.3604,1,28.92,50610.49,156.1,34.39,0.824,41.03,0,73.03,8.04,76.57,18924,34.4,Baixo Risco,150
BR-00647,Bela do Forno,AC,Norte,-6.7942,-70.4882,1,22.76,26072.97,263.8,32.08,0.752,37.8,0,60.45,4.31,70.64,17154,47.3,Médio Risco,215
BR-00648,Vale Grande,PA,Norte,-3.913,-52.5557,4,21.28,34741.68,291.0,41.85,0.69,45.56,1,48.51,11.24,71.54,107593,73.7,Alto Risco,3096
BR-00649,Santa Verde,PI,Nordeste,-7.4334,-41.9496,2,10.33,36601.19,133.4,37.53,0.714,42.2,0,55.72,2.5,64.75,23661,46.2,Médio Risco,306
BR-00650,Santa do Norte,AC,Norte,-7.1195,-70.7119,3,74.8,39128.45,214.6,28.77,0.839,33.27,0,65.88,14.53,80.5,15313,39.9,Baixo Risco,135
BR-00651,Santa do Norte,MT,Centro-Oeste,-13.8965,-55.1545,4,10.67,19272.44,360.9,62.84,0.535,58.87,0,33.2,5.01,43.22,10493,88.3,Alto Risco,483
BR-00652,Vila Azul,SP,Sudeste,-23.58,-50.271,2,34.15,38932.85,141.9,39.32,0.829,47.75,0,56.93,2.43,72.91,17342,36.8,Baixo Risco,170
BR-00653,Santo do Norte,PI,Nordeste,-7.9951,-40.9141,0,22.78,23805.78,195.0,50.71,0.649,56.2,0,,3.86,69.67,98111,55.5,Médio Risco,2078
BR-00654,Monte da Mata,DF,Centro-Oeste,-14.672,-49.4563,1,58.29,42198.36,104.9,23.67,,38.13,0,60.03,3.35,85.45,4979,19.2,Baixo Risco,15
BR-00655,Boa do Amparo,RR,Norte,0.1868,-62.005,2,99.72,31756.18,266.6,41.21,0.666,50.46,0,40.91,18.81,59.38,72137,67.4,Médio Risco,1931
BR-00656,Santa da Serra,MA,Nordeste,-7.7552,-45.3034,3,17.27,9751.52,287.3,67.64,0.559,67.94,0,14.43,0.93,34.79,13558,90.7,Alto Risco,726
BR-00657,Monte das Flores,RR,Norte,3.2032,-58.6126,3,51.06,24015.88,215.3,35.67,0.648,34.94,1,28.63,4.18,66.14,25264,66.7,Médio Risco,521
BR-00658,Rio da Serra,GO,Centro-Oeste,-16.8242,-50.4518,0,27.58,26958.81,211.8,49.86,0.682,50.64,0,48.42,1.95,55.49,27370,53.1,Médio Risco,502
BR-00659,Bela do Vale,PR,Sul,-25.4391,-52.4824,0,17.93,39681.29,142.7,28.3,0.778,22.91,0,57.97,1.07,67.72,24936,23.4,Baixo Risco,76
BR-00660,Cruz Limpo,MT,Centro-Oeste,-15.2395,-56.1911,0,26.14,45098.14,188.4,32.59,0.8,24.87,0,65.84,5.57,79.2,22950,27.4,Baixo Risco,94
BR-00661,Santo Feliz,ES,Sudeste,-20.1406,-38.0175,0,23.35,41496.58,152.1,32.1,0.797,35.99,0,71.81,3.61,73.39,18855,23.0,Baixo Risco,72
BR-00662,Cruz Azul,SC,Sul,-27.4606,-54.8873,0,55.31,50443.72,121.9,19.98,0.809,38.52,0,,1.62,66.84,16086,17.7,Baixo Risco,42
BR-00663,Santo do Norte,BA,Nordeste,-11.6575,-43.1038,0,25.39,25592.5,176.4,38.63,0.557,46.77,0,57.64,1.48,70.33,171051,51.4,Médio Risco,2815
BR-00664,Cruz do Vale,AP,Norte,0.3303,-47.9462,0,14.98,45647.34,173.8,33.77,0.839,45.07,0,57.06,1.69,72.18,33905,28.3,Baixo Risco,209
BR-00665,Bela do Vale,MA,Nordeste,-3.0997,-44.6128,2,15.93,21539.31,212.2,53.18,0.624,58.92,1,24.97,1.01,52.46,28073,80.4,Alto Risco,1114
BR-00666,Lago Grande,RJ,Sudeste,-23.2084,-44.2084,1,6.24,41567.32,156.8,28.64,0.813,38.63,0,64.88,2.53,68.17,14679,32.2,Baixo Risco,101
BR-00667,Porto das Flores,RO,Norte,-11.7863,-63.3987,6,16.72,19869.12,298.4,50.09,0.674,64.93,0,50.86,17.76,52.34,19733,85.1,Alto Risco,921
BR-00668,Monte do Norte,TO,Norte,-8.0177,-48.2056,1,30.24,50425.14,183.6,35.91,0.791,49.17,0,73.14,4.5,68.94,14743,35.9,Baixo Risco,141
BR-00669,Campo Azul,GO,Centro-Oeste,-15.684,-48.6754,0,157.67,25815.73,273.0,43.22,0.761,48.32,1,55.56,18.83,72.2,85535,60.7,Médio Risco,1879
BR-00670,Alto Vermelho,MT,Centro-Oeste,-13.4128,-52.8447,3,76.15,31645.03,306.2,42.94,0.582,50.51,0,19.59,4.16,54.34,12810,76.3,Alto Risco,418
BR-00671,Vale Verde,AM,Norte,-3.6872,-64.556,2,9.05,34092.55,246.1,48.21,0.753,41.51,0,53.72,5.29,73.32,1983,58.8,Médio Risco,37
BR-00672,Rio Limpo,PB,Nordeste,-5.3857,-37.4757,1,34.77,40998.15,133.8,38.41,0.752,30.64,0,61.03,1.56,67.76,35344,33.8,Baixo Risco,227
BR-00673,Alto da Serra,TO,Norte,-8.1173,-47.1981,7,28.03,35172.33,274.7,43.98,0.634,50.2,1,55.44,27.19,75.1,23173,78.7,Alto Risco,792
BR-00674,Serra do Sertão,RJ,Sudeste,-23.3935,-43.6376,0,21.25,,78.5,28.63,0.741,35.92,0,65.84,2.33,55.64,15800,26.6,Baixo Risco,76
BR-00675,Nova Limpo,PR,Sul,-24.9494,-52.9967,0,22.18,31194.41,155.3,43.22,0.787,41.85,0,60.08,0.5,56.8,102687,30.4,Baixo Risco,677
BR-00676,São da Mata,MT,Centro-Oeste,-12.5138,-57.8839,6,16.68,,303.7,44.89,0.704,50.05,0,41.65,16.38,75.21,1200,71.3,Alto Risco,35
BR-00677,Serra do Norte,SP,Sudeste,-23.5707,-50.9812,1,175.2,45327.09,149.1,26.7,0.802,29.12,0,44.03,9.11,72.61,235698,32.1,Baixo Risco,1354
BR-00678,Vale do Carvão,MG,Sudeste,-18.178,-45.635,5,14.12,21947.88,190.2,46.17,0.628,43.77,2,46.4,2.06,59.99,122804,76.6,Alto Risco,3659
BR-00679,Cruz do Norte,AM,Norte,-3.4625,-66.7489,3,28.88,35243.73,254.7,68.5,0.673,50.8,0,32.36,4.21,58.51,14987,76.9,Alto Risco,498
BR-00680,Serra do Amparo,MA,Nordeste,-3.8237,-45.0015,4,1.78,30153.95,195.7,45.34,0.649,50.41,1,57.12,4.84,63.84,18705,68.2,Médio Risco,510
BR-00681,São Grande,AL,Nordeste,-7.9296,-38.4992,1,57.34,30985.06,148.1,34.57,0.729,42.39,1,34.5,10.59,67.93,61727,57.5,Médio Risco,1138
BR-00682,Vale do Forno,CE,Nordeste,-5.6609,-43.9311,2,76.36,25581.22,215.6,36.89,0.698,47.06,0,51.16,4.61,55.3,63833,58.3,Médio Risco,1291
BR-00683,Nova do Cedro,AC,Norte,-9.0695,-72.0115,1,9.63,35866.52,186.4,44.83,0.783,37.07,0,57.38,1.85,76.23,14878,38.2,Baixo Risco,131
BR-00684,Campo Vermelho,MS,Centro-Oeste,-19.58,-55.2006,1,17.76,30213.9,186.4,35.49,0.799,28.86,0,56.3,11.68,,4355,38.0,Baixo Risco,33
BR-00685,Serra Feliz,PE,Nordeste,-9.1993,-38.7076,0,44.59,36123.3,109.8,41.11,0.746,37.06,0,47.66,2.75,81.98,461444,31.1,Baixo Risco,2915
BR-00686,Vila Feliz,MA,Nordeste,-4.5959,-43.3127,1,24.79,30407.45,226.0,42.32,0.738,45.79,1,29.54,1.05,76.45,108571,59.6,Médio Risco,2232
BR-00687,Santa Grande,MS,Centro-Oeste,-20.6331,-55.399,0,39.7,27341.6,230.4,47.1,0.778,44.11,0,44.52,20.66,67.62,39977,49.4,Médio Risco,593
BR-00688,Boa da Mata,TO,Norte,-11.5272,-47.0667,6,15.98,,249.1,42.74,0.631,53.61,1,36.71,11.89,48.75,40934,79.2,Alto Risco,1481
BR-00689,Monte Feliz,RN,Nordeste,-7.1496,-36.6166,2,142.81,26742.95,107.2,46.7,0.604,54.1,0,53.37,6.99,71.77,71442,58.7,Médio Risco,1610
BR-00690,Boa do Amparo,PA,Norte,-1.7641,-52.5392,3,10.07,19695.4,252.2,53.71,0.636,60.9,2,30.28,3.82,46.2,82978,85.7,Alto Risco,3736
BR-00691,Santo do Amparo,ES,Sudeste,-19.409,-41.5095,2,414.28,36107.96,151.5,41.54,0.756,36.83,0,59.49,2.77,73.78,2421,37.8,Baixo Risco,21
BR-00692,Alto Verde,SP,Sudeste,-19.8935,-48.8723,1,86.47,34613.47,174.8,41.33,0.714,35.13,1,37.82,1.08,63.66,21193,51.5,Médio Risco,290
BR-00693,Cruz Verde,DF,Centro-Oeste,-16.5491,-48.9311,3,74.02,43838.09,162.8,22.26,0.844,44.43,1,66.72,7.28,75.39,18610,41.2,Médio Risco,208
BR-00694,São do Norte,GO,Centro-Oeste,-15.5723,-49.622,5,7.19,20769.36,256.5,50.6,0.617,57.42,0,18.89,28.33,60.38,26855,85.7,Alto Risco,1158
BR-00695,Cruz Verde,SP,Sudeste,-18.8403,-49.1207,1,53.18,27028.37,252.3,37.48,0.645,45.92,0,60.48,0.8,59.33,86120,53.8,Médio Risco,1506
BR-00696,Nova Feliz,PA,Norte,-5.2703,-53.8025,2,46.16,33017.45,328.7,24.95,0.719,47.67,0,48.71,2.44,69.57,3507,53.2,Médio Risco,62
BR-00697,Vila do Carvão,RN,Nordeste,-8.4669,-35.2013,0,2.94,26330.99,200.5,45.43,0.762,54.45,0,23.32,4.83,58.76,6085,55.2,Médio Risco,125
BR-00698,Santa do Carvão,PR,Sul,-23.0888,-50.9524,0,6.23,32056.91,207.8,36.34,0.726,57.6,0,43.8,2.16,65.04,14014,47.1,Médio Risco,232
BR-00699,Bela do Norte,PE,Nordeste,-9.5375,-38.4873,1,29.6,27881.98,256.0,47.75,,55.77,1,32.01,6.59,50.51,39852,75.2,Alto Risco,1365
BR-00700,Cruz Feliz,GO,Centro-Oeste,-16.009,-49.6563,2,22.74,37354.24,306.0,42.32,0.693,51.92,0,45.57,3.73,66.08,92982,63.1,Médio Risco,2285
BR-00701,Santo do Norte,DF,Centro-Oeste,-16.6503,-47.9774,1,23.61,50930.18,133.8,23.54,0.916,18.45,0,69.6,5.25,88.05,252497,17.0,Baixo Risco,414
BR-00702,Campo das Flores,GO,Centro-Oeste,-15.6046,-51.0746,1,66.09,31797.24,226.8,48.21,0.635,50.34,0,38.1,13.9,72.98,22973,67.7,Médio Risco,618
BR-00703,Lago do Forno,BA,Nordeste,-14.2908,-41.6013,2,9.13,22823.68,245.1,57.44,0.613,48.93,0,35.88,2.89,,92791,73.2,Alto Risco,2774
BR-00704,Bela do Amparo,SC,Sul,-27.7019,-51.8194,0,23.66,44872.27,42.4,21.28,0.908,31.78,0,59.45,0.38,71.0,79834,14.1,Baixo Risco,129
BR-00705,Lago do Norte,ES,Sudeste,-18.5603,-41.6629,1,10.65,23008.84,161.4,52.04,0.657,66.01,0,46.41,25.04,64.78,64672,67.9,Médio Risco,2131
BR-00706,Vila do Norte,PB,Nordeste,-8.6916,-38.9919,0,61.17,56448.98,44.1,20.53,0.867,31.79,0,79.89,1.91,88.23,31877,12.0,Baixo Risco,40
BR-00707,Campo da Mata,RO,Norte,-11.8101,-63.8421,1,6.71,50598.84,150.8,10.34,0.898,22.65,0,67.79,1.81,85.17,19942,18.1,Baixo Risco,40
BR-00708,Bela do Cedro,RS,Sul,-30.1863,-52.4062,1,11.38,19399.53,144.7,60.37,0.604,49.38,0,34.61,3.6,47.71,8675,66.4,Médio Risco,223
BR-00709,Serra Dourado,MS,Centro-Oeste,-22.5103,-55.5125,0,4.56,41488.07,181.8,23.58,0.749,56.75,0,40.45,10.17,59.96,7987,41.9,Médio Risco,109
BR-00710,Monte do Cedro,MG,Sudeste,-18.6916,-40.851,1,14.94,22997.86,174.8,46.5,0.655,58.16,0,39.86,5.78,68.79,50709,63.3,Médio Risco,1359
BR-00711,Nova do Sertão,TO,Norte,-10.0037,-47.06,3,46.28,39569.95,215.8,45.16,0.583,53.74,0,46.12,16.83,60.41,30699,67.7,Médio Risco,865
BR-00712,Monte do Cedro,PI,Nordeste,-8.2794,-40.9039,0,46.54,25330.27,217.3,40.93,0.66,48.71,0,41.45,2.05,47.26,19548,57.5,Médio Risco,396
BR-00713,Serra Feliz,RO,Norte,-11.2099,-62.2267,2,13.57,32709.9,213.1,30.49,0.786,43.11,0,59.02,1.68,73.75,75434,44.3,Médio Risco,926
BR-00714,Rio da Serra,SP,Sudeste,-22.2179,-46.196,0,47.93,36964.68,152.9,44.21,0.754,34.29,0,58.27,2.91,79.93,25575,31.2,Baixo Risco,155
BR-00715,Nova das Flores,RS,Sul,-30.618,-54.3018,0,21.33,32745.3,167.3,44.59,0.731,47.72,0,41.37,0.58,67.95,10494,39.3,Baixo Risco,114
BR-00716,Vale do Norte,BA,Nordeste,-11.9925,-45.285,3,86.86,24004.12,172.1,41.35,0.697,42.73,2,54.35,6.43,53.31,23550,68.7,Médio Risco,580
BR-00717,Campo Esperança,PB,Nordeste,-5.2696,-37.3446,0,24.98,51283.68,165.0,29.75,0.776,38.21,0,54.2,1.11,65.13,91655,28.4,Baixo Risco,511
BR-00718,Nova Esperança,AP,Norte,0.7599,-50.9885,5,1.13,29435.94,276.1,38.06,0.721,46.66,0,58.45,13.47,52.95,9142,66.5,Médio Risco,227
BR-00719,Boa Grande,PE,Nordeste,-7.7007,-37.6479,0,45.95,23240.97,202.3,58.68,0.639,35.28,0,38.73,1.65,61.6,42685,53.8,Médio Risco,628
BR-00720,Nova Verde,SE,Nordeste,-10.9055,-37.0643,0,24.13,48291.19,12.5,15.53,0.892,25.97,0,88.82,1.05,86.58,30660,8.6,Baixo Risco,20
BR-00721,Lago do Forno,PA,Norte,-3.2783,-50.6307,6,14.83,19623.39,304.0,40.64,0.608,50.2,0,47.46,4.74,,12695,80.3,Alto Risco,448
BR-00722,Campo da Serra,MS,Centro-Oeste,-18.3179,-54.0051,1,35.48,38601.87,189.2,39.22,0.625,44.05,0,52.27,12.87,68.92,22773,51.4,Médio Risco,360
BR-00723,Porto do Amparo,AL,Nordeste,-8.9079,-35.7015,2,5.83,23178.02,175.9,43.67,0.694,47.45,1,41.39,1.38,64.88,4607,63.7,Médio Risco,108
BR-00724,Rio do Sertão,TO,Norte,-12.6528,-49.6154,2,27.92,28664.6,231.8,43.26,0.686,57.0,0,45.02,13.19,64.19,37686,65.0,Médio Risco,1038
BR-00725,São do Amparo,AP,Norte,2.0456,-53.3036,0,63.64,48366.19,108.6,17.84,0.894,31.53,0,,3.29,78.72,5968,13.7,Baixo Risco,9
BR-00726,São do Cedro,AL,Nordeste,-7.894,-34.5602,2,41.4,45508.55,137.2,29.73,0.783,42.59,0,57.94,1.64,65.21,125561,42.2,Médio Risco,1415
BR-00727,Rio Limpo,DF,Centro-Oeste,-16.1402,-47.7187,1,13.32,29717.25,249.1,52.91,0.73,50.88,0,42.63,7.75,71.54,29291,62.6,Médio Risco,701
BR-00728,Serra do Norte,AL,Nordeste,-8.2261,-37.6925,3,54.9,26378.61,204.1,50.23,0.682,60.8,1,46.56,2.96,56.79,16078,72.9,Alto Risco,558
BR-00729,Porto da Serra,MS,Centro-Oeste,-21.4762,-55.41,0,8.93,31687.26,247.7,45.36,0.705,50.63,0,48.23,3.6,67.24,140182,52.2,Médio Risco,2499
BR-00730,Santa do Sertão,PA,Norte,-5.8698,-53.3888,5,11.15,31747.1,249.8,45.73,0.722,55.71,0,47.79,14.96,57.95,9047,73.3,Alto Risco,297
BR-00731,Nova Dourado,GO,Centro-Oeste,-15.7824,-50.8525,1,15.55,,324.7,61.38,0.585,65.27,0,23.47,7.8,50.55,12905,86.6,Alto Risco,622
BR-00732,Vila da Mata,AL,Nordeste,-12.0791,-38.6164,2,40.32,44195.17,95.6,21.01,0.749,21.5,0,67.8,2.94,71.52,3339,26.7,Baixo Risco,12
BR-00733,Santa Dourado,AM,Norte,-3.8057,-67.2006,1,15.51,25495.19,229.2,44.65,0.635,67.13,0,46.24,8.21,56.29,168870,68.1,Médio Risco,5662
BR-00734,Vale do Vale,MT,Centro-Oeste,-10.8384,-55.693,2,99.5,43890.12,229.3,24.07,0.77,50.86,1,68.06,10.36,81.43,341493,51.8,Médio Risco,6032
BR-00735,Nova Limpo,AL,Nordeste,-12.2937,-37.6501,0,48.08,43788.45,117.2,16.82,0.89,32.64,0,76.57,1.19,93.67,4056,14.9,Baixo Risco,7
BR-00736,Santa Vermelho,RJ,Sudeste,-24.0413,-41.11,1,30.36,37954.82,153.8,40.63,0.735,31.28,2,54.77,1.07,62.98,11852,48.8,Médio Risco,139
BR-00737,Vale do Vale,CE,Nordeste,-6.6448,-39.1197,0,34.64,35133.31,135.7,32.21,0.736,51.83,0,51.38,2.95,67.42,35856,37.2,Baixo Risco,378
BR-00738,Boa do Cedro,GO,Centro-Oeste,-16.0686,-49.4886,5,40.41,17300.69,218.9,57.0,0.607,51.83,1,52.69,6.08,58.52,17247,84.2,Alto Risco,672
BR-00739,Santo do Forno,MT,Centro-Oeste,-13.152,-56.4604,5,31.79,26463.19,288.2,48.49,0.703,49.87,0,,23.59,78.66,31598,73.4,Alto Risco,962
BR-00740,Alto Vermelho,MT,Centro-Oeste,-10.6812,-55.5894,3,3.36,21706.25,207.4,49.63,0.664,45.41,0,46.17,9.11,67.91,28368,72.1,Alto Risco,786
BR-00741,Serra Esperança,AC,Norte,-7.4339,-70.0446,0,65.38,28167.6,282.4,52.09,0.688,67.07,0,39.55,2.72,53.41,54690,63.0,Médio Risco,1618
BR-00742,Campo Dourado,AM,Norte,-2.7766,-64.0973,1,27.83,28570.93,312.6,43.22,0.754,36.55,1,32.11,4.64,73.79,9885,59.7,Médio Risco,176
BR-00743,Nova da Mata,RR,Norte,2.2539,-61.5314,2,48.66,30441.73,245.2,41.06,0.699,47.39,1,37.5,3.35,64.96,41807,69.4,Médio Risco,1123
BR-00744,Monte Limpo,AC,Norte,-8.2195,-69.0392,6,16.76,23697.84,245.2,43.56,0.763,31.02,1,53.46,17.24,73.12,8142,68.6,Médio Risco,164
BR-00745,Santa Feliz,PA,Norte,-4.9968,-52.4688,5,4.16,32376.39,243.0,48.71,0.685,44.48,1,57.46,13.28,72.67,19637,72.8,Alto Risco,545
BR-00746,Lago do Sertão,MG,Sudeste,-16.8999,-43.27,4,2.07,29062.07,205.9,46.81,0.581,52.08,1,42.31,2.51,45.78,3748,76.7,Alto Risco,126
BR-00747,Serra da Serra,MA,Nordeste,-6.9769,-46.1258,5,11.65,43949.67,202.4,24.1,0.752,46.54,0,69.0,2.41,78.54,19817,43.0,Médio Risco,244
BR-00748,Campo Limpo,MS,Centro-Oeste,-19.3405,-57.0776,1,34.51,24297.95,245.7,43.53,0.638,51.29,0,43.11,8.03,62.63,16060,63.7,Médio Risco,397
BR-00749,Bela do Sertão,RS,Sul,-28.0394,-52.8243,0,144.88,53298.26,30.5,21.13,0.953,34.89,0,65.9,3.02,88.74,106881,11.3,Baixo Risco,129
BR-00750,Porto do Amparo,RR,Norte,2.3452,-60.3845,5,30.12,23897.18,247.9,52.25,0.649,43.79,0,48.96,12.23,57.89,30514,73.5,Alto Risco,851
BR-00751,Alto da Serra,ES,Sudeste,-19.4367,-39.5345,1,9.77,45704.74,194.7,30.22,0.749,39.44,0,56.76,3.53,60.23,38297,34.4,Baixo Risco,296
BR-00752,Boa do Sertão,GO,Centro-Oeste,-15.4196,-49.2689,4,10.1,38110.97,240.5,32.99,0.66,49.39,1,38.11,6.96,64.07,31950,72.7,Alto Risco,951
BR-00753,Vila do Sertão,DF,Centro-Oeste,-19.8361,-48.348,1,116.23,41059.28,216.1,26.05,0.812,42.23,0,62.71,3.84,75.92,2295,32.1,Baixo Risco,17
BR-00754,Bela do Amparo,MG,Sudeste,-17.6768,-45.5094,2,7.2,48575.42,180.6,39.2,0.73,45.96,0,53.56,3.57,62.39,2708,50.4,Médio Risco,43
BR-00755,Cruz da Mata,PI,Nordeste,-7.8787,-41.9576,1,254.38,38603.81,139.9,27.46,0.791,42.05,0,55.17,6.4,74.33,22063,33.9,Baixo Risco,174
BR-00756,Serra das Flores,DF,Centro-Oeste,-15.9009,-47.263,0,254.89,45271.87,182.7,16.94,0.858,29.34,0,70.61,12.35,89.29,46546,18.9,Baixo Risco,115
BR-00757,Vale da Serra,MA,Nordeste,-4.4309,-46.2253,5,173.71,21126.14,245.1,46.58,0.617,58.95,0,52.24,9.2,51.61,24500,79.9,Alto Risco,963
BR-00758,Campo das Flores,SE,Nordeste,-10.6747,-35.8968,3,40.65,36192.67,145.9,39.89,0.804,35.42,0,67.3,2.31,70.89,11158,40.0,Médio Risco,103
BR-00759,Santa Dourado,AL,Nordeste,-11.2163,-38.056,2,16.09,40289.24,160.1,46.66,0.68,52.99,0,46.15,1.1,48.2,24333,55.2,Médio Risco,490
BR-00760,Santo da Serra,MG,Sudeste,-18.298,-45.1969,1,27.81,21020.39,211.4,56.07,0.588,67.83,0,37.3,1.34,62.23,21832,73.7,Alto Risco,837
BR-00761,Boa Limpo,RJ,Sudeste,-22.1554,-40.369,1,59.61,26924.95,152.3,42.41,0.745,36.02,1,34.59,6.89,63.6,87008,55.6,Médio Risco,1368
BR-00762,Lago da Mata,BA,Nordeste,-12.7991,-40.484,1,11.09,21597.17,277.0,51.08,0.63,56.33,0,56.71,0.57,49.54,81127,67.3,Médio Risco,2343
BR-00763,Boa do Sertão,AL,Nordeste,-9.3933,-37.3212,1,9.02,42022.21,121.1,37.78,0.803,47.42,0,63.02,6.89,52.48,16452,36.0,Baixo Risco,155
BR-00764,Lago das Flores,AM,Norte,-2.0149,-64.6977,4,13.97,25400.55,312.8,49.52,0.643,68.81,0,41.1,4.99,57.53,30872,78.8,Alto Risco,1332
BR-00765,Nova do Norte,SP,Sudeste,-23.7104,-48.5733,1,13.14,35856.45,77.9,34.79,0.775,45.8,0,35.61,9.27,75.99,46409,38.3,Baixo Risco,470
BR-00766,Cruz Vermelho,AC,Norte,-8.524,-73.0,0,120.27,37299.02,174.9,26.72,0.804,33.02,0,66.67,5.3,83.78,55871,25.1,Baixo Risco,233
BR-00767,Campo Verde,CE,Nordeste,-3.3941,-40.7991,2,16.26,35029.3,108.9,36.47,0.877,41.34,0,57.85,3.38,81.04,259302,35.9,Baixo Risco,2212
BR-00768,Boa do Norte,AC,Norte,-11.1985,-70.6212,3,26.43,39819.26,267.8,43.97,0.716,42.64,0,53.62,51.13,69.5,31724,64.7,Médio Risco,709
BR-00769,Lago Feliz,AM,Norte,-3.2185,-65.5993,1,54.3,27648.05,302.3,44.52,0.621,52.08,0,34.88,6.68,56.31,141624,68.8,Médio Risco,4006
BR-00770,Rio Vermelho,PE,Nordeste,-9.1995,-37.5141,2,97.84,36747.66,188.9,30.04,0.788,33.23,1,51.73,1.56,68.04,7707,48.3,Médio Risco,92
BR-00771,Vale do Amparo,DF,Centro-Oeste,-16.349,-46.2787,2,25.94,,317.3,45.8,0.672,63.7,0,,4.85,53.86,14808,69.2,Médio Risco,490
BR-00772,São Dourado,PB,Nordeste,-8.5467,-37.1702,1,46.38,52447.37,107.2,28.18,0.862,39.5,0,54.44,0.82,80.35,2276,24.4,Baixo Risco,10
BR-00773,Lago Dourado,PR,Sul,-25.1274,-53.0307,0,10.24,37908.3,98.3,32.07,0.748,34.5,0,50.68,1.53,81.63,39701,23.9,Baixo Risco,157
BR-00774,Santa do Vale,RR,Norte,4.5,-60.9452,1,102.24,48910.51,130.2,12.3,0.891,31.9,0,70.87,3.44,84.41,73821,17.4,Baixo Risco,168
BR-00775,São do Amparo,AC,Norte,-10.5402,-71.0073,0,69.52,19899.3,295.0,45.29,0.577,64.31,1,49.29,3.29,63.58,1347,74.2,Alto Risco,50
BR-00776,Santa do Forno,RR,Norte,0.4125,-61.6185,1,4.82,40854.54,196.8,14.93,0.836,43.67,0,68.22,5.16,79.56,41579,27.2,Baixo Risco,236
BR-00777,Santa Azul,PE,Nordeste,-10.2027,-38.2685,2,143.72,24864.63,168.0,21.39,0.712,40.21,0,,3.21,67.46,69931,44.8,Médio Risco,835
BR-00778,Serra Feliz,BA,Nordeste,-10.5416,-38.5614,0,10.75,19421.54,166.2,46.15,0.669,30.19,1,42.76,1.21,75.03,65124,52.0,Médio Risco,827
BR-00779,Cruz do Vale,RS,Sul,-30.3473,-56.337,1,42.92,21999.66,217.4,56.15,,51.15,0,60.2,2.03,74.31,7370,54.3,Médio Risco,141
BR-00780,Vila do Sertão,RR,Norte,2.0141,-61.9437,1,31.96,45326.39,151.1,41.29,0.78,32.89,0,42.39,19.72,85.81,86370,35.5,Baixo Risco,626
BR-00781,Vila Grande,ES,Sudeste,-19.7539,-40.3452,0,29.67,34759.36,89.2,21.29,0.785,40.79,0,79.5,0.59,71.71,33244,20.8,Baixo Risco,117
BR-00782,Cruz Verde,SP,Sudeste,-23.5122,-49.8836,0,31.94,61513.35,28.2,16.46,0.935,33.89,0,91.86,7.17,99.0,68789,11.0,Baixo Risco,78
BR-00783,Cruz Feliz,MS,Centro-Oeste,-20.8392,-53.2802,1,11.5,38252.36,185.8,19.2,0.861,44.89,0,64.6,3.59,75.92,28076,30.3,Baixo Risco,193
BR-00784,Cruz Dourado,PR,Sul,-21.4485,-50.4114,1,44.71,43975.68,188.3,28.46,0.723,55.92,0,,2.48,66.85,52907,42.4,Médio Risco,726
BR-00785,São Dourado,TO,Norte,-8.2211,-48.3669,7,14.81,21131.3,273.6,44.7,0.639,64.7,0,37.08,24.81,38.31,131471,84.1,Alto Risco,6008
BR-00786,Vila Limpo,MA,Nordeste,-6.6141,-45.8189,3,4.68,9750.97,232.9,57.3,0.581,73.66,0,29.0,10.6,49.17,25463,89.4,Alto Risco,1417
BR-00787,Vila Feliz,RO,Norte,-9.9234,-63.4967,3,11.21,49055.83,212.8,25.97,0.817,46.02,0,55.89,8.83,69.8,46870,42.8,Médio Risco,569
BR-00788,Vale da Mata,GO,Centro-Oeste,-17.1441,-50.0067,2,5.78,32661.97,259.1,50.0,0.593,63.61,0,40.27,4.85,59.57,156719,75.5,Alto Risco,5951
BR-00789,Rio do Vale,RO,Norte,-13.3169,-63.4497,4,18.71,38158.24,202.7,30.98,0.771,36.03,0,66.45,3.24,69.32,27819,45.5,Médio Risco,317
BR-00790,São Esperança,PR,Sul,-23.4627,-51.8132,0,52.38,41866.27,114.1,23.93,0.798,26.45,1,66.24,1.13,91.05,8049,21.6,Baixo Risco,23
BR-00791,Lago do Carvão,CE,Nordeste,-3.5759,-39.1766,2,12.87,30314.11,107.3,37.11,0.664,61.53,0,69.78,9.65,71.76,76501,53.5,Médio Risco,1633
BR-00792,Alto Limpo,MT,Centro-Oeste,-11.1755,-54.3655,4,56.27,25413.82,252.8,41.46,0.699,53.42,0,42.05,6.18,73.11,197520,69.8,Médio Risco,5822
BR-00793,Bela Limpo,GO,Centro-Oeste,-16.6378,-51.5824,0,24.05,36781.7,232.6,27.06,0.765,51.36,0,40.2,8.91,62.44,164552,44.9,Médio Risco,2328
BR-00794,Santa Limpo,AP,Norte,1.1765,-53.2409,1,20.38,34684.22,264.1,25.88,0.753,38.71,0,68.64,2.97,80.69,80317,40.0,Médio Risco,780
BR-00795,Rio Limpo,AC,Norte,-7.7203,-72.9979,2,25.38,23708.13,281.4,43.36,0.641,52.94,1,38.42,2.92,52.79,1754,73.9,Alto Risco,56
BR-00796,Vale do Forno,MA,Nordeste,-4.8719,-44.227,1,100.64,29872.2,230.1,37.47,0.654,29.11,1,44.35,2.26,66.84,14842,56.5,Médio Risco,211
BR-00797,Lago do Forno,AC,Norte,-9.3211,-70.1995,0,6.59,,245.7,26.15,0.735,41.67,0,53.88,5.49,63.01,15823,41.8,Médio Risco,173
BR-00798,Rio do Vale,BA,Nordeste,-15.2267,-40.9926,0,104.52,22389.76,186.9,50.9,0.693,54.88,0,41.76,2.18,50.87,34755,57.4,Médio Risco,764
BR-00799,São Vermelho,RJ,Sudeste,-22.0906,-44.6613,0,85.35,42437.52,100.4,17.76,0.806,38.16,0,50.13,0.54,75.52,271124,19.5,Baixo Risco,827
BR-00800,Rio do Carvão,RJ,Sudeste,-20.7394,-40.1611,1,28.45,34535.18,122.1,41.38,0.812,47.32,0,50.47,1.84,66.78,8513,39.5,Baixo Risco,93
BR-00801,Vila do Amparo,RN,Nordeste,-7.4866,-37.4424,1,94.73,36068.12,112.1,28.03,0.764,32.22,1,43.77,6.76,64.28,541854,43.0,Médio Risco,5274
BR-00802,Rio da Mata,GO,Centro-Oeste,-15.0857,-49.6245,4,16.13,35084.33,272.8,49.56,0.672,55.58,1,49.21,4.08,56.52,20376,72.9,Alto Risco,662
BR-00803,Campo Limpo,SC,Sul,-26.9858,-49.7539,0,33.23,27131.98,171.5,45.96,0.761,54.76,0,60.1,4.54,66.26,12599,43.9,Médio Risco,180
BR-00804,Lago Verde,PR,Sul,-23.8398,-52.9318,0,23.03,55684.12,23.3,9.43,0.899,43.34,0,61.88,0.1,97.03,94514,10.3,Baixo Risco,113
BR-00805,Rio do Sertão,AM,Norte,-2.2492,-65.8649,0,89.65,46103.34,212.2,23.45,0.825,38.08,0,74.28,3.0,83.39,104337,24.1,Baixo Risco,446
BR-00806,São Vermelho,BA,Nordeste,-13.9323,-41.4492,1,13.22,37038.71,77.9,38.99,0.798,39.97,0,61.46,0.45,77.24,74045,29.5,Baixo Risco,451
BR-00807,Santo do Amparo,PI,Nordeste,-9.9837,-38.7295,1,21.19,24449.93,171.2,46.07,0.673,41.99,0,37.77,6.53,49.35,12559,61.1,Médio Risco,253
BR-00808,Cruz Verde,BA,Nordeste,-13.7069,-41.2784,1,42.94,25340.77,224.1,48.82,0.699,64.7,0,24.63,5.0,55.44,61546,66.2,Médio Risco,1918
BR-00809,Monte do Carvão,PA,Norte,-2.5452,-50.2311,2,79.48,37385.33,235.8,25.67,0.74,46.75,1,45.38,2.94,76.0,9028,52.8,Médio Risco,155
BR-00810,Alto do Sertão,TO,Norte,-10.9288,-46.6121,2,9.73,25137.48,248.3,49.17,0.717,51.11,1,37.89,10.23,61.65,12130,74.1,Alto Risco,381
BR-00811,Alto do Forno,AC,Norte,-9.7417,-70.0348,4,50.59,32521.55,314.8,38.99,0.708,36.8,0,60.93,19.97,57.02,29185,69.6,Médio Risco,666
BR-00812,Boa Esperança,AC,Norte,-11.3199,-71.9349,1,13.87,51586.84,142.3,20.76,0.898,23.18,0,68.43,15.77,,11790,20.3,Baixo Risco,29
BR-00813,Cruz do Cedro,TO,Norte,-7.7163,-46.8163,1,2.72,40857.63,180.0,48.53,0.695,53.43,0,36.93,5.62,,122508,56.0,Médio Risco,2538
BR-00814,Lago do Amparo,PB,Nordeste,-6.124,-38.8174,0,16.78,48891.56,102.1,24.95,,33.98,0,,0.28,77.86,15951,16.6,Baixo Risco,35
BR-00815,Alto do Cedro,AM,Norte,-2.3921,-62.8588,0,46.8,14631.62,215.5,52.41,0.632,41.18,0,27.27,4.24,58.34,24945,62.7,Médio Risco,518
BR-00816,Vale Dourado,SP,Sudeste,-20.8352,-48.51,1,31.04,,81.4,31.17,0.799,40.99,0,65.77,3.39,77.19,10935,28.2,Baixo Risco,63
BR-00817,Alto do Forno,SC,Sul,-26.6426,-54.6603,2,23.17,51060.65,86.2,19.29,0.944,15.94,0,64.08,8.14,85.22,120212,16.4,Baixo Risco,174
BR-00818,Bela do Forno,PA,Norte,-4.1321,-52.9567,1,23.21,,246.0,55.18,0.657,61.02,0,35.41,7.82,55.01,14290,71.6,Alto Risco,483
BR-00819,Boa do Sertão,PE,Nordeste,-8.6093,-36.9445,1,24.5,38447.55,185.1,41.42,0.649,49.37,1,50.71,1.41,55.84,136970,57.2,Médio Risco,2777
BR-00820,São Dourado,ES,Sudeste,-19.7886,-40.6718,0,42.43,26469.01,134.3,45.25,0.621,46.76,1,60.53,16.27,58.01,124951,58.2,Médio Risco,2509
BR-00821,São Limpo,AL,Nordeste,-5.9314,-35.819,0,6.27,46060.56,140.5,32.89,0.754,43.48,0,80.94,2.54,84.86,18818,21.9,Baixo Risco,75
BR-00822,Santo do Sertão,PR,Sul,-24.1117,-52.74,1,23.18,31022.08,91.7,35.02,0.752,47.48,0,41.5,0.81,68.57,34101,38.3,Baixo Risco,354
BR-00823,Serra do Sertão,GO,Centro-Oeste,-16.6293,-51.6884,2,26.86,30695.66,292.9,34.13,0.657,57.59,0,41.46,6.97,69.54,18176,67.8,Médio Risco,540
BR-00824,Monte Azul,PI,Nordeste,-7.0683,-42.83,0,4.91,25259.99,192.2,56.2,0.619,57.68,0,40.75,6.1,55.73,65001,63.2,Médio Risco,1727
BR-00825,Lago Azul,RR,Norte,0.6348,-61.3558,0,8.82,52543.75,222.4,20.36,0.865,32.99,0,77.19,5.27,78.38,25769,20.8,Baixo Risco,80
BR-00826,Rio do Forno,AC,Norte,-6.6637,-71.0377,2,22.66,48495.99,153.5,18.08,0.828,32.98,0,43.59,11.15,67.52,19500,34.5,Baixo Risco,135
BR-00827,Nova do Vale,PR,Sul,-25.8155,-49.8318,0,29.49,39802.48,192.3,34.12,0.8,41.41,0,58.26,0.54,66.99,34812,30.8,Baixo Risco,233
BR-00828,Serra do Amparo,DF,Centro-Oeste,-15.1285,-49.0503,0,26.16,46687.58,196.1,46.2,0.738,56.62,0,46.81,2.27,62.5,4547,43.4,Médio Risco,65
BR-00829,Serra do Norte,SC,Sul,-25.9576,-50.5116,0,22.68,50254.9,2.0,5.38,0.816,23.4,0,55.56,0.84,83.64,29887,11.0,Baixo Risco,27
BR-00830,Monte do Sertão,ES,Sudeste,-18.6513,-40.2448,0,14.44,26860.74,148.1,42.96,0.728,48.64,0,39.93,1.7,74.83,74014,43.6,Médio Risco,962
BR-00831,Alto das Flores,PR,Sul,-24.7577,-53.7294,1,16.3,24452.2,205.9,25.85,0.72,41.31,0,42.75,2.97,70.65,39049,43.2,Médio Risco,448
BR-00832,Serra Limpo,PB,Nordeste,-7.2649,-38.5666,0,25.68,28885.85,238.3,51.3,0.663,43.02,0,36.2,4.6,67.15,107966,53.9,Médio Risco,1812
BR-00833,São do Cedro,MT,Centro-Oeste,-12.719,-55.4033,8,69.39,23137.43,321.7,62.21,0.684,56.93,1,47.19,63.41,48.77,20504,87.8,Alto Risco,913
BR-00834,Porto do Vale,PI,Nordeste,-8.5274,-39.9563,3,2.01,21055.15,245.0,53.31,0.545,61.33,1,37.33,1.57,61.32,18507,83.0,Alto Risco,796
BR-00835,Vale Azul,RN,Nordeste,-6.4393,-35.779,0,44.5,28223.42,136.8,42.36,0.687,47.29,0,55.67,1.79,74.28,8130,40.6,Médio Risco,92
BR-00836,São do Norte,PB,Nordeste,-5.2086,-39.1359,0,26.5,37700.34,149.2,35.01,0.735,28.56,0,58.37,1.09,72.5,19788,30.5,Baixo Risco,104
BR-00837,Santa do Cedro,RN,Nordeste,-5.962,-40.9447,0,42.17,28821.58,160.1,29.22,0.771,48.37,0,43.01,5.26,68.67,383604,39.0,Baixo Risco,4155
BR-00838,São do Sertão,TO,Norte,-11.2701,-47.2737,2,81.97,35318.66,211.0,39.7,0.755,47.9,0,47.95,18.16,74.29,46371,53.8,Médio Risco,835
BR-00839,Cruz das Flores,MT,Centro-Oeste,-13.3628,-55.5547,5,9.27,22464.36,290.0,52.27,0.632,49.83,1,43.68,6.23,53.01,15805,82.8,Alto Risco,583
BR-00840,Vila do Sertão,PA,Norte,-2.2495,-50.8822,4,56.81,29894.67,258.9,57.05,0.673,41.81,0,52.52,42.4,58.27,9342,71.1,Alto Risco,240
BR-00841,Lago Dourado,AC,Norte,-7.8242,-71.783,0,10.66,51355.02,205.5,10.8,0.935,27.58,0,68.6,3.0,81.54,4455,14.6,Baixo Risco,7
BR-00842,Nova das Flores,RO,Norte,-10.0455,-62.8497,3,26.03,27099.75,235.7,41.68,0.725,54.34,0,36.7,17.98,44.54,11638,66.5,Médio Risco,321
BR-00843,Alto Azul,PA,Norte,-4.1505,-51.2954,2,18.34,22775.75,230.0,37.34,0.731,51.85,0,49.11,24.84,62.58,84880,65.3,Médio Risco,2202
BR-00844,Vale do Forno,MT,Centro-Oeste,-11.8373,-56.0464,4,17.81,9023.72,288.9,53.5,0.574,56.08,0,34.17,3.39,40.9,19268,87.0,Alto Risco,837
BR-00845,Alto da Serra,AP,Norte,0.509,-52.3665,0,13.27,62876.24,231.5,27.39,0.855,32.22,0,78.69,8.71,76.07,9920,21.6,Baixo Risco,32
BR-00846,Nova Dourado,SC,Sul,-27.8135,-50.9146,0,43.97,,108.2,32.8,0.799,46.99,0,,0.23,74.96,11382,23.0,Baixo Risco,52
BR-00847,Nova Azul,MT,Centro-Oeste,-11.2823,-54.6603,3,131.62,42707.84,266.7,32.09,0.779,34.78,0,47.3,13.35,59.15,74002,52.5,Médio Risco,1039
BR-00848,Boa da Serra,PI,Nordeste,-6.496,-42.7501,1,8.84,26686.36,133.6,39.82,0.684,49.38,0,52.88,0.97,67.71,29686,49.0,Médio Risco,470
BR-00849,Nova do Vale,BA,Nordeste,-14.3347,-40.3364,2,30.9,33858.77,169.5,34.82,0.716,54.57,0,46.97,3.42,70.02,15003,49.6,Médio Risco,260
BR-00850,Cruz da Serra,TO,Norte,-11.3677,-48.9467,2,62.32,31206.84,233.9,33.5,0.783,34.79,1,48.39,12.81,65.63,22349,57.6,Médio Risco,364
BR-00851,Boa Azul,BA,Nordeste,-12.8078,-43.5598,3,15.75,19419.63,232.4,40.48,0.708,61.11,1,52.39,6.2,56.66,517805,72.8,Alto Risco,18002
BR-00852,Cruz da Serra,CE,Nordeste,-2.7834,-36.7622,4,116.78,37507.56,158.1,28.27,0.768,49.88,0,46.38,3.89,,150924,46.0,Médio Risco,2175
BR-00853,Alto do Amparo,RR,Norte,-0.6318,-62.2465,1,15.16,36564.8,253.2,40.93,0.68,47.51,0,64.43,8.13,67.17,206031,55.5,Médio Risco,3876
BR-00854,Santa Esperança,SP,Sudeste,-21.8003,-49.5858,0,29.28,,82.6,20.36,,32.25,0,57.96,1.3,80.78,3677,17.8,Baixo Risco,9
BR-00855,Serra do Norte,CE,Nordeste,-7.1265,-39.6221,4,8.55,24692.85,229.1,44.51,0.702,56.69,1,53.24,2.22,63.28,27204,69.8,Médio Risco,837
BR-00856,Rio Vermelho,MG,Sudeste,-18.9881,-44.2859,2,27.98,30722.67,136.7,41.54,0.695,45.4,0,47.82,0.92,68.31,14677,48.7,Médio Risco,217
BR-00857,Alto Vermelho,RN,Nordeste,-6.3202,-37.1314,0,24.62,35865.35,80.5,36.99,0.777,30.41,0,51.02,1.89,60.08,64848,26.8,Baixo Risco,286
BR-00858,Boa Azul,SC,Sul,-28.0387,-50.9744,0,58.86,39242.97,47.1,26.88,0.826,36.21,0,58.36,1.46,66.09,123594,18.4,Baixo Risco,332
BR-00859,Rio Limpo,MT,Centro-Oeste,-13.3873,-55.4757,8,9.81,20763.19,239.6,68.1,0.612,61.93,1,41.98,4.99,56.97,49416,87.0,Alto Risco,2307
BR-00860,Santa Grande,PA,Norte,-3.7799,-52.2353,4,11.54,31071.26,275.3,56.91,0.742,55.12,0,41.73,1.96,65.68,11041,70.7,Alto Risco,340
BR-00861,Bela do Amparo,RN,Nordeste,-6.5594,-39.8905,4,42.62,37799.88,219.6,29.31,0.733,36.99,2,47.96,0.75,65.37,14382,61.6,Médio Risco,271
BR-00862,Vila Azul,RN,Nordeste,-7.8574,-34.0,0,97.92,32815.2,91.2,35.57,0.702,45.57,0,64.2,0.18,66.74,71376,29.5,Baixo Risco,475
BR-00863,Nova do Sertão,RS,Sul,-28.6082,-53.4062,1,55.98,37021.51,93.4,23.67,0.749,45.55,0,58.79,1.5,83.33,80829,30.8,Baixo Risco,576
BR-00864,Santo da Mata,PB,Nordeste,-6.226,-35.9071,1,168.72,32716.4,146.9,42.44,0.739,43.11,0,46.58,2.8,76.63,39191,44.2,Médio Risco,479
BR-00865,Rio Azul,AP,Norte,2.5904,-53.6993,2,42.67,26350.36,294.4,38.06,0.658,36.28,0,35.04,0.87,60.51,38648,58.0,Médio Risco,653
BR-00866,Santo Vermelho,SP,Sudeste,-24.347,-49.4494,0,47.13,29870.65,105.7,34.76,0.793,49.99,0,72.14,2.43,60.92,34984,29.6,Baixo Risco,249
BR-00867,Alto da Serra,SC,Sul,-27.0315,-51.8912,1,51.05,33755.39,170.0,49.52,0.748,43.17,0,46.3,1.95,58.05,45999,46.6,Médio Risco,613
BR-00868,Rio das Flores,RO,Norte,-9.8836,-61.2824,1,163.03,53139.89,150.1,18.91,0.871,37.58,0,87.76,2.09,83.02,80415,21.1,Baixo Risco,276
BR-00869,Campo Grande,AP,Norte,-0.0337,-52.5901,0,113.38,37448.7,272.6,29.14,0.83,24.88,0,67.06,4.15,89.71,72237,28.7,Baixo Risco,318
BR-00870,Rio Grande,CE,Nordeste,-5.1872,-38.4687,3,8.77,35789.84,153.9,40.54,0.761,43.73,0,52.67,4.97,62.29,33843,50.8,Médio Risco,522
BR-00871,Lago Verde,RN,Nordeste,-5.9728,-37.5006,1,72.88,48069.91,114.8,21.63,0.792,38.42,0,,0.81,75.05,30905,26.3,Baixo Risco,153
BR-00872,Lago do Carvão,AC,Norte,-6.191,-71.1837,2,24.51,11769.03,296.2,60.76,0.607,57.44,1,54.93,9.88,46.67,29463,85.1,Alto Risco,1256
BR-00873,Lago Azul,TO,Norte,-7.4757,-48.6438,7,12.36,10167.57,323.9,61.2,0.53,59.2,0,3.77,14.71,35.78,12389,94.5,Alto Risco,639
BR-00874,Campo Esperança,MT,Centro-Oeste,-14.9701,-53.6226,5,3.55,33567.27,305.6,56.92,0.581,36.96,2,42.25,4.41,56.24,12194,82.8,Alto Risco,368
BR-00875,Cruz do Vale,RJ,Sudeste,-18.7585,-45.3058,1,4.94,32273.47,131.8,40.09,0.709,60.15,0,43.02,5.29,52.45,64857,55.3,Médio Risco,1435
BR-00876,Lago Feliz,SC,Sul,-28.7313,-52.7919,1,20.58,30636.3,52.2,27.54,0.731,40.75,0,56.24,2.66,81.75,13479,32.5,Baixo Risco,97
BR-00877,Porto das Flores,MT,Centro-Oeste,-11.2671,-58.1462,2,5.37,33080.33,245.8,36.74,0.684,57.38,0,47.09,6.38,60.73,90891,64.7,Médio Risco,2498
BR-00878,São do Amparo,GO,Centro-Oeste,-14.6213,-51.3825,3,20.11,34415.57,239.5,27.17,0.731,47.35,0,53.53,43.86,89.28,30817,54.2,Médio Risco,557
BR-00879,Vila do Sertão,PR,Sul,-26.284,-52.6862,1,49.16,34738.91,143.5,38.82,0.753,51.9,0,49.25,5.13,,91537,45.3,Médio Risco,1323
BR-00880,Cruz Limpo,PB,Nordeste,-6.5894,-38.9803,1,15.59,33975.87,141.0,19.05,0.724,39.32,0,54.83,0.53,82.17,72853,32.7,Baixo Risco,518
BR-00881,Alto Azul,MT,Centro-Oeste,-12.7905,-56.4478,3,24.4,28115.75,215.0,43.64,0.616,54.05,1,32.21,5.87,69.77,94246,76.6,Alto Risco,3250
BR-00882,Rio Esperança,PR,Sul,-24.1139,-54.3706,1,10.72,39529.95,148.8,24.55,0.817,46.81,0,64.31,13.25,73.99,18116,33.5,Baixo Risco,150
BR-00883,Vale Azul,SE,Nordeste,-10.2471,-38.8752,0,33.09,32124.27,182.7,45.08,0.697,47.47,0,55.01,1.02,61.8,54782,42.0,Médio Risco,659
BR-00884,Vale do Vale,MG,Sudeste,-16.4251,-42.6994,0,49.15,,123.3,33.05,0.736,52.41,0,53.18,2.03,67.61,82649,35.7,Baixo Risco,822
BR-00885,Cruz Feliz,CE,Nordeste,-5.0944,-38.965,3,5.85,30535.49,168.0,36.67,0.725,36.85,1,64.82,6.06,57.64,4726,55.0,Médio Risco,74
BR-00886,Bela Limpo,MT,Centro-Oeste,-12.875,-55.1575,4,14.43,35454.96,147.0,25.96,0.734,26.42,0,71.82,10.49,75.79,275713,40.0,Médio Risco,2132
BR-00887,Vila da Serra,MT,Centro-Oeste,-11.1055,-56.8239,2,5.49,24911.04,238.9,51.1,0.578,63.46,2,44.41,17.03,52.96,558183,85.8,Alto Risco,25960
BR-00888,São do Forno,AM,Norte,-2.6574,-67.2505,1,49.26,40828.64,198.1,39.37,0.769,33.32,0,65.6,11.53,62.9,107378,39.6,Baixo Risco,935
BR-00889,Campo da Serra,BA,Nordeste,-11.9355,-43.2948,2,26.76,20788.18,193.4,39.49,0.707,64.43,0,44.9,2.44,76.68,89981,63.1,Médio Risco,2589
BR-00890,Vila do Norte,PI,Nordeste,-8.6504,-42.7905,3,21.45,33518.4,196.7,40.5,0.721,59.81,0,54.51,1.28,,68593,58.3,Médio Risco,1645
BR-00891,Porto Esperança,MA,Nordeste,-6.8834,-44.2246,0,21.69,31426.4,146.3,33.32,0.752,57.81,0,62.95,3.17,65.27,21932,36.1,Baixo Risco,238
BR-00892,Campo do Forno,SE,Nordeste,-11.3648,-36.1867,0,35.24,34540.9,178.2,29.4,0.722,51.46,0,57.82,1.58,62.16,28632,34.4,Baixo Risco,265
BR-00893,Monte do Vale,DF,Centro-Oeste,-16.6991,-46.9771,1,27.93,26995.74,332.4,53.45,0.537,49.38,0,32.56,6.04,51.82,109700,76.3,Alto Risco,3527
BR-00894,Porto do Cedro,AP,Norte,2.5107,-52.8026,7,9.7,15653.5,323.4,64.38,0.544,53.37,1,26.18,34.77,40.03,9735,91.8,Alto Risco,445
BR-00895,Monte do Vale,RN,Nordeste,-4.4436,-36.5556,0,17.64,50711.04,109.6,31.93,0.89,44.58,0,69.28,1.29,80.1,8726,21.2,Baixo Risco,34
BR-00896,Serra Limpo,SC,Sul,-27.6672,-51.3999,2,36.16,49318.22,63.3,23.04,0.941,17.72,0,78.84,6.1,87.2,19997,14.3,Baixo Risco,24
BR-00897,Serra do Norte,ES,Sudeste,-17.1867,-40.6217,0,32.26,56652.98,62.8,30.3,0.921,38.61,0,71.45,1.89,93.78,74631,12.9,Baixo Risco,118
BR-00898,Monte Vermelho,CE,Nordeste,-3.2841,-36.678,3,193.51,32900.62,165.0,39.67,0.671,51.4,0,43.68,1.97,66.37,11132,60.1,Médio Risco,251
BR-00899,Porto da Serra,BA,Nordeste,-12.6192,-44.1668,4,12.45,22334.37,278.4,54.3,0.57,58.67,0,47.84,0.67,54.51,24791,78.3,Alto Risco,940
BR-00900,Cruz do Carvão,PA,Norte,-4.9406,-52.8085,11,27.11,26170.01,310.0,42.57,0.699,57.94,1,29.23,47.48,54.81,28758,88.1,Alto Risco,1305
BR-00901,Porto Feliz,MG,Sudeste,-15.8945,-42.6836,0,37.02,36011.74,199.8,47.42,0.638,52.45,0,37.29,2.34,63.39,9276,52.5,Médio Risco,171
BR-00902,São do Sertão,ES,Sudeste,-19.2754,-42.3922,0,95.09,33785.26,153.3,43.49,0.652,47.4,0,34.27,0.38,60.53,1557,45.3,Médio Risco,21
BR-00903,Monte Limpo,AL,Nordeste,-9.4434,-37.7212,0,15.43,44403.78,59.1,25.95,0.889,42.36,0,57.74,3.72,89.25,9108,19.2,Baixo Risco,29
BR-00904,Rio da Mata,MG,Sudeste,-18.5754,-45.1207,1,131.26,43000.41,106.1,15.73,0.837,42.53,0,76.96,1.64,83.99,45529,20.2,Baixo Risco,158
BR-00905,Rio do Carvão,TO,Norte,-11.4157,-48.6126,6,22.09,33616.38,275.0,40.24,0.687,46.22,0,62.23,3.42,65.6,60336,65.5,Médio Risco,1452
BR-00906,Rio Limpo,PE,Nordeste,-10.4361,-40.0943,1,305.53,29155.54,216.2,40.5,0.773,41.84,0,48.93,4.65,64.28,60959,43.6,Médio Risco,715
BR-00907,Boa Verde,MG,Sudeste,-17.214,-43.5466,1,26.53,14932.08,131.1,56.2,0.608,67.95,0,38.53,0.37,49.3,70401,73.0,Alto Risco,2662
BR-00908,Vale do Norte,AM,Norte,-4.5668,-64.1672,1,9.98,35226.49,259.7,18.89,0.835,18.98,0,65.22,3.22,81.53,15018,26.9,Baixo Risco,52
BR-00909,Porto do Norte,DF,Centro-Oeste,-11.5467,-47.1483,0,26.35,35580.3,200.9,33.33,0.783,38.78,0,51.5,4.71,77.83,11490,32.3,Baixo Risco,79
BR-00910,Nova do Cedro,GO,Centro-Oeste,-17.5005,-51.0785,5,87.22,39178.78,285.4,56.25,0.754,54.93,0,65.05,15.59,57.18,52513,69.3,Médio Risco,1561
BR-00911,Vale da Mata,RS,Sul,-31.4603,-53.0789,0,35.59,40953.94,41.0,18.39,0.832,28.97,0,75.7,10.63,84.69,25218,14.1,Baixo Risco,39
BR-00912,Rio do Carvão,SC,Sul,-26.7358,-52.2092,0,26.25,46936.46,126.2,37.97,0.813,48.4,0,58.22,1.66,76.83,102114,24.4,Baixo Risco,522
BR-00913,Santa do Carvão,SP,Sudeste,-20.049,-49.2556,1,60.41,41721.77,152.4,13.49,0.818,39.11,0,50.11,2.8,86.3,52930,27.2,Baixo Risco,279
BR-00914,Lago Verde,TO,Norte,-10.0796,-45.2851,8,12.93,19479.65,258.0,59.96,,55.45,1,31.47,85.6,45.27,163534,91.8,Alto Risco,7675
BR-00915,Bela do Forno,TO,Norte,-9.3689,-48.166,2,23.08,30842.94,109.0,21.26,,47.4,0,49.93,6.62,76.83,18363,39.3,Baixo Risco,199
BR-00916,Monte do Amparo,SE,Nordeste,-13.151,-39.1125,1,10.27,35188.88,157.0,33.34,0.792,36.23,0,53.17,3.08,54.92,124794,38.8,Baixo Risco,1107
BR-00917,Alto do Amparo,AL,Nordeste,-10.5685,-36.5675,0,179.47,52474.69,106.0,18.71,0.871,42.07,0,64.63,0.67,83.65,418045,16.7,Baixo Risco,1060
BR-00918,Cruz Verde,AM,Norte,-4.9731,-66.9925,4,7.38,40792.82,286.1,37.92,0.654,32.12,0,,35.11,55.46,35143,65.8,Médio Risco,674
BR-00919,São Limpo,GO,Centro-Oeste,-18.6331,-51.5386,2,27.9,31748.76,242.6,47.56,0.713,50.62,0,33.37,4.36,55.57,61337,62.6,Médio Risco,1462
BR-00920,Santo do Carvão,PB,Nordeste,-7.1162,-38.1776,1,33.91,19819.0,188.2,37.45,0.641,53.74,0,59.79,3.16,58.92,10269,57.6,Médio Risco,224
BR-00921,Cruz Feliz,AP,Norte,-1.73,-52.392,1,30.78,37360.98,216.3,25.53,0.775,33.08,1,62.93,7.42,72.44,100466,42.0,Médio Risco,957
BR-00922,Bela do Norte,RR,Norte,0.1989,-60.0882,7,6.51,24810.86,290.6,41.09,0.69,52.65,0,48.98,8.47,55.56,134770,74.6,Alto Risco,4373
BR-00923,São Feliz,PE,Nordeste,-9.1321,-37.0502,2,8.48,35846.71,147.8,53.17,0.637,48.99,0,41.54,1.67,57.94,17711,58.4,Médio Risco,369
BR-00924,Serra do Vale,PA,Norte,-4.9538,-51.7478,3,36.84,35406.31,296.2,49.06,0.646,59.14,0,28.59,9.94,63.76,68371,77.2,Alto Risco,2549
BR-00925,Nova da Serra,BA,Nordeste,-12.405,-43.2385,1,10.75,31181.67,150.8,35.68,0.664,52.72,1,45.5,9.51,55.72,46658,63.9,Médio Risco,1183
BR-00926,Nova Vermelho,ES,Sudeste,-18.7622,-41.0978,1,2.61,23517.72,194.3,46.43,0.623,57.14,0,37.04,15.99,55.57,53556,67.1,Médio Risco,1556
BR-00927,Cruz do Norte,BA,Nordeste,-11.7087,-41.3192,1,32.46,35354.82,204.9,55.35,0.664,53.43,0,49.48,2.13,56.44,90674,59.4,Médio Risco,2065
BR-00928,Cruz do Carvão,RR,Norte,3.1033,-62.2796,2,12.8,36480.03,225.2,32.95,0.768,34.32,0,68.0,4.34,81.58,62857,45.4,Médio Risco,693
BR-00929,Boa Dourado,PB,Nordeste,-5.6829,-37.1097,1,45.69,31959.55,173.0,35.35,0.762,45.19,1,54.96,1.18,70.01,27619,46.6,Médio Risco,380
BR-00930,Lago do Carvão,RN,Nordeste,-5.8127,-35.9721,3,20.92,36180.8,113.7,36.52,0.746,46.87,0,59.6,18.6,53.86,93118,47.6,Médio Risco,1357
BR-00931,São do Amparo,GO,Centro-Oeste,-15.5551,-50.3483,6,19.33,28261.31,172.2,38.34,0.779,45.21,1,65.37,8.19,72.45,131903,59.1,Médio Risco,2652
BR-00932,Nova Feliz,MA,Nordeste,-4.7039,-45.1235,0,22.74,23547.36,179.1,43.9,0.652,60.05,0,45.52,6.09,53.74,16436,57.4,Médio Risco,386
BR-00933,Santa do Vale,MT,Centro-Oeste,-12.4417,-53.1902,3,5.98,17121.72,328.5,44.48,0.578,58.96,0,44.56,16.27,52.32,32786,83.7,Alto Risco,1388
BR-00934,Cruz do Vale,RN,Nordeste,-6.3661,-36.8306,1,11.59,42336.13,160.6,32.31,0.804,46.38,0,56.84,12.35,61.82,3602,40.2,Médio Risco,40
BR-00935,Vila Dourado,RS,Sul,-30.1654,-51.5489,1,27.68,57583.21,92.3,28.63,0.85,21.17,1,50.83,1.35,86.52,68152,21.5,Baixo Risco,174
BR-00936,Santo Vermelho,CE,Nordeste,-6.3446,-38.7469,0,6.54,,195.2,47.42,0.631,60.92,0,,1.07,73.38,151584,60.1,Médio Risco,3869
BR-00937,Rio da Serra,SE,Nordeste,-9.9797,-39.5041,0,51.41,31836.72,165.6,38.37,0.747,41.75,0,42.06,9.73,66.76,23822,41.7,Médio Risco,260
BR-00938,São Feliz,AM,Norte,-3.6016,-66.643,3,14.98,21316.99,242.4,51.01,0.59,47.39,0,41.16,17.88,51.86,38824,76.5,Alto Risco,1218
BR-00939,Alto Dourado,SP,Sudeste,-23.1184,-49.957,1,7.94,45562.3,122.9,36.7,0.87,44.97,0,57.82,2.49,79.31,24953,26.3,Baixo Risco,137
BR-00940,Lago das Flores,AP,Norte,0.4829,-52.9668,2,15.36,33124.13,251.5,35.65,0.769,48.01,0,,23.65,58.87,20336,53.9,Médio Risco,368
BR-00941,Porto da Mata,ES,Sudeste,-20.8846,-40.4664,0,26.66,30847.38,151.2,47.88,0.748,54.51,0,56.45,3.44,73.76,43924,38.4,Baixo Risco,505
BR-00942,Santo Verde,RR,Norte,3.4204,-60.5395,4,17.32,38265.24,235.6,31.59,0.783,45.98,0,64.38,24.16,71.74,12329,52.3,Médio Risco,206
BR-00943,Alto Grande,BA,Nordeste,-12.8499,-39.9428,1,27.7,18424.94,155.6,53.48,0.64,57.9,0,48.95,3.44,43.03,24487,65.8,Médio Risco,696
BR-00944,Campo do Norte,MT,Centro-Oeste,-13.8479,-54.9886,8,33.14,19720.53,300.9,54.84,0.593,56.37,0,19.56,19.19,43.53,10607,89.8,Alto Risco,486
BR-00945,Porto do Carvão,MS,Centro-Oeste,-19.378,-55.164,3,221.84,22811.14,275.3,46.25,0.597,60.72,0,27.59,13.38,54.48,68620,79.7,Alto Risco,2744
BR-00946,Lago Limpo,DF,Centro-Oeste,-16.6146,-50.7751,2,82.94,33325.69,270.6,35.58,0.813,52.01,0,78.33,5.44,74.51,44314,46.5,Médio Risco,669
BR-00947,Monte Esperança,RJ,Sudeste,-24.2191,-42.5612,0,7.27,47442.77,69.1,23.55,0.833,28.87,0,79.01,1.35,77.86,19167,14.7,Baixo Risco,31
BR-00948,Alto da Serra,RR,Norte,3.4797,-61.3639,2,16.33,33935.23,279.8,38.04,0.641,63.38,0,48.17,5.66,69.95,34418,67.3,Médio Risco,1084
BR-00949,Campo do Norte,SC,Sul,-28.2019,-50.6939,0,25.69,36307.74,83.8,23.88,0.861,32.46,0,64.75,2.15,79.82,24937,18.5,Baixo Risco,63
BR-00950,Campo da Mata,MA,Nordeste,-5.9925,-42.4913,1,33.84,29370.22,130.6,57.97,0.662,47.74,0,35.14,1.92,45.14,137292,65.0,Médio Risco,3337
BR-00951,Rio do Carvão,PA,Norte,-3.7323,-50.7432,5,9.82,,228.6,34.48,0.725,34.12,2,32.04,10.42,62.17,18934,69.3,Médio Risco,409
BR-00952,Campo do Cedro,DF,Centro-Oeste,-14.2304,-46.7609,3,15.54,38263.12,232.0,43.0,0.777,31.97,0,45.4,9.67,80.59,72679,50.9,Médio Risco,922
BR-00953,Monte Grande,DF,Centro-Oeste,-15.8019,-49.2069,1,9.19,46679.11,192.8,26.98,0.751,33.05,0,60.88,7.09,68.17,13609,34.7,Baixo Risco,95
BR-00954,São do Amparo,BA,Nordeste,-14.6388,-42.4182,2,12.69,26158.69,177.2,42.39,0.67,47.68,1,39.19,2.81,56.51,90926,68.6,Médio Risco,2407
BR-00955,Serra do Sertão,SE,Nordeste,-9.8086,-37.5828,0,22.49,47508.21,46.7,3.11,0.845,31.7,0,67.61,0.97,95.55,120166,11.0,Baixo Risco,131
BR-00956,Nova Dourado,SC,Sul,-28.129,-52.0356,0,25.24,41208.58,80.4,20.12,0.881,32.43,0,88.96,1.36,83.44,127470,13.6,Baixo Risco,197
BR-00957,Lago Azul,RS,Sul,-27.0569,-52.4993,1,8.29,35095.89,100.3,37.25,0.699,48.57,2,51.44,0.54,64.17,206648,45.5,Médio Risco,2872
BR-00958,Cruz Esperança,PA,Norte,-3.7916,-51.9803,1,65.8,,169.2,50.59,0.668,47.03,0,51.28,6.75,71.53,47361,52.4,Médio Risco,807
BR-00959,Nova do Vale,MG,Sudeste,-21.229,-45.9036,0,54.16,42542.15,92.3,26.91,0.863,33.63,0,,0.79,87.91,154420,16.4,Baixo Risco,330
BR-00960,Cruz do Carvão,PA,Norte,-3.2897,-50.8045,6,3.85,18285.54,294.5,68.36,0.58,59.71,1,33.34,11.23,46.36,250252,91.0,Alto Risco,12223
BR-00961,Lago Esperança,PA,Norte,-1.0676,-52.3368,2,19.33,9199.73,330.6,47.04,0.595,67.92,0,30.8,5.23,46.8,8082,86.9,Alto Risco,404
BR-00962,Rio do Forno,MS,Centro-Oeste,-18.3037,-56.9607,1,5.21,30813.6,160.5,38.78,0.737,35.54,0,60.56,1.43,62.13,15459,38.4,Baixo Risco,133
BR-00963,Vale do Amparo,AM,Norte,-0.9067,-65.1719,1,92.4,37250.92,253.4,48.54,0.723,49.69,0,51.71,45.8,65.72,5066,58.5,Médio Risco,107
BR-00964,Cruz da Mata,AM,Norte,-4.8977,-64.7063,2,123.07,31181.05,314.5,35.11,0.703,45.69,0,,6.2,55.29,123801,63.4,Médio Risco,2806
BR-00965,Bela do Vale,SE,Nordeste,-9.293,-36.0881,2,20.22,22189.13,181.1,53.41,0.615,58.14,2,,8.0,66.83,4986,74.9,Alto Risco,175
BR-00966,Bela do Carvão,MG,Sudeste,-19.1108,-44.8525,1,12.65,36772.9,121.8,34.72,0.81,38.8,1,56.69,1.26,86.14,3552,35.0,Baixo Risco,28
BR-00967,Santa das Flores,SE,Nordeste,-10.256,-36.2909,0,10.78,10323.49,206.6,50.37,0.666,53.6,0,38.51,9.95,54.83,8335,67.8,Médio Risco,235
BR-00968,Porto do Forno,BA,Nordeste,-14.7421,-41.438,2,14.08,22777.42,198.0,43.76,0.7,49.3,0,47.95,0.97,61.86,3741,59.9,Médio Risco,82
BR-00969,São Vermelho,PB,Nordeste,-8.1822,-38.5611,0,28.06,47468.52,97.4,21.72,0.823,46.57,0,66.54,2.12,85.13,46175,20.0,Baixo Risco,167
BR-00970,Vila Dourado,CE,Nordeste,-6.1467,-41.5112,0,96.83,,124.2,50.89,0.671,46.82,1,53.32,0.94,78.36,8470,50.8,Médio Risco,137
BR-00971,Santo Verde,ES,Sudeste,-17.932,-38.7684,2,61.24,28058.94,191.0,46.31,0.718,62.41,0,49.51,18.6,73.36,3972,64.1,Médio Risco,114
BR-00972,Serra do Cedro,AC,Norte,-7.649,-68.8756,0,55.46,13934.69,204.3,50.6,0.646,55.31,0,,6.94,44.49,31184,68.2,Médio Risco,908
BR-00973,Santa Feliz,AM,Norte,-3.0825,-64.6479,1,29.59,24638.02,265.8,37.0,0.701,46.36,0,30.04,14.27,63.19,33570,64.2,Médio Risco,784
BR-00974,Nova Dourado,SP,Sudeste,-24.0806,-46.696,0,7.92,39003.51,141.7,39.38,0.71,44.93,0,56.72,3.16,69.22,3174,36.4,Baixo Risco,29
BR-00975,Porto do Vale,GO,Centro-Oeste,-16.4163,-48.3807,3,11.58,35976.97,236.3,40.34,0.695,50.06,0,53.91,7.19,62.06,13465,60.6,Médio Risco,302
BR-00976,Alto das Flores,PR,Sul,-25.9346,-50.5929,0,24.41,22858.12,154.7,46.22,0.715,45.54,0,36.34,3.59,73.68,29933,46.6,Médio Risco,414
BR-00977,Serra do Forno,MG,Sudeste,-16.8825,-45.6558,1,8.05,32555.08,192.8,40.21,0.697,44.31,0,55.47,6.21,80.35,21036,52.7,Médio Risco,347
BR-00978,Monte da Serra,MT,Centro-Oeste,-10.9905,-52.996,1,30.97,28979.58,262.9,39.41,0.646,49.93,0,50.77,13.49,55.22,21767,64.3,Médio Risco,536
BR-00979,Monte das Flores,PA,Norte,-2.3111,-51.7292,0,50.53,22656.56,245.3,35.92,0.665,52.64,0,54.88,9.09,59.2,143503,53.7,Médio Risco,2751
BR-00980,Vale do Carvão,BA,Nordeste,-14.0173,-42.2402,0,51.03,29895.61,110.3,31.0,0.846,41.53,0,62.66,2.92,68.83,480788,28.2,Baixo Risco,2796
BR-00981,São Verde,TO,Norte,-14.0053,-49.2356,3,36.1,26326.77,258.6,36.14,0.698,54.69,0,45.39,38.03,57.13,22212,72.5,Alto Risco,707
BR-00982,Cruz Limpo,RO,Norte,-13.3037,-62.9805,3,3.32,,350.9,45.53,0.597,53.21,0,50.2,5.97,56.1,6296,76.5,Alto Risco,214
BR-00983,Nova do Carvão,RN,Nordeste,-3.8197,-38.9295,0,91.74,34447.75,116.8,38.07,0.752,58.49,0,45.05,0.52,70.49,24508,32.6,Baixo Risco,228
BR-00984,Santo do Forno,MG,Sudeste,-18.6618,-43.4005,0,4.67,32683.19,216.0,48.09,0.72,53.65,0,47.65,1.01,,41893,52.5,Médio Risco,785
BR-00985,Santa do Carvão,BA,Nordeste,-14.011,-43.035,1,19.39,20872.71,196.4,56.61,0.635,68.6,2,38.75,1.06,,30743,79.3,Alto Risco,1337
BR-00986,Monte do Sertão,SP,Sudeste,-19.8903,-48.2711,0,46.0,32800.57,211.9,28.17,0.627,46.84,0,59.05,1.1,53.83,70500,41.9,Médio Risco,838
BR-00987,Monte Esperança,MA,Nordeste,-3.6488,-46.1703,3,22.12,11421.84,274.4,78.38,0.515,72.95,0,10.53,1.66,33.82,521720,93.2,Alto Risco,30794
BR-00988,Vale Verde,AL,Nordeste,-9.5858,-37.1902,0,6.56,29920.46,168.4,41.15,0.733,43.56,0,53.78,2.28,57.84,3861,36.5,Baixo Risco,35
BR-00989,Alto do Carvão,MA,Nordeste,-5.8308,-46.4997,2,7.84,29243.41,204.3,44.71,0.749,58.5,0,46.53,2.83,63.68,17434,59.7,Médio Risco,427
BR-00990,Cruz Vermelho,RO,Norte,-11.0149,-63.5657,3,33.25,29494.62,244.7,30.98,0.687,41.27,0,58.09,8.89,,225580,57.7,Médio Risco,4107
BR-00991,Vale Feliz,PE,Nordeste,-8.062,-35.2149,0,51.65,26775.77,139.7,34.02,0.87,40.33,0,53.42,1.03,67.97,17110,31.0,Baixo Risco,114
BR-00992,Campo da Mata,RN,Nordeste,-3.5699,-34.6509,1,12.42,55721.53,124.8,18.14,0.811,27.24,0,71.05,3.51,,88156,20.7,Baixo Risco,242
BR-00993,Monte do Vale,RO,Norte,-10.2385,-62.8437,3,41.23,39032.65,217.9,33.32,0.751,44.78,0,55.53,10.31,63.18,72303,51.1,Médio Risco,1145
BR-00994,Bela das Flores,CE,Nordeste,-4.1836,-39.5654,1,6.93,35168.9,94.9,15.5,0.801,34.77,0,65.23,6.48,73.45,154215,28.4,Baixo Risco,810
BR-00995,Vale do Vale,SE,Nordeste,-8.933,-36.2681,1,57.47,43943.12,92.1,28.85,0.846,31.9,0,50.67,3.67,71.91,359214,22.4,Baixo Risco,1224
BR-00996,Campo Dourado,MS,Centro-Oeste,-22.1475,-52.958,0,14.5,44833.33,184.1,26.55,0.906,30.03,0,72.51,4.21,87.6,49828,19.2,Baixo Risco,128
BR-00997,São das Flores,PE,Nordeste,-7.3232,-39.0217,0,37.67,44563.42,59.6,20.58,0.89,43.13,0,49.67,4.8,75.35,3706,18.2,Baixo Risco,11
BR-00998,Nova da Serra,AC,Norte,-9.1824,-70.6584,1,28.85,,177.9,34.26,0.768,39.75,0,55.23,7.57,74.74,13691,38.5,Baixo Risco,127
BR-00999,Alto Azul,TO,Norte,-13.6925,-50.8507,3,85.05,38228.61,189.6,42.81,0.776,34.43,0,38.68,13.2,64.93,505127,53.5,Médio Risco,7261
BR-01000,Cruz Vermelho,ES,Sudeste,-22.1694,-38.7677,1,34.38,32080.37,158.7,31.49,0.769,50.59,0,60.86,3.7,75.06,5610,40.9,Médio Risco,68
BR-01001,Serra Feliz,AL,Nordeste,-11.0454,-34.0,0,14.17,28696.58,123.7,47.3,0.673,38.58,0,,1.95,66.01,61145,44.8,Médio Risco,711
BR-01002,Vale Esperança,MG,Sudeste,-17.3563,-44.2679,2,31.3,32896.24,138.2,46.75,0.59,56.97,0,46.74,2.68,65.99,1418,58.3,Médio Risco,33
BR-01003,Nova Esperança,AM,Norte,-3.3107,-68.075,0,246.9,38163.0,167.8,31.88,0.817,43.81,0,70.29,5.86,64.96,6069,30.5,Baixo Risco,41
BR-01004,Porto Azul,BA,Nordeste,-12.7019,-40.8476,0,42.39,23270.81,178.7,51.15,0.624,59.31,2,35.86,1.33,,99576,73.1,Alto Risco,3409
BR-01005,Lago do Cedro,PE,Nordeste,-5.6487,-39.1257,0,22.87,35091.78,145.4,41.36,0.661,60.34,0,53.47,0.41,59.95,34370,42.9,Médio Risco,508
BR-01006,Cruz da Mata,MT,Centro-Oeste,-14.4167,-56.3487,6,6.43,7603.02,350.0,51.25,0.492,62.26,0,23.39,6.47,30.22,20526,93.3,Alto Risco,1076
BR-01007,Rio das Flores,SP,Sudeste,-22.2284,-47.9128,1,20.97,48966.18,62.4,15.02,0.916,31.97,0,71.16,1.81,87.47,11873,14.5,Baixo Risco,20
BR-01008,Cruz das Flores,GO,Centro-Oeste,-15.5538,-49.5036,7,45.8,31285.88,264.1,35.12,0.685,58.06,1,57.46,18.6,73.84,2709,76.2,Alto Risco,98
BR-01009,Vale do Carvão,RN,Nordeste,-6.8408,-37.2734,0,11.9,31166.18,143.3,41.57,0.724,35.62,1,75.54,3.72,66.83,78179,39.2,Baixo Risco,698
BR-01010,Vila Verde,MG,Sudeste,-18.0603,-45.2894,0,30.04,41558.81,145.9,39.34,0.861,33.33,0,54.84,1.52,73.83,23065,24.9,Baixo Risco,96
BR-01011,Nova da Mata,PI,Nordeste,-9.9599,-42.5538,0,106.01,29397.6,88.0,44.11,0.757,43.81,0,57.37,1.28,56.68,4903,33.4,Baixo Risco,39
BR-01012,Bela Verde,PR,Sul,-22.9161,-52.1233,0,44.06,54567.73,33.5,15.99,0.881,30.98,0,73.57,1.36,76.49,34123,12.4,Baixo Risco,44
BR-01013,Cruz da Serra,MG,Sudeste,-19.0543,-45.9329,5,6.33,23318.13,234.5,48.82,0.586,48.54,0,37.52,1.29,45.03,67952,75.4,Alto Risco,2118
BR-01014,Nova Limpo,SE,Nordeste,-7.726,-37.9156,0,349.27,54152.74,71.8,11.21,0.923,30.78,0,75.1,0.28,85.73,25570,8.4,Baixo Risco,18
BR-01015,Vila Esperança,MA,Nordeste,-5.4655,-44.9646,1,155.66,27620.34,177.1,47.53,0.707,33.49,0,49.89,0.61,66.05,37987,44.3,Médio Risco,397
BR-01016,Cruz Feliz,BA,Nordeste,-11.5207,-41.9493,3,39.31,30332.75,111.9,37.78,0.71,57.2,1,14.77,6.91,61.45,34464,67.6,Médio Risco,1014
BR-01017,Bela Azul,PI,Nordeste,-7.7946,-44.7089,0,109.91,35568.25,98.6,14.42,0.758,41.14,0,73.76,8.26,64.41,13582,27.6,Baixo Risco,76
BR-01018,Porto do Carvão,RR,Norte,2.007,-60.0153,3,16.6,26734.53,254.4,53.07,0.657,65.47,1,36.0,15.08,53.87,35166,79.9,Alto Risco,1494
BR-01019,São Dourado,AL,Nordeste,-10.4376,-40.6543,0,50.95,20784.4,164.5,49.03,0.673,51.32,0,46.7,2.13,68.39,82374,54.6,Médio Risco,1593
BR-01020,Cruz da Mata,MS,Centro-Oeste,-20.3432,-55.1649,1,21.93,37410.52,179.0,33.9,0.802,31.75,1,62.42,1.9,,119767,40.4,Médio Risco,1046
BR-01021,Santo da Serra,SP,Sudeste,-21.7448,-49.6583,0,5.32,30828.61,210.9,55.68,0.696,48.53,0,32.72,2.27,53.29,88293,55.2,Médio Risco,1671
BR-01022,Serra Esperança,RN,Nordeste,-6.908,-36.3825,0,392.51,,119.9,38.05,0.789,41.03,0,59.9,3.16,75.79,14131,23.7,Baixo Risco,62
BR-01023,Lago Limpo,TO,Norte,-10.3451,-47.5137,3,6.33,32492.74,277.6,37.94,0.74,44.53,0,50.79,13.88,61.71,72785,59.9,Médio Risco,1480
BR-01024,Serra das Flores,PA,Norte,-4.6441,-50.9025,4,41.6,37189.79,253.1,15.75,0.737,45.57,0,53.84,10.71,78.67,58796,50.9,Médio Risco,936
BR-01025,Monte Azul,PI,Nordeste,-4.5005,-43.7274,2,24.06,13894.18,182.0,56.64,0.562,53.18,0,34.34,7.59,38.34,13533,82.5,Alto Risco,520
BR-01026,São do Carvão,GO,Centro-Oeste,-16.1056,-49.0388,4,53.64,,188.3,30.05,0.838,49.92,0,61.8,28.38,84.32,18391,44.8,Médio Risco,254
BR-01027,Santo Esperança,SE,Nordeste,-8.4067,-37.1759,1,22.28,30098.13,189.2,39.9,0.715,56.11,0,56.56,1.63,66.77,76850,47.7,Médio Risco,1276
BR-01028,São do Norte,MA,Nordeste,-5.6939,-47.8362,8,18.84,32097.25,217.4,49.02,0.558,53.21,0,27.08,24.64,55.53,183714,83.1,Alto Risco,7138
BR-01029,Vale Azul,RN,Nordeste,-5.447,-34.0,2,24.66,25602.23,172.3,41.6,0.663,65.06,0,34.52,0.5,65.64,3413,59.4,Médio Risco,90
BR-01030,Cruz da Mata,MT,Centro-Oeste,-14.4899,-57.4343,4,29.88,20562.01,305.5,49.26,0.606,53.25,0,40.68,5.04,47.85,255270,80.7,Alto Risco,9469
BR-01031,Vila Vermelho,PB,Nordeste,-7.9059,-36.1327,2,27.84,30512.41,78.9,44.63,0.809,42.98,0,49.32,2.37,66.75,140815,39.3,Baixo Risco,1425
BR-01032,Vale do Amparo,RJ,Sudeste,-21.9553,-42.1141,1,22.58,29669.74,162.3,52.39,0.682,38.59,0,39.66,3.53,73.4,42146,57.2,Médio Risco,724
BR-01033,Cruz Vermelho,PA,Norte,-1.5696,-52.0941,2,6.64,33573.45,186.0,39.59,0.638,59.24,0,,6.37,78.16,24321,59.8,Médio Risco,603
BR-01034,Vila Vermelho,SP,Sudeste,-21.8792,-49.4824,0,191.19,31881.64,169.9,39.97,0.693,33.72,1,49.65,1.46,61.71,53532,47.4,Médio Risco,626
BR-01035,Santa Verde,MT,Centro-Oeste,-10.7028,-54.2618,6,30.91,16918.93,261.9,50.55,0.545,49.57,2,32.16,55.73,48.24,14754,90.0,Alto Risco,620
BR-01036,Santo da Serra,PE,Nordeste,-7.483,-40.0445,3,28.18,30785.87,179.8,47.93,0.707,45.41,0,43.08,1.54,68.28,26315,57.9,Médio Risco,514
BR-01037,Campo do Vale,MA,Nordeste,-3.1416,-45.5322,0,12.54,37706.28,180.5,53.39,0.596,58.12,0,36.9,1.03,61.61,5199,58.2,Médio Risco,122
BR-01038,Nova Azul,MT,Centro-Oeste,-12.7227,-56.2094,9,7.82,26958.53,270.7,38.57,0.637,59.45,3,48.37,32.34,61.58,3726,86.7,Alto Risco,168
BR-01039,Monte Limpo,MS,Centro-Oeste,-17.1637,-55.4882,0,61.76,40457.72,205.2,39.81,0.787,45.12,0,,13.97,73.23,606453,37.3,Baixo Risco,5831
BR-01040,Bela do Sertão,AM,Norte,-4.1496,-64.4998,4,25.03,42717.1,196.7,34.12,0.786,46.52,1,40.5,15.45,69.76,35555,61.4,Médio Risco,775
BR-01041,Lago do Norte,AP,Norte,0.337,-50.2615,4,61.46,49943.39,221.9,27.86,0.867,33.67,0,49.7,6.84,82.61,42388,39.2,Baixo Risco,365
BR-01042,Cruz Dourado,PI,Nordeste,-9.4141,-43.2106,1,5.85,25635.1,161.4,54.52,0.619,53.27,0,53.42,0.8,60.35,31621,59.0,Médio Risco,711
BR-01043,Porto do Norte,PI,Nordeste,-4.4566,-41.637,3,93.33,22245.89,202.9,63.69,0.567,67.28,0,51.95,2.86,45.3,11676,78.5,Alto Risco,492
BR-01044,Lago Azul,PI,Nordeste,-6.5728,-42.6604,0,59.61,,143.2,39.67,0.756,45.75,0,28.7,0.68,56.93,22386,41.4,Médio Risco,257
BR-01045,Monte Limpo,AC,Norte,-9.2378,-71.7998,0,26.68,41715.37,242.7,35.71,0.783,34.65,0,64.28,7.91,68.37,36827,34.0,Baixo Risco,257
BR-01046,Bela Verde,GO,Centro-Oeste,-14.2314,-50.2211,6,29.77,24591.13,297.5,55.32,0.6,61.66,1,49.33,15.74,57.09,25699,86.1,Alto Risco,1176
BR-01047,Vale Dourado,CE,Nordeste,-4.2372,-39.9493,0,44.35,26485.4,163.1,44.43,0.609,58.32,0,33.2,6.0,63.69,12833,59.0,Médio Risco,308
BR-01048,Lago do Norte,RS,Sul,-26.9474,-54.1753,1,6.97,39785.32,144.4,37.81,0.748,44.37,0,66.79,1.96,73.83,59836,32.2,Baixo Risco,450
BR-01049,Monte do Vale,RR,Norte,-0.117,-60.8001,1,137.45,31173.77,222.5,42.0,0.69,52.03,0,49.26,13.07,69.94,41583,55.2,Médio Risco,826
BR-01050,Boa do Forno,DF,Centro-Oeste,-16.2015,-47.5315,2,44.91,41590.68,264.5,35.27,0.803,40.43,0,57.55,3.28,73.61,53698,44.3,Médio Risco,632
BR-01051,Campo Verde,PI,Nordeste,-8.3675,-44.9569,2,13.38,41248.87,138.9,29.93,0.847,43.72,0,47.04,4.49,71.45,79325,33.0,Baixo Risco,614
BR-01052,Cruz do Forno,AM,Norte,-6.2332,-67.4121,2,6.54,26058.7,236.7,49.46,0.634,58.95,1,46.09,15.38,55.93,26552,78.6,Alto Risco,1016
BR-01053,Bela do Forno,ES,Sudeste,-17.7055,-39.7454,0,56.86,26634.12,206.8,45.35,0.627,55.05,0,48.6,1.33,,26606,52.2,Médio Risco,503
BR-01054,Vila do Forno,AM,Norte,-3.8486,-66.2414,0,30.25,35594.2,302.8,35.39,0.622,58.27,0,63.99,11.41,54.64,209623,61.0,Médio Risco,5303
BR-01055,Santo da Serra,ES,Sudeste,-18.1545,-39.9171,1,43.96,31827.17,181.8,36.94,0.694,45.29,0,66.63,4.95,64.13,10097,48.3,Médio Risco,147
BR-01056,Cruz Azul,PI,Nordeste,-4.4163,-41.6367,3,18.99,21251.63,178.0,57.79,0.647,56.61,0,34.06,3.01,42.94,3159,74.4,Alto Risco,108
BR-01057,Monte Dourado,SP,Sudeste,-22.6845,-50.5693,0,9.46,35661.88,140.7,43.63,0.696,48.54,0,79.04,1.12,74.81,65803,32.1,Baixo Risco,523
BR-01058,Alto da Serra,CE,Nordeste,-5.7896,-41.5062,1,38.31,22815.74,171.5,38.53,0.672,56.6,0,57.5,2.73,72.93,14963,56.8,Médio Risco,331
BR-01059,Alto da Serra,PA,Norte,-3.6239,-50.1358,4,16.73,26718.25,276.4,46.66,0.656,60.07,1,43.98,13.5,39.93,8547,84.0,Alto Risco,369
BR-01060,Boa Dourado,RJ,Sudeste,-20.8679,-42.1678,2,29.55,34533.75,131.8,38.74,0.85,43.25,0,50.15,0.98,86.07,99364,36.1,Baixo Risco,881
BR-01061,Lago do Cedro,SE,Nordeste,-11.3634,-38.0369,1,257.87,28925.19,152.9,40.67,0.694,37.45,1,33.53,1.02,63.9,27420,55.9,Médio Risco,446
BR-01062,Serra do Cedro,PR,Sul,-25.7733,-52.8575,0,90.94,50735.68,39.7,17.29,0.881,11.02,0,58.0,2.38,94.09,6772,9.4,Baixo Risco,3
BR-01063,Serra Azul,ES,Sudeste,-17.7099,-41.0546,1,77.03,37529.5,149.8,27.85,0.804,46.74,1,51.21,3.63,79.16,369048,40.2,Médio Risco,4098
BR-01064,Alto do Cedro,PE,Nordeste,-7.8499,-39.5268,2,330.65,27508.41,144.6,53.46,0.639,54.98,0,54.86,13.83,68.55,4388,62.3,Médio Risco,110
BR-01065,Monte do Norte,GO,Centro-Oeste,-18.8426,-48.6232,4,36.02,32408.39,212.0,47.41,0.691,46.77,1,52.91,12.7,66.0,29485,67.7,Médio Risco,754
BR-01066,Serra Azul,TO,Norte,-11.8855,-49.3875,2,27.11,27156.84,204.4,48.09,0.717,52.6,1,42.01,2.88,53.99,3098,68.3,Médio Risco,87
BR-01067,Bela Grande,MT,Centro-Oeste,-10.5383,-53.8891,3,14.06,40055.22,236.9,34.06,0.769,55.28,0,53.56,34.49,70.04,46089,58.4,Médio Risco,1047
BR-01068,Bela Verde,PI,Nordeste,-7.1573,-43.2909,3,13.67,22726.4,190.2,42.12,0.73,62.35,0,39.48,5.82,61.41,14744,66.6,Médio Risco,451
BR-01069,Rio do Carvão,AC,Norte,-9.8371,-72.0107,0,3.94,52607.48,227.5,40.47,0.817,44.57,0,66.8,1.26,74.08,91500,28.5,Baixo Risco,567
BR-01070,Nova do Sertão,MT,Centro-Oeste,-12.8786,-56.0168,2,49.73,28035.65,229.3,49.92,0.716,44.21,0,36.37,3.5,64.88,32153,60.1,Médio Risco,654
BR-01071,Cruz da Mata,SC,Sul,-27.4315,-54.6238,0,11.15,46223.53,20.5,12.42,0.873,21.62,0,76.03,1.03,88.42,177772,10.5,Baixo Risco,145
BR-01072,Nova Esperança,PR,Sul,-23.86,-51.7191,0,91.01,44239.25,62.8,27.38,0.9,13.13,1,72.03,3.14,81.16,19204,15.0,Baixo Risco,22
BR-01073,Cruz do Carvão,MS,Centro-Oeste,-22.4116,-54.7782,1,25.76,41672.67,215.2,32.3,0.724,47.5,0,45.59,1.03,61.62,4422,42.0,Médio Risco,53
BR-01074,Boa Dourado,SE,Nordeste,-11.7473,-36.2954,1,29.19,31957.84,158.2,46.42,0.744,52.76,0,,1.97,64.13,44218,45.7,Médio Risco,656
BR-01075,Santa Verde,RR,Norte,2.4321,-64.0408,1,27.9,32429.8,146.9,40.21,0.807,48.08,0,54.6,12.11,74.69,23964,45.7,Médio Risco,333
BR-01076,Boa do Forno,GO,Centro-Oeste,-16.1198,-48.2334,1,93.44,34320.45,266.5,37.41,0.692,53.68,0,37.13,0.8,48.35,3381,60.9,Médio Risco,80
BR-01077,Bela Limpo,PA,Norte,-2.9894,-51.3312,3,98.41,37529.19,172.8,34.38,,38.31,2,65.37,11.7,68.24,8785,49.0,Médio Risco,117
BR-01078,Alto do Carvão,MG,Sudeste,-19.8213,-42.6271,1,22.84,33568.64,145.9,47.31,0.743,44.75,0,46.86,4.65,48.39,13077,49.9,Médio Risco,199
BR-01079,Porto Limpo,PE,Nordeste,-7.88,-37.9338,3,9.51,34728.3,210.8,58.63,0.732,43.17,0,49.74,1.19,57.74,229631,57.2,Médio Risco,4248
BR-01080,Campo Grande,MA,Nordeste,-3.8918,-44.0205,3,51.26,,121.0,45.77,0.659,53.58,0,28.36,1.04,63.41,79563,62.1,Médio Risco,1949
BR-01081,Vila Esperança,DF,Centro-Oeste,-15.1485,-49.9197,0,9.65,45816.6,242.9,46.76,,38.32,0,57.98,3.62,58.37,21276,35.5,Baixo Risco,170
BR-01082,Alto do Sertão,SP,Sudeste,-21.9952,-47.7917,0,6.68,34097.56,120.3,27.06,0.767,48.57,0,81.04,0.22,82.41,59195,20.4,Baixo Risco,228
BR-01083,Santo do Forno,SE,Nordeste,-10.7042,-38.5296,1,38.32,25808.97,141.8,35.68,0.737,39.98,0,34.51,1.81,81.82,2567,42.2,Médio Risco,28
BR-01084,Alto do Cedro,RR,Norte,0.8812,-63.712,1,109.26,42322.62,169.3,25.13,0.791,34.02,0,65.75,7.1,88.73,16218,29.8,Baixo Risco,91
BR-01085,Campo do Forno,TO,Norte,-10.2708,-49.8738,5,12.5,32134.87,336.6,54.58,0.579,44.62,1,27.77,3.5,51.77,54244,84.0,Alto Risco,1897
BR-01086,Alto Vermelho,RN,Nordeste,-4.0464,-36.5823,0,40.81,45446.51,207.8,28.51,0.774,44.62,0,78.07,4.49,75.87,40405,28.7,Baixo Risco,254
BR-01087,Cruz Dourado,RS,Sul,-29.8666,-54.354,0,24.35,55604.1,115.6,20.71,0.925,29.82,0,80.48,1.75,75.74,16744,13.9,Baixo Risco,26
BR-01088,Lago Vermelho,RS,Sul,-30.9457,-52.6735,0,42.48,20883.84,260.6,55.23,0.598,51.65,0,42.27,3.19,44.72,31323,69.9,Médio Risco,903
BR-01089,Serra Limpo,MG,Sudeste,-18.7891,-46.9115,0,98.85,41190.86,76.1,26.05,0.818,27.89,0,52.7,1.28,79.95,50143,19.6,Baixo Risco,128
BR-01090,São do Cedro,MS,Centro-Oeste,-20.2288,-57.5179,1,18.53,27212.1,188.2,38.04,0.707,47.66,0,38.77,13.71,66.44,32478,57.9,Médio Risco,655
BR-01091,Santa do Carvão,DF,Centro-Oeste,-16.3529,-45.9387,1,11.62,39886.33,182.1,24.7,,31.39,0,69.52,16.65,86.47,96399,28.1,Baixo Risco,468
BR-01092,Alto Azul,PE,Nordeste,-7.7006,-36.5947,1,6.46,44705.39,163.5,33.84,0.792,40.8,0,42.55,1.47,66.83,48941,36.0,Baixo Risco,416
BR-01093,Santo do Norte,GO,Centro-Oeste,-15.248,-51.329,6,69.16,35505.47,152.9,35.83,0.878,55.98,0,42.21,12.52,71.54,62259,51.6,Médio Risco,1170
BR-01094,Porto Verde,ES,Sudeste,-17.9454,-40.3442,0,9.42,39048.29,91.6,37.55,0.801,40.6,0,57.77,3.6,74.81,279832,26.7,Baixo Risco,1469
BR-01095,Nova Grande,PR,Sul,-22.897,-50.1227,0,50.83,50872.68,60.2,23.2,0.834,35.73,0,67.9,2.34,81.78,92446,17.1,Baixo Risco,219
BR-01096,Vale das Flores,MT,Centro-Oeste,-11.2458,-54.8331,3,53.38,23777.72,252.5,31.94,0.666,43.65,0,51.97,28.52,64.04,289583,64.4,Médio Risco,6525
BR-01097,Rio do Norte,CE,Nordeste,-6.5079,-39.3225,1,20.42,45638.31,104.4,20.24,0.832,28.13,0,60.76,0.97,74.73,14187,21.0,Baixo Risco,41
BR-01098,Bela Verde,RO,Norte,-12.0949,-61.8068,3,22.62,30153.97,195.9,36.89,0.713,43.2,1,61.15,4.97,70.82,4489,57.7,Médio Risco,84
BR-01099,Cruz do Vale,RR,Norte,1.9439,-62.423,1,102.19,48507.64,160.7,24.55,0.906,46.55,0,,2.82,87.69,27575,25.0,Baixo Risco,143
BR-01100,Cruz das Flores,BA,Nordeste,-13.5916,-41.6564,1,11.99,33009.84,101.5,43.3,0.765,41.05,0,58.87,3.72,66.15,24785,40.1,Médio Risco,251
BR-01101,Campo do Vale,AC,Norte,-10.3637,-70.575,1,7.8,,272.2,63.45,0.596,59.3,0,38.47,7.27,57.2,203672,78.7,Alto Risco,7845
BR-01102,Santa do Carvão,MA,Nordeste,-6.0384,-45.8219,2,27.63,47999.62,45.0,22.51,0.928,26.33,0,71.95,0.96,89.73,8002,18.3,Baixo Risco,18
BR-01103,Monte das Flores,RO,Norte,-11.4943,-63.8857,7,79.02,28672.89,256.4,50.65,0.64,32.15,0,53.68,30.82,63.78,29774,71.7,Alto Risco,656
BR-01104,Lago Esperança,RR,Norte,1.1094,-61.298,5,173.46,45428.1,142.9,13.43,0.851,26.94,1,62.02,23.91,74.82,54528,36.2,Baixo Risco,363
BR-01105,Bela das Flores,AM,Norte,-3.9121,-65.0518,2,23.65,36535.62,251.8,39.68,0.759,60.98,0,45.75,5.45,68.4,37240,58.9,Médio Risco,921
BR-01106,Porto do Sertão,RS,Sul,-28.0502,-54.6678,0,17.82,44161.55,80.6,13.22,0.906,34.66,0,53.33,0.55,78.15,26518,15.6,Baixo Risco,53
BR-01107,Santa das Flores,AM,Norte,-3.1911,-63.9775,5,66.7,32825.72,244.8,43.36,0.729,61.07,0,27.12,34.89,61.97,51442,72.4,Alto Risco,1772
BR-01108,Cruz do Forno,MT,Centro-Oeste,-9.1795,-56.7869,5,4.71,31849.48,298.1,57.55,0.734,43.69,0,47.92,10.7,59.15,126611,73.2,Alto Risco,3503
BR-01109,Cruz do Sertão,TO,Norte,-9.9313,-48.6055,3,28.83,26063.2,270.7,46.74,0.712,34.02,1,43.18,11.2,69.09,224063,69.5,Médio Risco,4859
BR-01110,Lago do Carvão,CE,Nordeste,-5.6061,-39.9434,0,31.24,40062.67,90.0,20.12,0.807,27.2,0,,1.93,84.57,34235,20.3,Baixo Risco,91
BR-01111,Cruz do Carvão,BA,Nordeste,-12.9542,-41.1987,0,90.43,31331.61,137.4,42.25,0.748,49.24,1,41.25,1.17,73.16,11851,46.5,Médio Risco,172
BR-01112,Lago Limpo,MS,Centro-Oeste,-20.1509,-57.5067,1,123.59,50726.73,154.3,25.56,0.835,39.29,0,73.56,4.47,83.21,223724,25.3,Baixo Risco,1055
BR-01113,Porto do Vale,PE,Nordeste,-7.7706,-36.6127,3,6.68,16791.83,229.3,53.49,0.614,61.82,1,,5.18,44.41,8544,83.9,Alto Risco,376
BR-01114,Vila da Mata,SE,Nordeste,-7.6626,-38.3978,1,31.33,29582.17,155.4,48.93,0.685,39.98,0,41.1,1.47,65.48,308114,48.8,Médio Risco,4203
BR-01115,Serra Grande,TO,Norte,-11.3534,-46.5921,3,14.29,37960.76,166.9,45.16,0.692,52.21,0,46.12,10.28,78.29,176340,60.5,Médio Risco,4068
BR-01116,Santa do Vale,AL,Nordeste,-8.4173,-37.4894,0,20.15,33771.16,92.9,37.34,0.78,39.36,0,57.12,2.1,68.31,211451,31.3,Baixo Risco,1403
BR-01117,Boa do Vale,AM,Norte,-3.1791,-65.1684,2,57.04,,176.7,26.07,0.713,39.6,0,54.43,2.66,66.59,77400,41.7,Médio Risco,816
BR-01118,São do Forno,RO,Norte,-13.0295,-60.6607,2,16.34,26072.64,215.9,42.27,0.698,51.27,0,37.63,28.92,67.96,2343,65.7,Médio Risco,61
BR-01119,Serra do Forno,ES,Sudeste,-18.111,-40.7283,0,34.26,44352.94,133.5,42.23,0.807,38.47,0,,3.22,72.68,8965,28.7,Baixo Risco,51
BR-01120,Campo da Mata,SC,Sul,-25.6753,-49.2156,1,99.05,47470.03,78.7,19.09,0.874,22.41,1,80.68,2.04,97.41,48224,17.2,Baixo Risco,89
BR-01121,Alto do Carvão,PI,Nordeste,-8.92,-42.6753,1,72.76,21184.14,241.3,44.43,0.517,61.81,1,37.39,4.97,44.46,14121,80.5,Alto Risco,582
BR-01122,Santa do Sertão,AM,Norte,-3.4825,-64.5184,1,38.46,33576.32,227.1,46.4,,53.29,0,50.12,1.56,72.6,22157,48.5,Médio Risco,364
BR-01123,Vale Limpo,RR,Norte,-0.3655,-61.3021,2,28.25,31598.08,214.9,40.24,0.702,53.72,0,,4.93,76.41,70687,57.5,Médio Risco,1534
BR-01124,Lago do Forno,BA,Nordeste,-14.7223,-40.513,0,6.46,29595.32,203.8,54.4,0.599,63.55,0,36.93,0.8,42.22,26570,62.5,Médio Risco,745
BR-01125,Vila do Sertão,MS,Centro-Oeste,-19.0428,-55.4997,0,134.6,37802.84,181.6,40.74,0.736,36.53,0,45.4,7.49,66.38,7160,40.7,Médio Risco,69
BR-01126,Vale do Carvão,PB,Nordeste,-7.933,-38.0977,0,52.93,54876.37,115.3,28.75,0.799,25.42,0,59.78,2.33,72.25,99417,17.6,Baixo Risco,202
BR-01127,Bela Feliz,PA,Norte,-5.3423,-53.374,1,30.06,,229.3,41.32,0.729,51.79,1,40.57,7.9,52.59,62544,64.9,Médio Risco,1605
BR-01128,Alto das Flores,PI,Nordeste,-7.3988,-42.5904,1,25.39,31256.78,128.2,40.49,0.68,55.36,0,56.43,6.01,68.08,24071,50.3,Médio Risco,431
BR-01129,Serra do Cedro,PE,Nordeste,-9.1114,-38.1691,2,41.99,49007.2,119.2,23.67,0.85,40.48,1,71.51,0.59,69.64,79944,26.4,Baixo Risco,411
BR-01130,Rio Feliz,TO,Norte,-10.8292,-47.3056,2,59.31,29164.36,216.5,36.19,0.744,39.67,0,50.5,3.59,,37005,50.6,Médio Risco,532
BR-01131,Santa Verde,TO,Norte,-9.1349,-46.4734,2,56.74,21513.2,261.3,51.97,0.699,39.05,0,39.8,10.88,64.36,173547,66.1,Médio Risco,3788
BR-01132,Vila Dourado,PA,Norte,-5.4164,-53.8462,6,96.82,18161.39,298.7,49.02,0.591,62.93,0,45.92,11.19,56.68,39696,84.8,Alto Risco,1801
BR-01133,Monte Verde,AP,Norte,0.1425,-52.7975,0,31.11,35946.54,215.8,36.26,0.688,55.42,0,59.23,2.61,61.1,171942,43.4,Médio Risco,2433
BR-01134,Alto Verde,RN,Nordeste,-5.5943,-38.6007,2,178.33,33637.34,140.8,35.59,0.747,32.56,0,50.2,4.85,70.88,3159,38.9,Baixo Risco,26
BR-01135,Nova Azul,TO,Norte,-8.8128,-45.4575,4,67.26,33020.04,268.1,40.21,0.635,43.63,0,44.71,26.68,62.67,58339,69.3,Médio Risco,1477
BR-01136,São do Amparo,GO,Centro-Oeste,-14.2466,-49.4335,0,18.89,,254.9,48.51,0.585,64.01,0,37.78,12.36,60.74,19984,67.5,Médio Risco,637
BR-01137,Cruz do Sertão,MG,Sudeste,-19.0311,-43.7083,1,3.25,27395.36,190.6,56.74,0.57,57.18,0,23.63,0.9,46.21,11228,73.6,Alto Risco,378
BR-01138,Santa Limpo,MS,Centro-Oeste,-19.1977,-56.4163,0,32.76,45834.7,176.6,29.24,0.834,50.85,0,62.39,7.17,70.0,139822,31.5,Baixo Risco,1114
BR-01139,Cruz das Flores,AL,Nordeste,-10.7178,-36.8216,0,112.11,32280.96,116.3,32.98,0.632,47.78,0,40.26,3.04,54.17,99844,49.1,Médio Risco,1550
BR-01140,São da Serra,PI,Nordeste,-5.1633,-42.0171,0,11.66,40193.32,161.0,35.48,0.705,42.9,0,45.27,1.76,67.57,2676,36.5,Baixo Risco,24
BR-01141,Rio do Sertão,MA,Nordeste,-7.0073,-45.7939,2,29.8,39472.76,179.0,35.84,0.71,42.54,2,53.34,6.02,66.37,80368,57.5,Médio Risco,1485
BR-01142,Boa do Amparo,RS,Sul,-27.8401,-51.694,1,28.24,28760.97,214.7,43.0,0.691,45.23,0,33.89,2.09,62.79,69057,55.3,Médio Risco,1249
BR-01143,Nova Esperança,RR,Norte,1.1309,-58.1634,3,67.77,29464.76,187.1,43.41,0.78,51.7,1,33.81,37.79,66.64,13309,67.8,Médio Risco,366
BR-01144,Campo do Forno,RO,Norte,-8.0115,-64.6659,2,16.04,27690.86,275.0,53.36,0.68,54.66,1,,14.38,59.54,11567,73.9,Alto Risco,380
BR-01145,Nova do Carvão,MT,Centro-Oeste,-11.8122,-56.8509,3,10.04,30869.54,247.8,50.73,0.699,55.55,0,40.64,9.49,65.36,4500,70.3,Alto Risco,138
BR-01146,Lago do Vale,GO,Centro-Oeste,-17.4024,-51.0889,2,53.04,41375.31,115.9,35.25,0.846,39.79,0,78.0,13.21,78.66,21549,33.6,Baixo Risco,161
BR-01147,Cruz da Mata,RN,Nordeste,-6.5411,-34.3413,1,10.02,15059.26,178.8,47.48,0.663,50.07,0,58.55,8.66,70.57,26321,56.7,Médio Risco,531
BR-01148,Alto da Serra,RO,Norte,-9.7363,-61.8807,2,4.3,34889.91,205.8,31.71,0.723,42.95,0,48.73,14.18,74.6,88987,50.5,Médio Risco,1344
BR-01149,Alto da Mata,MG,Sudeste,-16.6263,-44.5697,0,175.09,37458.92,177.4,33.88,0.769,38.7,0,75.96,1.91,82.06,46015,25.3,Baixo Risco,215
BR-01150,Cruz do Norte,SP,Sudeste,-22.289,-48.7388,0,70.14,39990.95,104.8,37.37,0.734,52.01,0,63.27,1.2,65.1,8735,30.8,Baixo Risco,68
BR-01151,Vila do Amparo,BA,Nordeste,-12.8975,-42.8432,1,147.33,36432.39,197.8,50.08,0.688,57.72,0,38.12,0.99,48.72,44293,60.7,Médio Risco,1104
BR-01152,Lago das Flores,SC,Sul,-26.3883,-49.704,0,79.69,45738.06,95.4,28.07,0.856,33.55,0,40.79,0.25,79.93,23919,20.5,Baixo Risco,73
BR-01153,Monte do Forno,AP,Norte,1.5945,-52.3019,0,57.27,34545.04,155.9,30.81,0.733,33.42,0,63.26,7.47,79.08,10214,29.7,Baixo Risco,56
BR-01154,Monte do Sertão,BA,Nordeste,-14.7709,-42.0641,1,36.8,24505.72,133.5,43.19,0.732,56.19,0,50.66,1.6,71.29,4506,49.9,Médio Risco,81
BR-01155,Santo Feliz,PA,Norte,-4.9282,-51.6277,1,20.02,34806.08,297.1,48.84,0.7,48.59,0,51.55,5.79,72.15,71754,56.9,Médio Risco,1427
BR-01156,Campo Azul,AL,Nordeste,-9.2908,-37.0832,1,36.47,22912.25,177.0,51.74,0.682,50.83,1,40.6,5.62,40.91,57411,67.8,Médio Risco,1559
BR-01157,Alto do Carvão,AL,Nordeste,-7.9183,-37.149,1,17.78,,145.4,27.96,0.837,48.07,0,50.04,1.7,85.1,65904,30.5,Baixo Risco,480
BR-01158,Campo Feliz,AC,Norte,-6.5076,-70.5352,0,11.22,51094.62,212.3,20.21,0.848,31.32,0,59.33,26.84,81.52,13223,23.1,Baixo Risco,47
BR-01159,Boa Limpo,MS,Centro-Oeste,-19.4187,-53.4265,0,19.26,28134.2,206.3,30.47,0.738,40.91,0,59.49,4.38,58.32,40695,41.9,Médio Risco,442
BR-01160,Nova Limpo,RS,Sul,-29.2978,-50.8949,0,84.29,32467.48,126.5,39.29,0.72,47.69,0,42.44,1.08,66.7,5889,38.3,Baixo Risco,61
BR-01161,Bela Limpo,AC,Norte,-7.7217,-69.7303,3,7.61,,187.3,38.65,0.706,35.11,1,48.45,2.59,68.88,9574,52.4,Médio Risco,135
BR-01162,São do Cedro,PE,Nordeste,-9.3135,-36.7354,0,7.69,39562.02,199.4,40.49,0.688,46.74,0,37.76,3.82,70.11,34275,42.5,Médio Risco,416
BR-01163,Nova do Forno,RO,Norte,-11.0445,-63.6198,3,35.97,12887.85,287.0,42.87,0.512,50.29,1,38.75,22.22,60.92,45613,85.8,Alto Risco,1792
BR-01164,Boa Grande,BA,Nordeste,-14.1138,-42.6909,1,14.23,22391.12,125.3,44.19,0.654,48.35,0,31.93,1.55,60.95,4290,55.6,Médio Risco,82
BR-01165,Rio das Flores,BA,Nordeste,-14.7082,-40.7844,1,29.11,12536.14,252.1,58.41,,55.13,1,40.8,1.24,38.22,8761,81.5,Alto Risco,338
BR-01166,Santa Feliz,RR,Norte,2.517,-61.1603,3,79.74,42607.03,139.7,25.01,0.804,34.9,0,51.55,21.73,73.16,20811,36.8,Baixo Risco,166
BR-01167,Alto do Carvão,RO,Norte,-10.5703,-65.3317,2,39.79,35082.06,206.7,41.8,0.651,40.11,1,47.01,2.29,54.35,108896,62.0,Médio Risco,2183
BR-01168,Alto Vermelho,PA,Norte,-2.8273,-52.9393,11,8.69,3200.0,324.0,59.91,0.519,65.6,0,47.37,23.32,48.44,11892,95.8,Alto Risco,676
BR-01169,Cruz do Vale,RO,Norte,-10.0654,-63.4561,0,93.47,32876.62,317.3,33.14,0.75,43.53,0,48.57,4.52,77.12,39172,44.1,Médio Risco,481
BR-01170,Monte da Serra,AP,Norte,1.7497,-52.4846,1,56.77,40142.69,249.2,35.58,0.715,43.2,0,49.51,9.46,60.78,44656,52.0,Médio Risco,710
BR-01171,São do Carvão,MT,Centro-Oeste,-11.8607,-53.3456,1,25.19,32815.69,223.2,42.74,0.725,63.4,0,53.8,17.65,59.83,24050,60.5,Médio Risco,639
BR-01172,Rio Feliz,RN,Nordeste,-5.8698,-35.9182,1,24.33,33369.66,158.4,34.58,0.697,45.27,1,,3.25,59.04,45937,56.8,Médio Risco,868
BR-01173,Alto do Sertão,ES,Sudeste,-18.612,-38.4176,0,35.32,29866.14,194.1,39.41,0.706,51.54,0,59.32,1.79,,6117,41.1,Médio Risco,75
BR-01174,Santo Verde,RN,Nordeste,-6.8266,-36.2212,1,17.02,24551.88,220.5,46.0,0.709,54.18,1,54.76,7.17,64.7,14476,64.5,Médio Risco,380
BR-01175,Serra do Forno,PA,Norte,-3.2724,-52.3661,6,3.89,23193.79,273.5,46.9,0.656,55.28,0,42.54,11.16,50.72,197393,79.8,Alto Risco,7387
BR-01176,Nova do Forno,RN,Nordeste,-4.8742,-37.9012,2,56.57,35919.02,135.3,25.92,0.75,45.26,0,22.49,39.86,73.46,215552,54.7,Médio Risco,3832
BR-01177,Boa Verde,MG,Sudeste,-19.0376,-44.3633,0,47.47,33889.25,137.1,32.76,0.67,48.33,0,44.66,0.59,70.45,94245,39.9,Baixo Risco,1058
BR-01178,Rio da Serra,MA,Nordeste,-5.3474,-45.4217,1,2.14,29732.8,211.2,45.22,0.636,54.17,0,29.98,0.64,65.15,130026,62.3,Médio Risco,3227
BR-01179,Nova da Serra,CE,Nordeste,-6.073,-41.444,2,38.24,29728.68,209.3,35.97,0.705,45.6,0,55.26,5.25,53.32,3353,52.6,Médio Risco,56
BR-01180,Vale Grande,CE,Nordeste,-5.9371,-40.2853,0,134.61,35303.21,103.0,41.13,0.653,45.71,1,55.26,2.29,,10038,42.5,Médio Risco,120
BR-01181,Nova Verde,RN,Nordeste,-7.3849,-37.0426,0,12.81,50205.38,50.5,25.15,0.905,27.04,0,76.37,2.86,99.0,22273,10.8,Baixo Risco,21
BR-01182,Boa da Serra,AM,Norte,-1.6979,-64.5211,1,21.08,21592.34,213.2,36.23,0.665,36.38,0,33.73,3.3,71.42,673035,53.6,Médio Risco,10042
BR-01183,Porto do Norte,AP,Norte,2.902,-51.1241,4,20.63,34833.59,243.6,38.22,0.711,57.02,0,62.43,7.73,63.88,22218,61.5,Médio Risco,561
BR-01184,Nova Dourado,BA,Nordeste,-12.2076,-42.5138,1,208.18,,21.1,27.95,0.875,42.05,0,70.52,2.19,83.62,83377,19.3,Baixo Risco,266
BR-01185,Porto do Carvão,BA,Nordeste,-10.1989,-41.0436,0,75.83,34893.32,112.3,42.41,0.649,47.78,0,65.18,1.44,58.04,52731,40.3,Médio Risco,597
BR-01186,Santa do Forno,RO,Norte,-11.0949,-63.5949,4,7.94,15315.09,329.3,51.34,0.625,62.02,0,38.21,11.01,44.11,51285,86.8,Alto Risco,2389
BR-01187,Serra do Forno,MT,Centro-Oeste,-8.3955,-59.4375,0,36.57,43431.16,222.8,36.41,0.769,52.09,0,56.01,2.39,67.53,31907,40.0,Médio Risco,379
BR-01188,Nova do Amparo,TO,Norte,-10.4885,-48.9786,3,200.49,27199.63,278.3,53.59,0.564,46.08,0,34.12,12.06,60.2,7332,76.6,Alto Risco,226
BR-01189,Campo do Forno,AM,Norte,-3.1127,-63.5894,1,16.32,39735.71,211.7,39.08,0.815,44.32,0,72.27,19.84,84.75,1200,39.7,Baixo Risco,13
BR-01190,Serra do Amparo,PE,Nordeste,-8.9369,-40.2145,1,23.91,26806.05,196.9,37.94,0.743,44.53,0,53.28,0.84,60.41,163130,47.9,Médio Risco,2320
BR-01191,Porto Limpo,MS,Centro-Oeste,-19.9887,-54.3822,0,40.18,,229.4,36.88,0.723,63.79,0,60.51,2.68,63.25,15205,48.2,Médio Risco,282
BR-01192,Boa das Flores,MT,Centro-Oeste,-11.4701,-53.2006,1,16.15,34609.61,187.7,21.97,0.777,37.56,0,59.92,16.51,73.59,3185,38.5,Baixo Risco,29
BR-01193,Campo da Mata,SC,Sul,-27.6095,-52.0149,0,199.02,57205.54,80.2,23.57,0.816,39.46,0,64.93,0.6,76.91,56809,16.3,Baixo Risco,133
BR-01194,Alto Azul,TO,Norte,-7.6826,-48.297,2,17.41,34440.18,252.0,25.1,0.768,40.24,0,60.49,13.14,76.29,55464,49.3,Médio Risco,772
BR-01195,Lago Verde,SC,Sul,-27.1152,-52.7756,0,8.31,53533.53,96.2,21.39,0.848,49.45,0,77.16,1.83,82.72,85808,16.9,Baixo Risco,248
BR-01196,Lago da Mata,CE,Nordeste,-4.8213,-37.2519,1,13.53,28221.52,163.9,38.63,0.685,46.27,0,54.11,1.7,61.95,132541,45.3,Médio Risco,1769
BR-01197,Lago Dourado,CE,Nordeste,-6.4726,-39.6467,2,52.9,44818.3,150.6,40.73,0.753,50.24,1,55.66,6.61,72.93,10418,47.9,Médio Risco,161
BR-01198,Campo do Norte,PI,Nordeste,-7.1341,-42.6647,2,13.3,36191.48,186.9,27.51,0.751,43.52,0,41.3,4.05,78.32,11007,49.7,Médio Risco,163
BR-01199,Santa do Carvão,GO,Centro-Oeste,-16.1676,-47.964,2,33.41,32465.85,241.3,42.39,0.729,49.46,0,56.18,9.28,69.13,22062,54.1,Médio Risco,410
BR-01200,Bela Dourado,RN,Nordeste,-6.6615,-35.6639,1,64.18,52803.84,70.8,9.7,0.894,31.82,0,55.91,0.29,78.99,91771,15.1,Baixo Risco,166
BR-01201,Lago das Flores,PB,Nordeste,-8.3671,-37.9459,0,9.01,44054.97,186.6,30.24,0.804,33.59,0,59.4,3.35,81.35,2373,27.6,Baixo Risco,12
BR-01202,Santo do Forno,PB,Nordeste,-3.5395,-37.6262,2,15.35,41549.0,187.6,28.16,0.754,24.85,1,52.32,0.88,71.15,38571,36.8,Baixo Risco,252
BR-01203,Porto do Forno,RO,Norte,-11.1989,-62.6471,1,36.09,31207.58,274.0,35.85,0.785,52.88,0,37.68,6.06,63.4,105361,53.7,Médio Risco,2027
BR-01204,Cruz Limpo,RJ,Sudeste,-24.2898,-43.5338,0,60.8,41094.11,101.4,42.81,0.775,34.91,0,62.34,1.91,76.63,100065,23.6,Baixo Risco,392
BR-01205,Santo das Flores,AC,Norte,-9.7475,-73.0,6,12.47,32552.83,246.6,53.24,0.698,60.88,0,60.9,38.09,59.92,79674,77.5,Alto Risco,3053
BR-01206,Rio Limpo,AL,Nordeste,-9.6922,-36.8945,1,29.76,30295.79,87.5,37.41,0.703,47.64,0,47.84,1.77,74.23,124089,45.8,Médio Risco,1720
BR-01207,São do Amparo,PR,Sul,-24.1247,-53.6223,1,23.01,44150.64,149.8,47.96,0.842,46.11,0,66.63,0.6,68.42,1200,31.1,Baixo Risco,9
BR-01208,Santo Dourado,MG,Sudeste,-17.3233,-42.1172,4,44.61,,188.7,41.72,0.7,57.95,0,,8.09,67.21,246924,64.8,Médio Risco,6853
BR-01209,Monte Esperança,ES,Sudeste,-18.2427,-40.0925,0,49.92,41104.67,58.8,37.29,0.78,21.67,0,66.03,3.43,74.43,49663,20.8,Baixo Risco,121
BR-01210,Boa da Mata,MT,Centro-Oeste,-13.5428,-56.6872,6,15.47,28854.57,299.6,35.78,0.732,54.87,0,38.29,14.75,56.55,174262,73.8,Alto Risco,5724
BR-01211,Bela da Mata,RN,Nordeste,-5.3334,-37.5681,1,49.24,37272.96,104.6,27.4,,35.38,0,61.79,6.18,71.89,7568,26.2,Baixo Risco,35
BR-01212,Monte Esperança,RO,Norte,-12.0565,-65.9852,5,18.12,35371.04,210.6,26.5,0.726,50.48,1,58.45,27.06,63.12,3669,69.3,Médio Risco,103
BR-01213,Santo das Flores,PB,Nordeste,-8.1475,-38.2592,0,42.27,36439.91,89.7,37.34,0.734,47.42,0,65.86,1.03,56.77,306500,27.8,Baixo Risco,1905
BR-01214,Santa Azul,MT,Centro-Oeste,-13.9248,-53.9971,1,28.2,17698.69,323.6,58.2,0.612,65.01,0,42.58,3.22,52.39,10320,80.0,Alto Risco,437
BR-01215,Serra do Carvão,ES,Sudeste,-20.8537,-37.2155,0,410.64,58633.4,88.2,14.97,0.93,26.32,0,46.36,3.06,99.0,22280,11.7,Baixo Risco,24
BR-01216,Monte do Carvão,PA,Norte,-2.3001,-51.463,4,15.22,31245.46,266.5,54.35,0.615,46.42,1,33.66,6.78,46.05,63533,82.6,Alto Risco,2222
BR-01217,Vila do Vale,GO,Centro-Oeste,-15.0159,-49.9889,6,20.65,32234.58,231.6,38.61,0.693,45.19,0,46.33,6.67,56.3,86345,68.3,Médio Risco,2188
BR-01218,Rio Verde,PB,Nordeste,-5.9127,-37.3247,1,12.8,28148.32,252.5,42.48,0.717,34.44,0,39.25,0.92,69.65,126503,48.7,Médio Risco,1565
BR-01219,Vila do Forno,PI,Nordeste,-7.665,-44.0691,1,7.8,23251.17,140.5,51.24,0.646,47.5,1,9.5,3.93,58.48,43444,69.6,Médio Risco,1174
BR-01220,Porto do Sertão,AL,Nordeste,-8.5325,-34.0,0,21.6,55718.32,68.9,14.12,0.931,22.9,0,58.76,2.37,87.14,8797,9.9,Baixo Risco,7
BR-01221,Alto Feliz,AC,Norte,-11.2358,-70.8142,0,66.09,40671.86,199.6,18.69,0.855,23.21,1,65.11,5.04,80.43,79482,24.7,Baixo Risco,265
BR-01222,Cruz Feliz,CE,Nordeste,-3.9917,-36.5681,1,55.89,36255.03,107.3,36.15,0.745,44.13,1,48.19,0.69,64.86,81080,44.9,Médio Risco,1033
BR-01223,Rio Limpo,SP,Sudeste,-21.942,-46.8391,0,37.83,39638.54,94.4,36.9,0.81,44.9,1,46.56,5.28,,3399,34.0,Baixo Risco,28
BR-01224,Rio Limpo,PE,Nordeste,-7.502,-40.2971,0,20.82,36036.09,173.3,41.95,0.753,41.18,0,55.62,2.47,54.57,193563,37.7,Baixo Risco,1781
BR-01225,Santo Limpo,BA,Nordeste,-12.428,-42.6323,2,14.2,24842.13,191.9,41.89,0.724,45.66,0,48.91,5.74,53.82,1467,63.0,Médio Risco,33
BR-01226,Bela Feliz,SC,Sul,-28.8319,-51.8867,0,11.94,36405.48,137.5,28.08,0.735,32.04,0,54.36,0.36,81.21,119733,26.1,Baixo Risco,522
BR-01227,Boa Esperança,MG,Sudeste,-20.1973,-44.4918,2,14.1,29479.93,165.8,34.97,0.696,44.57,0,61.04,2.34,73.04,14874,50.7,Médio Risco,232
BR-01228,Santo do Sertão,MG,Sudeste,-19.0969,-44.4644,2,5.87,22929.61,162.6,49.42,0.691,46.77,0,42.23,1.41,67.55,79371,54.3,Médio Risco,1426
BR-01229,Cruz da Serra,SE,Nordeste,-9.7791,-34.0,0,109.31,44429.27,123.9,31.39,0.823,40.77,0,47.64,2.07,74.57,62177,26.7,Baixo Risco,327
BR-01230,Nova do Carvão,AL,Nordeste,-8.6539,-38.3281,0,169.08,35942.44,138.6,33.81,0.723,32.36,0,43.17,4.43,53.5,31370,36.9,Baixo Risco,240
BR-01231,Rio Esperança,CE,Nordeste,-7.1151,-39.2094,3,3.97,34233.6,166.8,33.8,0.727,47.06,0,52.43,2.75,65.9,57749,47.6,Médio Risco,844
BR-01232,Monte do Vale,PR,Sul,-26.2635,-50.6869,0,35.21,35637.94,160.5,39.88,,39.93,0,62.23,2.15,77.49,29494,28.9,Baixo Risco,174
BR-01233,Nova do Vale,CE,Nordeste,-6.2125,-39.5322,2,36.8,40981.38,101.0,29.98,0.745,43.99,1,47.89,2.04,82.66,80213,42.1,Médio Risco,920
BR-01234,Campo do Carvão,PI,Nordeste,-8.2202,-42.5757,1,25.09,22572.45,224.9,45.56,0.624,60.92,0,44.42,0.75,64.59,504635,61.9,Médio Risco,13502
BR-01235,Porto do Carvão,CE,Nordeste,-7.1069,-40.9927,0,12.36,32710.82,119.9,47.86,,53.09,0,44.66,1.17,58.16,6145,42.5,Médio Risco,82
BR-01236,Cruz Grande,AP,Norte,-0.5809,-51.6209,2,69.14,26306.38,226.1,21.49,0.698,51.93,0,67.18,18.08,56.09,1200,54.1,Médio Risco,23
BR-01237,Lago do Carvão,CE,Nordeste,-6.3506,-38.814,1,30.86,30381.22,156.2,46.28,0.566,40.01,0,42.85,1.74,55.05,19544,58.9,Médio Risco,360
BR-01238,Boa do Vale,MS,Centro-Oeste,-20.3892,-54.0814,1,87.37,41915.51,162.8,21.01,0.764,33.59,0,54.28,15.31,76.66,17943,32.9,Baixo Risco,117
BR-01239,Lago Dourado,BA,Nordeste,-14.6128,-40.9017,2,9.26,21937.71,274.8,60.08,0.612,64.54,1,43.1,5.28,63.44,20497,81.4,Alto Risco,887
BR-01240,Alto Grande,AM,Norte,-3.6321,-63.1223,0,5.76,25875.9,201.7,41.19,0.618,53.22,1,52.13,15.9,62.79,10321,64.4,Médio Risco,267
BR-01241,Alto Vermelho,RR,Norte,3.532,-60.0882,2,51.31,38620.55,150.7,21.03,0.827,47.18,0,60.4,7.6,80.09,97787,31.4,Baixo Risco,736
BR-01242,São do Sertão,GO,Centro-Oeste,-17.8025,-49.7602,4,8.33,18847.15,281.3,46.26,0.613,63.75,2,32.09,5.79,59.08,5845,86.4,Alto Risco,276
BR-01243,Porto do Vale,MA,Nordeste,-5.709,-47.0805,2,61.28,22455.39,171.4,44.13,0.71,54.83,0,46.28,2.23,60.26,57726,61.6,Médio Risco,1419
BR-01244,Porto do Sertão,AL,Nordeste,-8.1853,-37.66,0,2.59,29974.83,189.6,44.32,0.736,50.2,0,42.96,4.14,62.78,72990,48.0,Médio Risco,1131
BR-01245,Vila Verde,MA,Nordeste,-6.0056,-45.7475,1,15.99,28978.13,201.9,38.81,0.691,38.51,0,36.96,0.4,61.54,48805,49.9,Médio Risco,673
BR-01246,Alto do Vale,ES,Sudeste,-19.9931,-39.9867,1,17.54,36079.74,126.8,23.04,0.837,31.85,0,65.12,4.83,71.42,60411,24.6,Baixo Risco,239
BR-01247,Vale Dourado,PR,Sul,-23.2611,-52.2197,0,24.01,40553.32,81.4,21.39,0.807,31.04,0,58.65,1.17,89.97,107644,19.1,Baixo Risco,280
BR-01248,Serra do Amparo,CE,Nordeste,-5.6287,-40.84,0,35.28,34447.05,134.8,28.91,0.743,38.48,0,40.12,1.93,58.27,35135,32.9,Baixo Risco,249
BR-01249,Vale Verde,SC,Sul,-25.9037,-52.6135,0,46.51,40544.11,129.9,20.6,0.876,30.3,0,57.77,1.73,88.4,21309,15.6,Baixo Risco,39
BR-01250,Boa Feliz,SE,Nordeste,-9.9694,-39.7616,3,46.5,31430.12,182.3,40.75,0.694,49.74,1,60.07,2.18,51.15,60353,61.7,Médio Risco,1388
BR-01251,Cruz das Flores,AP,Norte,0.93,-52.0989,0,50.31,35719.86,248.1,44.14,0.686,60.32,1,57.55,2.69,58.59,69596,55.2,Médio Risco,1539
BR-01252,Santa do Forno,AM,Norte,-2.7984,-67.1575,2,27.46,50224.98,195.8,16.81,0.797,41.55,1,71.54,6.67,85.82,99918,38.3,Baixo Risco,949
BR-01253,Vila do Vale,AM,Norte,-3.0214,-66.5007,0,244.83,50141.27,214.3,34.81,0.831,36.63,0,60.74,10.25,74.32,3864,29.4,Baixo Risco,22
BR-01254,Serra Verde,PE,Nordeste,-6.9508,-38.4115,0,88.91,19808.74,176.7,50.19,0.555,58.16,0,48.85,0.47,50.27,26123,63.9,Médio Risco,711
BR-01255,Nova do Sertão,AM,Norte,-4.2377,-66.9703,0,19.15,30498.74,206.0,42.82,,46.65,0,52.7,2.5,70.8,8676,44.1,Médio Risco,112
BR-01256,Vila do Amparo,RR,Norte,2.1077,-60.8683,2,22.03,,260.2,40.62,0.722,45.4,0,40.09,14.91,66.5,66251,59.4,Médio Risco,1347
BR-01257,Boa do Vale,RN,Nordeste,-5.8961,-35.5537,1,15.65,24946.21,193.5,50.33,0.639,51.06,0,34.46,4.36,57.1,81502,66.7,Médio Risco,2163
BR-01258,Cruz do Sertão,RO,Norte,-9.8442,-64.1092,1,36.14,37405.45,162.3,52.2,0.751,44.5,0,44.31,9.28,61.41,23318,50.3,Médio Risco,358
BR-01259,Vale do Vale,PA,Norte,-5.2253,-53.0918,3,7.68,25217.54,248.9,48.53,0.674,59.38,1,51.53,5.04,54.67,13206,75.7,Alto Risco,478
BR-01260,Santo Vermelho,TO,Norte,-8.7462,-47.5476,4,9.03,31230.35,265.1,45.13,0.574,56.64,2,47.58,15.69,49.81,69300,84.1,Alto Risco,2871
BR-01261,Vale do Amparo,AL,Nordeste,-8.9671,-37.8196,0,2.29,28812.16,193.6,41.87,0.699,50.3,0,28.49,1.01,71.25,27818,48.7,Médio Risco,442
BR-01262,Santo do Sertão,MT,Centro-Oeste,-14.4837,-56.5158,11,11.41,22070.49,355.4,70.22,,56.8,1,,9.02,44.21,195455,93.6,Alto Risco,9628
BR-01263,Bela do Carvão,GO,Centro-Oeste,-14.2884,-48.1849,4,65.52,26586.95,368.6,55.32,,52.5,0,40.73,2.8,57.74,301399,74.0,Alto Risco,9634
BR-01264,Boa do Amparo,SE,Nordeste,-7.4423,-36.2121,0,22.76,34820.4,58.6,30.76,0.748,46.69,0,51.07,1.85,64.67,114793,29.2,Baixo Risco,764
BR-01265,Santa do Amparo,PB,Nordeste,-5.8774,-35.8778,0,20.23,26516.52,190.0,41.1,0.653,48.77,1,38.79,1.07,72.06,43951,52.6,Médio Risco,773
BR-01266,Campo Grande,RO,Norte,-8.8322,-62.0441,1,36.07,29053.98,220.9,32.76,0.742,34.49,0,66.67,12.5,58.54,321891,46.2,Médio Risco,3663
BR-01267,Nova do Cedro,BA,Nordeste,-12.8405,-44.4682,1,8.33,36186.42,169.3,51.82,0.677,58.93,0,44.4,3.39,,44396,57.5,Médio Risco,1030
BR-01268,Lago da Serra,TO,Norte,-12.4961,-46.4046,2,26.71,38317.81,247.0,29.49,0.743,51.68,1,,4.5,65.91,18052,56.1,Médio Risco,366
BR-01269,Alto Azul,MG,Sudeste,-20.6818,-43.8311,3,54.68,26652.64,183.0,33.25,0.642,36.71,0,46.04,5.78,50.06,14127,60.1,Médio Risco,255
BR-01270,Alto do Cedro,MG,Sudeste,-17.7429,-42.9649,0,27.42,30453.78,186.4,63.66,0.621,64.45,0,29.36,1.23,48.88,13638,65.8,Médio Risco,420
BR-01271,São Grande,TO,Norte,-10.9988,-47.758,0,63.85,28033.07,245.4,43.38,0.675,46.35,0,48.42,7.38,65.66,32599,55.2,Médio Risco,598
BR-01272,Bela Esperança,MT,Centro-Oeste,-13.9204,-55.3515,3,63.48,9791.04,322.2,59.62,0.537,61.35,0,42.15,5.89,42.54,58622,89.3,Alto Risco,2834
BR-01273,Bela do Norte,MT,Centro-Oeste,-12.7278,-55.8054,5,47.76,37282.12,255.4,38.94,0.684,54.72,1,61.99,13.46,66.55,5603,74.9,Alto Risco,188
BR-01274,Rio da Mata,PB,Nordeste,-6.4182,-36.206,3,10.79,21194.78,188.1,48.84,0.626,62.98,0,32.73,4.1,71.17,18748,72.9,Alto Risco,668
BR-01275,Lago Limpo,AM,Norte,-5.5039,-65.5364,0,21.64,40264.31,175.8,19.74,0.788,44.78,0,46.02,17.67,76.88,42876,31.8,Baixo Risco,318
BR-01276,Santo Feliz,GO,Centro-Oeste,-16.6084,-48.645,5,156.79,29919.58,354.0,39.36,0.694,51.8,1,45.21,8.48,50.47,73463,79.1,Alto Risco,2588
BR-01277,São do Norte,CE,Nordeste,-3.0862,-41.751,0,40.81,42162.57,133.6,30.73,0.797,29.14,1,68.44,0.18,68.53,31812,26.4,Baixo Risco,134
BR-01278,Santo Grande,AP,Norte,-0.0954,-52.5282,1,26.85,32534.5,284.9,31.53,0.742,36.52,0,47.16,5.69,57.92,44607,52.5,Médio Risco,645
BR-01279,Santa do Forno,SC,Sul,-26.2323,-48.0872,0,11.6,39645.87,120.0,32.68,0.68,48.41,0,60.33,7.17,67.74,6987,37.8,Baixo Risco,72
BR-01280,Vila Esperança,PR,Sul,-25.5686,-52.4265,0,28.69,45213.14,117.0,25.1,0.831,45.93,0,48.93,1.41,78.24,10512,21.6,Baixo Risco,43
BR-01281,Rio do Vale,MA,Nordeste,-4.6559,-45.7742,1,55.49,32315.1,146.4,33.28,0.753,37.03,0,48.48,0.45,71.82,30452,40.2,Médio Risco,290
BR-01282,Bela Limpo,MT,Centro-Oeste,-11.1037,-56.6556,5,30.48,42012.46,132.7,26.4,0.824,36.57,0,39.07,9.05,86.95,62205,42.3,Médio Risco,638
BR-01283,Boa Vermelho,MS,Centro-Oeste,-19.4722,-54.0698,1,15.57,27261.71,202.0,30.99,0.763,40.31,1,50.55,10.76,67.8,43876,50.2,Médio Risco,630
BR-01284,Vila Feliz,PE,Nordeste,-7.1072,-38.8908,0,26.01,54372.5,65.1,11.19,0.85,28.35,0,46.68,0.95,74.1,11373,14.7,Baixo Risco,18
BR-01285,Cruz do Vale,SE,Nordeste,-12.1822,-37.7099,0,84.16,26789.24,130.8,39.07,0.734,52.72,0,62.62,1.78,,24448,39.0,Baixo Risco,281
BR-01286,Monte Limpo,SE,Nordeste,-9.0109,-36.2616,0,63.63,,65.5,23.52,0.804,36.51,0,77.06,0.9,87.91,217466,16.6,Baixo Risco,498
BR-01287,Campo Dourado,MT,Centro-Oeste,-13.8338,-56.3983,6,32.36,14746.18,292.9,45.67,,56.06,0,36.72,13.98,53.09,64882,83.1,Alto Risco,2617
BR-01288,Porto do Forno,MA,Nordeste,-5.0566,-44.3359,2,36.92,27095.84,215.3,42.43,0.632,66.86,3,33.3,2.41,61.18,26818,77.2,Alto Risco,1095
BR-01289,Alto Dourado,MS,Centro-Oeste,-20.1485,-53.3889,2,5.27,17317.28,315.5,57.31,0.59,51.71,0,33.86,3.92,50.84,9115,78.9,Alto Risco,319
BR-01290,Vila do Cedro,PB,Nordeste,-6.6008,-35.2431,3,28.0,23586.3,146.7,44.99,0.651,56.61,0,58.14,2.5,55.93,13471,60.8,Médio Risco,332
BR-01291,Campo do Sertão,MG,Sudeste,-17.6283,-44.1832,2,73.23,38879.97,118.8,26.08,0.705,38.5,0,54.13,1.22,51.46,33131,41.0,Médio Risco,334
BR-01292,Boa do Forno,PI,Nordeste,-8.9013,-38.1922,3,14.6,22440.96,198.4,58.06,0.595,56.59,0,46.08,8.93,55.36,46394,74.6,Alto Risco,1585
BR-01293,Vale Feliz,PB,Nordeste,-9.1698,-35.2437,2,74.43,35312.8,84.0,25.98,0.761,42.41,0,,4.12,77.53,66633,35.3,Baixo Risco,563
BR-01294,Serra da Serra,GO,Centro-Oeste,-14.7587,-49.4052,0,48.8,37383.62,222.1,33.23,0.816,46.86,0,47.96,6.02,81.89,53369,39.2,Baixo Risco,570
BR-01295,Serra Dourado,MA,Nordeste,-5.1598,-46.6663,2,46.22,30062.79,246.2,45.76,0.743,53.21,2,38.01,2.81,49.54,20686,74.8,Alto Risco,679
BR-01296,Alto do Vale,MT,Centro-Oeste,-11.0309,-55.5559,8,19.87,25687.86,272.2,51.83,0.644,55.29,0,17.88,20.79,52.8,17346,86.7,Alto Risco,741
BR-01297,Lago do Forno,AP,Norte,1.3474,-49.7731,0,60.94,27371.13,238.0,46.05,0.701,43.98,0,70.11,6.37,67.47,424529,42.3,Médio Risco,4907
BR-01298,Rio do Sertão,BA,Nordeste,-14.9272,-39.3067,2,4.48,18798.36,192.3,56.02,0.634,49.24,0,37.76,5.0,53.1,16390,75.2,Alto Risco,514
BR-01299,São Esperança,RJ,Sudeste,-20.8974,-40.5903,1,29.85,41289.02,105.3,38.54,0.803,44.51,0,64.65,6.41,73.66,6538,32.9,Baixo Risco,51
BR-01300,Vale do Sertão,MT,Centro-Oeste,-13.1585,-54.3207,3,46.51,30793.22,261.3,46.21,0.648,51.94,0,40.66,5.35,61.07,4237,70.8,Alto Risco,125
BR-01301,Bela do Norte,CE,Nordeste,-4.7212,-41.2879,3,31.51,24910.86,146.0,45.17,0.647,51.88,0,32.31,8.7,63.68,21131,69.2,Médio Risco,602
BR-01302,Monte Limpo,PB,Nordeste,-8.1864,-36.038,0,104.33,50553.92,61.3,11.12,0.856,31.7,0,79.29,4.98,87.65,106402,13.3,Baixo Risco,157
BR-01303,Rio Esperança,RN,Nordeste,-3.508,-38.328,1,20.05,25770.82,112.2,40.81,0.721,47.42,0,36.16,2.84,70.82,15996,44.1,Médio Risco,208
BR-01304,São da Mata,ES,Sudeste,-20.4172,-42.4225,1,20.68,54350.08,87.0,19.17,0.812,39.4,0,70.85,1.16,78.41,208333,19.3,Baixo Risco,638
BR-01305,Serra do Amparo,RO,Norte,-11.3024,-63.0052,3,3.94,26777.73,315.4,57.74,0.606,62.02,1,42.84,10.52,53.65,32562,84.2,Alto Risco,1445
BR-01306,Monte Azul,SE,Nordeste,-10.4196,-36.7175,1,20.73,30810.02,163.8,31.81,0.775,52.43,0,54.54,1.7,66.92,131524,38.5,Baixo Risco,1477
BR-01307,Boa da Serra,PR,Sul,-26.4191,-50.2853,0,60.71,45722.27,134.4,21.43,0.875,33.24,1,,0.87,80.4,12744,21.8,Baixo Risco,43
BR-01308,Lago Dourado,PI,Nordeste,-7.2573,-42.034,0,62.38,36560.49,101.9,32.64,0.832,49.18,1,55.97,2.99,62.0,12994,37.3,Baixo Risco,133
BR-01309,Monte do Carvão,AL,Nordeste,-7.3633,-36.0758,0,5.95,32191.29,193.1,48.19,0.655,44.7,0,39.14,1.0,63.86,36820,48.7,Médio Risco,539
BR-01310,Santo Vermelho,SE,Nordeste,-11.2566,-38.8285,0,96.05,38999.43,83.5,29.56,0.873,37.57,0,65.48,1.47,77.55,60066,19.3,Baixo Risco,178
BR-01311,Bela do Sertão,MT,Centro-Oeste,-12.0868,-55.567,6,9.1,25647.43,268.2,46.23,0.65,55.99,1,52.82,5.83,62.59,26273,79.1,Alto Risco,978
BR-01312,Vila Azul,SE,Nordeste,-14.4192,-39.56,2,21.67,24988.75,218.2,30.3,0.639,52.94,0,48.19,0.76,64.32,47362,57.8,Médio Risco,1026
BR-01313,Bela Vermelho,PB,Nordeste,-7.3345,-39.5247,0,16.39,41763.51,144.3,21.94,0.778,37.95,0,51.86,3.32,75.91,68570,28.3,Baixo Risco,378
BR-01314,Vila Azul,AC,Norte,-9.2083,-69.5131,0,56.1,50659.13,216.2,5.06,0.843,22.45,0,88.37,4.44,95.29,5566,12.1,Baixo Risco,6
BR-01315,Santo da Serra,AL,Nordeste,-10.7659,-37.8744,1,31.01,38484.4,111.0,37.68,0.768,39.62,2,43.97,5.66,68.75,21457,48.9,Médio Risco,292
BR-01316,Campo Vermelho,PI,Nordeste,-6.206,-41.5085,0,51.97,36488.04,140.7,40.57,0.739,39.07,0,,1.74,60.05,17183,38.3,Baixo Risco,157
BR-01317,Boa Dourado,PB,Nordeste,-7.7367,-35.1683,0,184.81,36337.46,92.8,36.49,0.777,51.64,0,56.74,1.41,72.85,18258,28.7,Baixo Risco,127
BR-01318,Rio do Forno,AC,Norte,-9.0185,-71.417,2,30.65,25687.17,276.2,45.53,0.608,59.55,0,37.31,4.17,68.81,54644,71.2,Alto Risco,1799
BR-01319,Lago Limpo,RN,Nordeste,-6.3381,-35.7636,1,16.22,51599.78,136.8,28.39,0.794,34.73,0,66.72,2.03,64.72,17484,30.6,Baixo Risco,103
BR-01320,Boa do Vale,RR,Norte,-0.6335,-62.3256,1,35.31,33909.49,260.3,44.75,0.659,43.65,0,49.42,8.37,64.16,2680,55.9,Médio Risco,48
BR-01321,Porto do Cedro,MG,Sudeste,-19.6848,-46.9642,2,146.16,23940.39,175.5,57.48,0.682,48.17,0,40.64,4.64,64.48,24449,65.0,Médio Risco,598
BR-01322,Alto do Forno,MG,Sudeste,-16.7545,-44.2074,4,65.38,43019.03,78.0,33.45,0.84,29.45,0,69.54,1.82,64.48,8686,33.9,Baixo Risco,55
BR-01323,Santo do Sertão,AC,Norte,-11.7239,-71.2092,1,65.57,19353.8,244.6,43.15,0.693,44.18,0,54.79,38.61,69.32,61109,60.2,Médio Risco,1246
BR-01324,Cruz do Cedro,RS,Sul,-30.7728,-53.8161,0,5.38,40590.79,139.3,38.37,0.683,51.55,0,71.32,3.04,72.61,89960,33.2,Baixo Risco,787
BR-01325,Vale do Forno,MA,Nordeste,-5.9796,-42.6745,0,39.79,40070.03,100.3,43.27,0.745,36.1,0,55.75,0.94,67.6,2168,30.6,Baixo Risco,13
BR-01326,São do Vale,SC,Sul,-25.0089,-53.0862,1,20.0,32035.96,80.9,35.47,0.693,60.27,0,45.66,0.9,63.26,12484,44.6,Médio Risco,196
BR-01327,Boa Dourado,MA,Nordeste,-4.344,-44.904,2,10.33,17202.46,176.1,47.76,0.586,48.04,0,,4.01,51.0,51109,71.5,Alto Risco,1453
BR-01328,Porto do Norte,PB,Nordeste,-8.06,-38.1127,0,31.65,37901.69,56.2,24.98,0.845,25.46,0,39.08,0.79,76.35,5647,17.8,Baixo Risco,12
BR-01329,Vila do Vale,ES,Sudeste,-17.3637,-39.0684,0,31.43,40126.76,102.9,27.16,0.707,52.91,0,55.33,3.23,69.51,87407,33.1,Baixo Risco,776
BR-01330,Nova do Cedro,BA,Nordeste,-13.9967,-41.2822,2,9.34,17369.94,213.5,57.31,0.618,70.43,0,41.0,6.08,43.73,121984,79.9,Alto Risco,5478
BR-01331,Vale Verde,RS,Sul,-28.2873,-52.6689,0,40.04,48156.72,94.6,17.76,0.843,33.02,0,,3.66,77.48,26835,17.0,Baixo Risco,60
BR-01332,Boa do Carvão,MG,Sudeste,-20.0024,-45.7028,0,18.18,27238.23,162.0,53.18,0.657,54.86,0,44.8,1.24,66.45,12489,54.5,Médio Risco,253
BR-01333,Lago Vermelho,PA,Norte,-2.2874,-53.5518,3,57.83,43407.1,285.7,35.45,0.74,43.27,2,62.28,13.73,63.94,1829,62.7,Médio Risco,39
BR-01334,Alto do Vale,TO,Norte,-10.7386,-47.0018,4,26.55,27731.34,225.5,56.77,0.676,54.07,0,50.92,10.9,44.75,90901,76.0,Alto Risco,3097
BR-01335,Rio Grande,TO,Norte,-11.6099,-45.8209,2,41.23,42226.0,253.7,23.03,0.771,31.84,1,68.67,4.08,80.29,401584,42.2,Médio Risco,3766
BR-01336,Rio do Forno,RR,Norte,1.746,-60.7276,0,96.92,38140.72,155.4,30.97,0.852,13.04,0,72.66,4.75,83.29,310073,19.5,Baixo Risco,547
BR-01337,Alto Azul,BA,Nordeste,-12.5717,-42.9564,2,34.42,16875.33,180.2,42.33,0.627,50.04,0,34.69,3.91,50.82,25752,70.9,Alto Risco,743
BR-01338,Serra da Mata,PR,Sul,-25.5826,-51.0755,0,28.24,36416.19,151.2,25.42,0.713,53.48,0,35.21,1.16,71.25,8385,40.3,Médio Risco,103
BR-01339,Campo Feliz,SC,Sul,-26.6745,-47.5515,1,4.1,49988.13,84.4,20.88,0.779,47.4,0,72.57,2.24,81.23,93623,23.3,Baixo Risco,439
BR-01340,Monte Dourado,MT,Centro-Oeste,-13.4562,-55.2766,7,32.19,31367.58,260.2,60.98,0.57,55.2,0,,28.9,48.55,28041,84.6,Alto Risco,1151
BR-01341,Santo da Mata,AP,Norte,2.2785,-49.7234,0,11.5,37723.19,271.8,33.58,0.788,33.75,0,57.78,14.21,75.94,59734,36.1,Baixo Risco,452
BR-01342,Monte Dourado,RO,Norte,-10.2109,-64.3765,4,21.48,27080.69,172.5,41.36,0.691,50.81,1,39.98,8.27,55.43,47975,69.2,Médio Risco,1346
BR-01343,Monte Esperança,MG,Sudeste,-18.1853,-44.4389,1,32.18,,171.4,40.87,0.706,54.15,0,52.15,2.94,57.36,36911,59.4,Médio Risco,849
BR-01344,Alto do Sertão,PB,Nordeste,-7.8979,-35.8526,0,99.37,39163.01,153.5,28.64,0.706,48.36,1,49.58,1.38,52.4,118853,40.2,Médio Risco,1351
BR-01345,Porto do Vale,TO,Norte,-9.9578,-47.7437,2,150.37,28118.56,295.1,48.7,0.719,30.44,1,46.75,5.08,71.26,124503,66.6,Médio Risco,2359
BR-01346,Rio da Mata,PR,Sul,-24.1196,-52.6229,0,12.04,55657.84,104.1,34.09,0.795,60.24,0,58.72,0.55,74.0,17097,25.4,Baixo Risco,109
BR-01347,Vale do Amparo,MS,Centro-Oeste,-17.6235,-55.6733,4,6.27,26380.62,342.8,51.02,0.658,56.85,0,50.14,9.48,66.79,10364,74.2,Alto Risco,352
BR-01348,Porto Grande,MA,Nordeste,-4.1048,-44.0564,3,27.71,34094.31,227.3,53.49,0.639,54.05,1,27.83,4.58,57.51,1445,79.5,Alto Risco,53
BR-01349,Cruz da Serra,MT,Centro-Oeste,-11.2736,-53.7518,1,27.95,31144.03,179.6,30.42,0.662,46.57,0,47.9,7.72,,21318,45.4,Médio Risco,287
BR-01350,Serra Limpo,AM,Norte,0.8539,-62.983,0,7.75,29014.26,179.2,30.29,0.71,51.76,0,44.57,3.55,67.0,8378,43.0,Médio Risco,111
BR-01351,Vila do Vale,RO,Norte,-10.1077,-60.8145,5,22.18,29724.79,265.2,47.6,0.677,53.9,1,38.08,8.42,62.97,55492,78.5,Alto Risco,1987
BR-01352,Campo Grande,RR,Norte,2.7285,-61.2115,0,51.24,41761.1,172.2,30.82,0.765,41.74,0,63.59,19.47,64.89,21594,30.0,Baixo Risco,139
BR-01353,Campo do Carvão,ES,Sudeste,-18.2044,-40.7757,4,5.94,23107.09,216.8,46.92,0.627,57.97,1,30.02,5.37,46.78,24729,80.8,Alto Risco,977
BR-01354,Santa das Flores,GO,Centro-Oeste,-17.3926,-47.9686,4,7.84,30193.68,253.2,41.42,0.636,52.21,0,49.09,8.2,56.43,90668,69.7,Médio Risco,2623
BR-01355,Vale Esperança,SC,Sul,-28.0715,-49.9517,0,15.44,43749.52,81.9,36.49,0.741,42.14,0,58.68,9.96,69.01,53991,29.2,Baixo Risco,335
BR-01356,Campo do Cedro,AC,Norte,-9.4786,-71.9254,1,18.52,32200.68,220.0,46.72,0.685,54.87,0,30.21,68.32,71.03,28400,69.3,Médio Risco,843
BR-01357,Campo do Forno,PA,Norte,-2.8833,-53.9271,2,58.25,39148.53,235.7,34.37,0.754,42.17,0,69.52,4.42,75.86,270501,45.5,Médio Risco,3416
BR-01358,Nova das Flores,MG,Sudeste,-18.3438,-43.6913,2,16.78,23988.12,99.9,39.37,0.653,51.17,0,48.63,1.93,56.82,82676,55.0,Médio Risco,1614
BR-01359,Santo do Amparo,PI,Nordeste,-7.5265,-42.9782,1,26.04,31883.1,195.7,41.2,0.704,56.48,0,52.31,3.9,62.86,19539,53.9,Médio Risco,396
BR-01360,Monte do Amparo,BA,Nordeste,-11.4376,-41.737,0,199.26,26633.75,227.9,40.33,0.673,42.07,0,49.9,1.22,57.76,20660,52.4,Médio Risco,327
BR-01361,Nova Azul,PI,Nordeste,-6.5116,-41.2285,2,9.15,21469.61,154.3,41.15,0.705,42.56,0,60.53,4.54,62.56,88034,54.6,Médio Risco,1498
BR-01362,Nova Feliz,MT,Centro-Oeste,-12.8664,-54.3573,7,9.41,20176.91,251.9,41.28,0.565,59.86,0,34.82,10.38,50.91,42343,82.7,Alto Risco,1778
BR-01363,Santo do Cedro,PE,Nordeste,-9.318,-35.9982,2,47.98,31302.14,180.9,31.34,0.688,42.1,0,53.73,3.04,64.66,8091,48.3,Médio Risco,112
BR-01364,Bela do Vale,AL,Nordeste,-8.0306,-39.5242,0,59.17,21105.49,164.5,44.11,0.688,48.64,0,46.41,1.55,49.33,100548,47.8,Médio Risco,1514
BR-01365,Santa Feliz,MG,Sudeste,-17.0166,-44.0252,1,33.43,26017.28,128.1,60.17,0.583,60.33,0,40.09,1.3,44.12,158188,67.2,Médio Risco,4793
BR-01366,Campo da Serra,PA,Norte,-6.0388,-51.5074,9,84.98,6839.78,420.1,59.43,0.502,69.56,3,5.45,2.42,33.09,143880,97.9,Alto Risco,8858
BR-01367,Santo do Sertão,CE,Nordeste,-5.6384,-41.6672,2,27.85,33763.37,167.2,42.96,0.566,42.08,0,40.77,8.61,58.76,226033,63.2,Médio Risco,4822
BR-01368,Cruz do Forno,AM,Norte,-3.2383,-66.0169,0,4.66,46360.09,125.5,25.06,0.793,30.78,0,76.99,12.24,78.04,436480,19.8,Baixo Risco,1195
BR-01369,Campo do Vale,CE,Nordeste,-4.1096,-40.7067,0,31.53,43706.95,139.2,42.87,0.757,40.88,0,61.63,3.39,81.04,285629,31.6,Baixo Risco,1972
BR-01370,Santa Esperança,MA,Nordeste,-4.1459,-45.4096,2,15.72,36773.05,132.4,34.93,0.84,41.92,1,45.36,2.68,70.63,50303,44.2,Médio Risco,604
BR-01371,Serra do Carvão,AP,Norte,1.8075,-49.491,0,139.05,37399.05,221.8,26.07,0.916,36.12,0,76.29,0.89,91.91,25323,19.7,Baixo Risco,76
BR-01372,São da Serra,SE,Nordeste,-9.7507,-34.6184,1,79.44,44248.9,104.6,27.25,0.824,41.43,0,56.47,1.04,83.32,3338,25.2,Baixo Risco,16
BR-01373,São da Mata,MT,Centro-Oeste,-12.5502,-56.56,5,4.22,21650.95,261.2,46.31,0.652,53.09,0,21.01,6.99,63.2,33309,81.1,Alto Risco,1243
BR-01374,Alto do Carvão,RO,Norte,-11.7734,-62.6028,2,78.31,22481.83,289.7,50.86,0.566,46.49,0,48.05,3.67,46.47,62876,73.6,Alto Risco,1830
BR-01375,Rio Feliz,TO,Norte,-10.5358,-47.5177,3,73.66,33520.18,215.0,27.97,0.783,37.13,1,48.19,1.69,72.81,34698,48.3,Médio Risco,444
BR-01376,Porto do Forno,AP,Norte,1.4366,-51.2273,1,19.96,37394.06,224.4,38.48,,37.61,0,70.59,3.1,79.12,3102,40.8,Médio Risco,31
BR-01377,Campo das Flores,PE,Nordeste,-8.4286,-37.3014,0,35.99,56717.9,77.2,6.39,0.875,25.61,0,82.37,1.6,89.95,22965,8.4,Baixo Risco,14
BR-01378,Santo da Mata,SC,Sul,-30.0898,-50.5248,1,116.56,43706.57,132.5,36.94,0.786,44.8,0,54.96,2.04,76.89,73619,32.7,Baixo Risco,571
BR-01379,Nova da Mata,PE,Nordeste,-8.9365,-35.4974,0,4.94,55487.46,71.5,21.1,0.849,34.27,0,71.51,3.43,73.66,9114,17.0,Baixo Risco,21
BR-01380,Santo Esperança,MS,Centro-Oeste,-20.4313,-52.9965,3,39.45,41970.81,263.2,37.51,0.754,51.44,0,71.87,37.92,79.49,40421,50.6,Médio Risco,693
BR-01381,Boa do Norte,MS,Centro-Oeste,-20.9039,-56.0242,1,98.08,34088.95,168.9,15.09,0.765,31.99,0,72.43,10.16,73.89,56361,30.7,Baixo Risco,319
BR-01382,Santa Feliz,AL,Nordeste,-9.9656,-35.706,0,32.05,41004.55,117.0,15.72,0.862,42.59,1,68.81,1.46,68.7,132914,20.6,Baixo Risco,475
BR-01383,Boa da Serra,PA,Norte,-3.1068,-51.2307,8,34.88,10670.13,347.8,63.16,0.556,64.0,1,59.48,40.11,47.02,279500,92.7,Alto Risco,14805
BR-01384,Bela do Vale,TO,Norte,-11.6805,-47.859,4,23.95,,241.7,45.81,0.643,53.01,0,43.13,2.33,40.94,20491,70.2,Alto Risco,606
BR-01385,Santo do Vale,TO,Norte,-12.4493,-46.716,5,8.96,,368.9,53.82,0.628,60.48,0,42.4,1.7,45.57,41345,83.9,Alto Risco,1790
BR-01386,Lago do Vale,AL,Nordeste,-10.1074,-36.5567,2,9.32,22986.71,166.9,43.48,0.605,48.84,0,32.01,1.26,74.35,42995,61.0,Médio Risco,959
BR-01387,Nova do Norte,RJ,Sudeste,-21.1802,-42.3793,1,67.38,,75.6,24.46,0.841,19.67,1,48.66,3.37,77.08,73992,27.2,Baixo Risco,265
BR-01388,Serra da Mata,GO,Centro-Oeste,-13.6174,-49.6903,0,12.34,31845.67,269.2,34.85,0.682,44.82,0,43.33,8.9,51.92,64328,54.0,Médio Risco,1113
BR-01389,São do Norte,SP,Sudeste,-21.095,-51.6155,1,6.3,31583.81,142.4,32.24,0.757,45.22,0,57.31,0.8,73.15,195098,35.0,Baixo Risco,1697
BR-01390,Santa do Amparo,AL,Nordeste,-11.6756,-36.9326,0,32.38,32284.6,131.5,34.41,0.759,40.98,0,59.41,1.11,66.16,1783,28.4,Baixo Risco,10
BR-01391,Vila do Vale,SE,Nordeste,-10.8953,-38.3856,0,11.61,22270.11,235.6,54.68,0.607,55.78,1,23.8,1.01,58.63,55411,71.0,Alto Risco,1731
BR-01392,Alto Verde,RR,Norte,2.4093,-63.061,0,10.07,50984.33,187.1,18.68,0.813,28.07,0,70.2,2.15,74.02,60431,22.6,Baixo Risco,194
BR-01393,Santo do Carvão,AM,Norte,-3.2214,-63.0924,2,26.25,31788.68,313.1,38.53,0.709,33.39,0,40.86,25.88,,24489,61.4,Médio Risco,431
BR-01394,Nova do Carvão,AL,Nordeste,-8.865,-36.1141,0,61.45,34445.18,127.9,35.63,0.764,50.57,0,61.71,1.77,64.2,1939,31.9,Baixo Risco,16
BR-01395,Boa Esperança,RR,Norte,0.7661,-61.4418,3,30.31,29347.4,171.8,29.01,0.769,37.46,1,66.7,26.27,92.47,30447,46.9,Médio Risco,374
BR-01396,Santa da Serra,BA,Nordeste,-12.8691,-42.4907,0,10.06,44162.44,105.7,29.43,0.84,36.59,0,53.88,0.96,76.97,13518,23.8,Baixo Risco,55
BR-01397,Serra da Mata,PA,Norte,-3.2015,-52.0654,3,34.72,22788.59,283.4,58.87,0.669,47.83,2,,12.33,56.68,267652,84.9,Alto Risco,9986
BR-01398,Cruz da Mata,SP,Sudeste,-21.0341,-47.402,2,55.57,17257.84,220.5,46.13,0.607,64.79,0,51.37,3.22,51.42,52529,71.9,Alto Risco,1870
BR-01399,Porto do Vale,PB,Nordeste,-8.408,-37.8778,0,239.93,,153.8,43.3,,50.26,0,59.83,4.3,64.1,12157,40.7,Médio Risco,145
BR-01400,Porto Dourado,MT,Centro-Oeste,-13.1232,-55.4268,2,98.09,22556.7,221.5,36.38,0.652,42.48,1,47.07,9.57,56.37,2525,67.6,Médio Risco,60
BR-01401,Boa do Sertão,MS,Centro-Oeste,-24.2953,-53.3247,4,7.92,22066.77,303.8,50.87,,60.28,1,55.41,18.16,52.67,68753,82.6,Alto Risco,2896
BR-01402,Lago Feliz,AL,Nordeste,-10.49,-39.5304,0,62.88,34376.29,211.2,40.23,0.735,42.41,1,53.53,3.27,80.53,78448,46.4,Médio Risco,1026
BR-01403,São Azul,TO,Norte,-10.9042,-48.3806,5,28.54,,262.1,42.85,0.623,47.04,1,37.6,3.39,55.32,25091,79.3,Alto Risco,830
BR-01404,Vila do Cedro,GO,Centro-Oeste,-17.4074,-50.461,4,6.02,22425.87,354.0,46.42,0.619,55.45,0,26.63,16.49,36.74,69884,86.5,Alto Risco,2982
BR-01405,Nova Azul,CE,Nordeste,-4.9681,-39.7174,0,36.96,36124.89,165.1,21.9,0.746,36.16,0,53.99,1.87,62.79,21262,28.9,Baixo Risco,118
BR-01406,São Grande,GO,Centro-Oeste,-16.0583,-50.5623,0,148.78,38340.94,340.9,42.8,0.65,42.52,0,49.57,4.41,65.12,124744,50.3,Médio Risco,1860
BR-01407,Lago Esperança,TO,Norte,-13.3329,-48.1073,11,72.43,18831.83,279.2,49.49,0.644,57.08,1,55.29,14.25,57.01,113647,88.5,Alto Risco,5137
BR-01408,Serra da Serra,AP,Norte,1.7117,-49.0769,2,9.13,33957.82,239.7,32.56,0.825,44.3,0,50.05,15.27,64.9,4236,50.1,Médio Risco,65
BR-01409,Bela Dourado,SC,Sul,-28.7497,-51.4035,0,38.93,51693.15,99.9,17.33,0.875,32.5,0,82.27,1.06,95.54,5745,12.2,Baixo Risco,7
BR-01410,Boa do Vale,RJ,Sudeste,-21.57,-42.2516,0,47.73,34206.07,110.1,22.34,0.711,41.65,0,55.46,1.47,67.95,416275,27.0,Baixo Risco,2262
BR-01411,São Verde,RR,Norte,0.2554,-58.6074,1,4.79,36578.44,235.1,33.9,0.695,46.74,0,46.39,2.27,73.86,105371,45.6,Médio Risco,1431
BR-01412,Santa da Serra,TO,Norte,-10.128,-49.07,1,4.0,30949.89,310.4,39.77,,37.58,0,30.72,1.94,53.8,6782,61.2,Médio Risco,128
BR-01413,Campo do Vale,RR,Norte,1.6536,-58.8595,0,33.72,39409.16,236.0,31.28,0.826,34.01,0,52.31,5.37,76.9,4615,27.7,Baixo Risco,23
BR-01414,Bela do Norte,SE,Nordeste,-10.1457,-37.4425,0,40.33,52787.3,93.0,19.99,0.825,37.12,0,53.9,3.23,78.58,42604,19.0,Baixo Risco,122
BR-01415,Santo Limpo,AM,Norte,-3.2954,-62.6053,0,4.63,28364.82,212.8,24.19,0.827,30.82,0,75.35,4.1,71.57,7880,28.3,Baixo Risco,38
BR-01416,Campo do Forno,RO,Norte,-11.1872,-62.2897,1,40.52,32638.17,243.8,30.41,0.784,44.76,1,58.29,21.29,76.08,22117,53.5,Médio Risco,377
BR-01417,Monte Limpo,PA,Norte,-5.9408,-52.05,3,72.07,39077.13,267.2,35.25,0.7,37.56,0,47.21,6.38,69.31,30974,58.2,Médio Risco,538
BR-01418,Santo da Serra,PA,Norte,-5.8581,-52.5719,1,13.77,21641.55,338.0,51.41,0.552,62.03,0,45.77,8.52,45.12,29347,83.2,Alto Risco,1277
BR-01419,Rio Esperança,SP,Sudeste,-23.0074,-49.6637,0,26.1,34879.32,171.5,46.75,0.718,58.09,0,36.93,1.78,61.35,134346,48.3,Médio Risco,2334
BR-01420,Bela do Vale,TO,Norte,-10.1816,-48.1939,5,40.19,,226.7,42.31,0.709,55.59,1,43.35,17.43,71.78,325607,69.6,Médio Risco,9830
BR-01421,Rio do Carvão,RJ,Sudeste,-23.1015,-41.4037,1,40.14,24734.85,126.1,24.34,0.747,31.73,1,69.25,1.0,71.38,18058,34.9,Baixo Risco,125
BR-01422,São do Sertão,MG,Sudeste,-17.2247,-44.3984,1,3.62,25867.06,224.9,49.49,0.585,63.05,2,34.83,2.47,49.39,7996,81.4,Alto Risco,340
BR-01423,São do Carvão,MS,Centro-Oeste,-20.9009,-54.9833,3,7.56,26027.64,323.6,60.21,0.591,71.05,1,56.71,6.01,46.11,53426,85.0,Alto Risco,2667
BR-01424,Santo do Sertão,MT,Centro-Oeste,-13.991,-55.7711,4,11.89,15071.04,330.2,53.1,0.643,80.21,0,38.91,6.22,55.01,252546,88.5,Alto Risco,14778
BR-01425,Porto Azul,MA,Nordeste,-5.8093,-44.0505,1,8.92,38912.16,166.6,57.33,0.656,56.56,1,52.6,2.61,57.65,19850,66.0,Médio Risco,557
BR-01426,Porto Esperança,MT,Centro-Oeste,-12.3238,-53.7048,2,95.92,28745.77,255.4,40.68,0.698,41.69,0,55.29,7.41,58.13,95125,59.6,Médio Risco,1836
BR-01427,Nova da Serra,AP,Norte,1.8648,-52.704,1,44.77,19754.28,205.5,45.11,0.716,51.32,0,46.89,17.77,63.68,11540,59.6,Médio Risco,257
BR-01428,Serra da Mata,AP,Norte,4.0397,-52.706,0,9.12,39042.25,167.2,40.22,0.771,53.04,0,50.29,6.7,73.05,33745,39.5,Baixo Risco,398
BR-01429,Porto Azul,RS,Sul,-30.6365,-52.6689,0,22.53,33902.68,137.0,36.24,0.769,40.19,0,54.09,3.15,70.74,7689,33.7,Baixo Risco,58
BR-01430,Santa Vermelho,MS,Centro-Oeste,-20.6129,-52.4015,2,97.47,48336.6,237.7,18.98,0.847,43.79,1,52.35,6.98,85.66,33308,38.2,Baixo Risco,326
BR-01431,Cruz Vermelho,SE,Nordeste,-9.9734,-35.8456,3,13.7,37484.15,150.8,31.36,0.763,38.38,1,51.18,6.55,76.59,28408,49.1,Médio Risco,381
BR-01432,Lago do Forno,PR,Sul,-24.9228,-53.3026,1,77.88,41795.38,166.1,31.38,0.847,36.82,1,63.96,1.38,83.72,70274,27.5,Baixo Risco,363
BR-01433,Rio Verde,AC,Norte,-9.4709,-70.9197,1,110.05,44527.91,210.7,29.33,0.736,24.56,0,69.74,5.33,80.16,303330,31.5,Baixo Risco,1538
BR-01434,Cruz Vermelho,BA,Nordeste,-15.129,-43.0028,2,60.51,23688.01,223.7,62.74,0.593,53.36,0,37.94,5.27,48.66,20209,74.3,Alto Risco,658
BR-01435,Porto das Flores,CE,Nordeste,-5.9152,-39.9045,0,29.14,27608.16,127.0,38.21,0.705,47.21,0,69.39,1.76,68.96,2698,37.0,Baixo Risco,26
BR-01436,Cruz da Mata,TO,Norte,-11.6732,-46.0538,5,66.14,20490.58,279.7,54.88,0.592,55.21,0,15.91,13.73,,25524,84.8,Alto Risco,1052
BR-01437,Bela Vermelho,CE,Nordeste,-7.6172,-41.5216,2,14.39,,120.6,32.64,0.8,38.28,0,37.02,14.71,71.1,47770,46.7,Médio Risco,590
BR-01438,São do Norte,PA,Norte,-4.904,-54.7464,3,230.15,19934.52,235.3,49.75,0.554,53.75,1,32.77,4.17,58.38,42293,81.7,Alto Risco,1611
BR-01439,Santa Esperança,SE,Nordeste,-12.0359,-38.61,0,36.6,37073.25,87.1,26.72,0.811,42.56,1,70.08,6.71,77.06,26990,26.7,Baixo Risco,146
BR-01440,Vila do Cedro,TO,Norte,-9.3527,-47.8978,5,58.49,20648.9,298.6,56.38,0.564,57.93,1,33.41,6.31,64.09,211006,85.4,Alto Risco,9106
BR-01441,Lago Azul,DF,Centro-Oeste,-14.9885,-46.9909,1,22.11,37544.21,162.6,27.33,0.823,36.55,1,48.46,17.61,73.89,38959,41.3,Médio Risco,384
BR-01442,Santo da Mata,AL,Nordeste,-10.8854,-36.2076,1,47.34,27534.15,110.9,34.81,0.867,45.43,0,54.38,3.42,71.5,28825,35.4,Baixo Risco,256
BR-01443,Monte do Forno,BA,Nordeste,-13.3243,-40.054,0,46.37,37185.58,155.7,32.5,0.716,40.61,1,42.51,3.36,67.79,12430,45.3,Médio Risco,152
BR-01444,Santo Vermelho,AL,Nordeste,-12.2215,-39.2883,0,8.97,18916.23,121.2,38.86,0.653,59.65,0,32.07,2.12,58.04,3702,55.7,Médio Risco,82
BR-01445,Santa do Vale,CE,Nordeste,-5.8921,-37.8663,0,9.51,27580.45,160.7,40.89,0.715,39.53,0,67.09,1.82,51.18,49590,39.8,Baixo Risco,485
BR-01446,Vila Esperança,PB,Nordeste,-6.7214,-37.1569,0,21.87,26982.41,171.8,29.46,0.719,56.66,0,49.95,1.17,78.73,44657,40.6,Médio Risco,577
BR-01447,Serra do Amparo,SP,Sudeste,-21.0351,-47.7659,0,113.74,41769.63,107.0,24.24,0.921,36.78,0,71.92,1.59,79.18,8741,16.5,Baixo Risco,20
BR-01448,São da Serra,PA,Norte,-4.7883,-54.3328,2,2.7,18469.19,333.4,59.54,0.535,60.17,0,28.53,8.76,46.56,31087,87.7,Alto Risco,1439
BR-01449,São Dourado,PE,Nordeste,-6.9074,-37.8531,0,14.87,25218.74,185.7,45.67,0.676,50.64,0,39.27,2.93,47.58,27452,51.5,Médio Risco,479
BR-01450,Monte Azul,CE,Nordeste,-7.322,-39.1992,0,146.62,,42.6,17.93,,28.37,0,65.31,0.49,93.23,15054,11.4,Baixo Risco,16
BR-01451,Santo Verde,RO,Norte,-12.5767,-61.7219,2,6.77,23204.5,248.2,42.81,0.625,53.41,1,,7.94,56.24,12190,72.8,Alto Risco,384
BR-01452,Vale Esperança,PE,Nordeste,-7.3865,-40.0794,2,63.03,15839.04,279.9,46.77,0.573,67.54,1,35.79,7.95,40.8,54522,86.2,Alto Risco,2678
BR-01453,Santo Esperança,RR,Norte,4.3896,-61.3569,3,7.78,33114.71,253.7,35.08,0.647,38.38,0,,16.14,64.86,24779,63.4,Médio Risco,500
BR-01454,Vila do Amparo,SE,Nordeste,-9.8792,-38.9693,2,6.61,15294.66,235.3,67.56,0.599,66.51,0,36.94,3.16,39.51,15698,83.8,Alto Risco,728
BR-01455,Cruz Limpo,MA,Nordeste,-5.4765,-44.7323,4,19.87,33540.55,192.5,44.23,,34.76,0,34.33,18.38,57.28,11192,67.1,Médio Risco,232
BR-01456,Vale Verde,AP,Norte,-1.6633,-50.6819,1,204.94,47340.48,191.9,17.13,0.779,35.24,0,70.13,3.83,78.44,27932,28.4,Baixo Risco,148
BR-01457,Vale do Cedro,CE,Nordeste,-8.0314,-37.728,1,11.1,24444.07,198.4,50.53,0.662,63.47,1,45.05,2.37,62.37,104360,69.7,Médio Risco,3481
BR-01458,Lago do Norte,MS,Centro-Oeste,-20.3288,-55.289,2,4.23,21759.23,236.5,38.36,0.68,38.06,0,41.62,2.39,57.51,42544,60.8,Médio Risco,799
BR-01459,Vale das Flores,SE,Nordeste,-11.0713,-36.1519,2,7.79,38948.87,94.6,21.7,0.764,25.07,0,63.14,1.32,70.56,24431,24.9,Baixo Risco,86
BR-01460,Boa Vermelho,MT,Centro-Oeste,-14.1882,-53.5147,11,41.79,14904.97,354.7,54.55,0.615,65.15,1,33.37,43.21,44.38,48321,94.3,Alto Risco,2666
BR-01461,Monte Azul,RS,Sul,-29.6083,-55.5005,1,6.16,27085.8,97.1,47.78,0.665,57.74,0,47.6,1.71,66.95,180860,48.6,Médio Risco,3160
BR-01462,Rio do Forno,PA,Norte,-3.6288,-51.6227,4,68.84,20287.95,288.0,36.8,0.639,55.72,0,44.92,2.5,66.84,60659,72.6,Alto Risco,1962
BR-01463,Cruz Grande,BA,Nordeste,-11.6378,-40.3581,4,21.56,24121.58,183.1,45.83,0.62,41.89,2,,5.31,46.92,45490,80.1,Alto Risco,1414
BR-01464,Boa do Norte,GO,Centro-Oeste,-15.7888,-50.2222,2,22.18,41368.66,187.1,44.71,0.707,38.0,1,62.98,10.77,58.82,72996,56.0,Médio Risco,1201
BR-01465,Porto da Serra,PE,Nordeste,-6.6602,-39.5551,0,27.04,21293.86,165.9,60.37,0.644,55.95,0,21.01,5.14,62.6,26970,65.3,Médio Risco,739
BR-01466,Campo Esperança,PI,Nordeste,-7.7088,-41.4099,0,11.13,32529.32,156.6,43.12,0.686,38.2,0,54.3,1.76,78.91,41361,38.1,Baixo Risco,369
BR-01467,Alto do Sertão,MS,Centro-Oeste,-20.6715,-56.2193,0,29.05,26826.47,237.4,33.65,0.712,46.57,0,53.42,3.25,59.17,17833,46.2,Médio Risco,247
BR-01468,Campo do Amparo,DF,Centro-Oeste,-14.34,-48.1097,0,10.58,53024.05,195.5,30.98,,33.56,1,72.25,4.83,77.29,4731,25.9,Baixo Risco,21
BR-01469,Santa do Cedro,RJ,Sudeste,-23.6198,-42.7162,2,117.35,45508.66,145.0,20.83,0.828,34.44,1,53.18,2.93,78.22,50440,34.1,Baixo Risco,353
BR-01470,Santo Vermelho,BA,Nordeste,-9.0198,-40.6982,1,8.52,34859.91,111.9,43.54,0.657,60.87,0,57.53,2.17,58.97,50683,51.6,Médio Risco,1013
BR-01471,Rio do Vale,SE,Nordeste,-10.0446,-38.3273,2,32.34,32088.16,205.7,51.87,,57.84,0,39.29,3.5,50.95,22934,62.6,Médio Risco,601
BR-01472,Nova Esperança,CE,Nordeste,-4.6668,-40.4884,1,9.58,33903.77,166.6,30.1,0.724,51.44,0,42.68,1.35,71.06,119944,41.3,Médio Risco,1486
BR-01473,Alto Dourado,AM,Norte,-2.7349,-64.9615,3,14.38,30537.73,247.9,44.6,0.71,53.39,1,38.64,10.49,75.34,13333,72.5,Alto Risco,417
BR-01474,Bela Limpo,MG,Sudeste,-15.472,-42.9711,0,15.49,37047.23,194.8,41.81,0.634,49.45,2,45.29,2.4,51.0,3590,62.0,Médio Risco,83
BR-01475,Bela Esperança,PA,Norte,-2.6805,-49.2776,0,517.93,38118.87,158.7,40.92,0.694,42.68,1,37.66,4.01,78.52,13747,48.5,Médio Risco,194
BR-01476,São do Carvão,PA,Norte,-6.0371,-54.5905,1,18.97,10848.85,253.9,42.12,0.579,54.97,0,52.4,10.17,48.17,4788,77.3,Alto Risco,170
BR-01477,Nova do Sertão,MS,Centro-Oeste,-18.5451,-54.0985,0,14.49,46703.82,228.8,26.82,,39.34,0,73.01,4.3,81.99,50139,25.1,Baixo Risco,234
BR-01478,Serra da Serra,TO,Norte,-10.6473,-49.8211,1,19.45,38067.85,187.7,26.69,,33.47,0,75.8,10.27,86.5,12835,27.4,Baixo Risco,62
BR-01479,Lago Vermelho,MG,Sudeste,-17.95,-42.9537,2,5.88,39755.35,222.6,43.26,0.708,55.81,0,67.9,4.24,70.69,112517,53.3,Médio Risco,2223
BR-01480,Lago Dourado,MG,Sudeste,-19.891,-45.694,3,16.58,24547.58,161.1,52.18,0.639,51.27,0,33.71,4.05,50.8,109617,67.2,Médio Risco,2953
BR-01481,Boa do Norte,MS,Centro-Oeste,-19.7733,-55.4845,5,112.57,9691.17,360.2,65.13,0.547,62.11,3,24.05,2.64,52.9,10340,94.4,Alto Risco,551
BR-01482,São do Vale,AL,Nordeste,-10.5319,-37.645,0,43.95,43769.38,89.2,30.38,0.783,34.97,0,37.03,0.85,75.91,11967,27.2,Baixo Risco,59
BR-01483,Rio Esperança,PR,Sul,-24.7498,-51.6567,1,74.0,41532.93,150.1,29.02,0.781,35.36,0,55.1,1.15,78.41,64090,28.4,Baixo Risco,340
BR-01484,Porto das Flores,DF,Centro-Oeste,-16.2277,-47.4075,1,11.18,39097.66,204.8,38.55,,56.93,0,70.75,3.56,69.43,111837,39.0,Baixo Risco,1360
BR-01485,Lago Dourado,PE,Nordeste,-5.685,-37.1828,0,25.17,44551.06,118.2,33.05,0.814,34.25,0,52.76,1.21,82.24,2655,21.6,Baixo Risco,9
BR-01486,Vila do Sertão,AL,Nordeste,-6.8448,-36.8281,2,27.37,35623.76,199.7,48.17,0.668,48.72,1,41.85,5.09,49.98,46728,67.8,Médio Risco,1232
BR-01487,Alto Esperança,TO,Norte,-10.1049,-50.1618,6,10.57,29292.66,241.8,32.75,0.612,47.13,1,37.63,14.34,51.52,2107,78.3,Alto Risco,68
BR-01488,Santa Grande,MG,Sudeste,-18.0104,-43.3611,1,37.93,33701.69,180.9,32.58,0.686,45.7,0,53.74,1.55,56.5,16554,45.1,Médio Risco,218
BR-01489,Vila Verde,SP,Sudeste,-22.7128,-48.8641,2,43.63,,158.6,50.76,0.65,47.86,0,58.1,3.72,62.13,128936,57.0,Médio Risco,2544
BR-01490,Nova do Forno,MG,Sudeste,-16.5516,-42.7536,4,39.13,40131.92,181.4,36.83,0.725,42.25,2,30.83,3.11,49.98,1414395,71.9,Alto Risco,37188
BR-01491,Vila Dourado,AL,Nordeste,-10.0805,-37.8108,0,27.05,47076.4,17.6,32.53,0.834,33.53,0,49.09,1.78,72.38,24379,20.9,Baixo Risco,77
BR-01492,Vila do Forno,RO,Norte,-11.4199,-65.5832,2,75.26,34378.81,222.2,43.02,0.693,49.92,1,63.46,18.23,58.32,6913,65.0,Médio Risco,173
BR-01493,São Limpo,PE,Nordeste,-7.01,-37.9076,0,24.16,44379.71,155.8,23.24,0.792,43.97,0,67.47,1.09,87.23,17294,22.5,Baixo Risco,73
BR-01494,Monte Azul,RS,Sul,-30.4536,-51.3857,0,25.96,50318.53,103.3,7.02,0.851,30.13,0,66.84,1.68,78.24,35689,12.9,Baixo Risco,49
BR-01495,Porto do Vale,MS,Centro-Oeste,-20.5629,-54.3147,2,109.96,34634.55,259.3,33.86,0.704,44.87,0,66.89,3.07,58.52,14217,50.8,Médio Risco,223
BR-01496,Alto do Sertão,PE,Nordeste,-10.5938,-38.1395,7,5.5,26663.44,239.6,73.33,0.564,60.64,1,16.47,1.38,46.5,10342,89.9,Alto Risco,501
BR-01497,Santa das Flores,RR,Norte,3.0359,-62.6185,2,3.99,23636.25,321.2,41.12,0.654,48.1,0,51.19,2.75,70.62,19273,67.7,Médio Risco,503
BR-01498,Alto do Cedro,PE,Nordeste,-5.6628,-35.3991,0,12.05,44428.67,138.7,27.32,0.849,33.91,0,55.92,0.9,71.72,53878,20.0,Baixo Risco,159
BR-01499,Vila Esperança,MA,Nordeste,-4.4103,-46.8814,4,24.74,15614.86,212.7,54.36,0.596,51.86,1,34.71,3.27,44.98,26589,84.1,Alto Risco,1034
BR-01500,Monte Dourado,PI,Nordeste,-5.6735,-43.7456,3,81.39,21159.45,206.8,52.1,0.721,45.52,0,22.76,1.89,69.28,10916,69.2,Médio Risco,284
BR-01501,Cruz Vermelho,PI,Nordeste,-8.9045,-41.932,4,13.09,32515.63,185.8,37.18,0.748,51.87,0,47.86,1.76,72.36,14220,53.9,Médio Risco,271
BR-01502,Vila Vermelho,TO,Norte,-9.8391,-50.8984,0,187.12,38427.16,218.7,25.17,0.787,34.87,0,66.22,4.92,78.57,19588,28.8,Baixo Risco,105
BR-01503,Porto Azul,MA,Nordeste,-6.7404,-43.6556,1,20.49,26309.74,187.4,59.78,0.645,53.16,0,37.42,10.99,49.92,9421,71.5,Alto Risco,288
BR-01504,Porto Azul,MS,Centro-Oeste,-20.8289,-53.6661,1,20.67,30205.43,261.1,46.79,0.675,46.69,0,56.99,3.14,,13576,58.4,Médio Risco,274
BR-01505,Santa do Cedro,RO,Norte,-9.7489,-62.0811,1,10.32,26297.86,292.0,35.71,0.761,56.3,1,58.71,2.79,54.19,73464,62.8,Médio Risco,1899
BR-01506,Serra do Norte,PA,Norte,-3.6475,-51.6986,1,163.55,37177.76,267.6,35.88,0.702,42.68,0,37.16,3.96,57.42,24639,56.9,Médio Risco,449
BR-01507,Santo Dourado,RN,Nordeste,-7.7877,-36.8156,0,22.3,39835.41,97.3,44.42,0.743,46.55,0,58.75,2.03,77.36,3671,32.1,Baixo Risco,28
BR-01508,Boa do Cedro,MG,Sudeste,-19.941,-45.8684,0,7.36,45376.89,112.4,33.71,0.769,41.07,0,46.13,3.05,80.18,118324,28.7,Baixo Risco,703
BR-01509,Porto Grande,CE,Nordeste,-7.1336,-39.7261,5,250.83,27718.12,162.9,38.08,0.716,52.94,0,42.27,4.11,60.84,55321,60.3,Médio Risco,1282
BR-01510,Santa das Flores,RN,Nordeste,-5.122,-37.9553,0,40.32,36225.72,113.0,24.23,0.704,44.31,0,59.7,4.39,56.29,5832,29.8,Baixo Risco,39
BR-01511,Bela Limpo,AM,Norte,-0.5805,-64.4194,0,62.45,41279.57,139.0,26.52,0.832,41.64,0,47.93,6.12,62.99,20812,30.1,Baixo Risco,135
BR-01512,Santo do Cedro,CE,Nordeste,-3.2926,-38.4005,3,123.82,26581.91,238.7,36.23,0.678,55.08,0,52.44,1.72,56.6,12208,63.2,Médio Risco,314
BR-01513,Bela Grande,PE,Nordeste,-11.0344,-35.7925,3,53.78,39866.56,95.3,19.1,0.733,39.58,0,52.67,7.22,72.02,76583,39.6,Baixo Risco,743
BR-01514,Vila Vermelho,RN,Nordeste,-3.8205,-36.0695,0,72.47,35737.95,110.2,28.06,0.73,54.59,0,48.83,0.22,61.3,20649,31.3,Baixo Risco,171
BR-01515,Monte Feliz,SP,Sudeste,-20.879,-47.4956,0,34.79,37125.73,33.0,19.29,0.777,34.88,0,69.93,1.85,77.84,30002,17.5,Baixo Risco,73
BR-01516,Boa do Cedro,ES,Sudeste,-21.3534,-40.756,0,60.3,39655.88,157.2,28.85,0.803,28.06,0,49.46,2.77,85.35,25939,24.5,Baixo Risco,95
BR-01517,Santa das Flores,AM,Norte,-3.8945,-65.7696,3,26.83,35050.5,212.1,44.01,0.726,46.21,0,46.85,30.17,73.64,5166,63.4,Médio Risco,118
BR-01518,Rio Limpo,SE,Nordeste,-9.0363,-36.7869,0,23.58,30066.84,151.6,39.79,0.709,50.47,0,56.93,0.6,65.09,190374,40.3,Médio Risco,2238
BR-01519,Nova do Amparo,BA,Nordeste,-12.1894,-42.2411,1,23.15,26486.44,185.1,48.72,0.676,54.56,1,40.49,1.86,48.39,75200,65.6,Médio Risco,2038
BR-01520,Santa do Cedro,CE,Nordeste,-7.0327,-39.1531,0,20.62,47789.22,135.9,31.65,0.781,35.76,0,46.82,0.63,64.44,12910,27.9,Baixo Risco,67
BR-01521,São Limpo,GO,Centro-Oeste,-15.125,-51.3457,1,44.67,31813.51,204.2,33.94,0.741,28.14,0,61.07,1.64,60.78,41766,37.9,Baixo Risco,307
BR-01522,Alto Esperança,PA,Norte,-6.7825,-53.7143,3,30.14,18028.19,229.6,58.37,0.541,45.66,0,29.81,8.07,37.72,111040,79.5,Alto Risco,3613
BR-01523,Nova do Sertão,SC,Sul,-27.762,-50.0604,0,72.33,39235.74,62.3,28.22,0.807,47.47,0,49.27,3.53,78.43,35231,27.3,Baixo Risco,213
BR-01524,Bela Vermelho,RN,Nordeste,-4.2169,-35.3486,2,33.24,13898.11,180.1,58.8,0.661,56.85,1,8.89,7.76,50.14,230025,82.5,Alto Risco,9265
BR-01525,Lago Esperança,RJ,Sudeste,-22.2242,-44.0399,2,196.38,32462.96,153.6,52.74,0.772,50.32,0,60.75,1.37,61.86,1260871,50.3,Médio Risco,21092
BR-01526,Vale do Cedro,BA,Nordeste,-13.6585,-40.7611,1,77.89,35400.91,172.0,40.42,0.745,31.4,1,46.03,3.52,70.81,28067,46.7,Médio Risco,307
BR-01527,Cruz Vermelho,MA,Nordeste,-4.1749,-46.1858,0,17.54,29662.29,236.9,40.63,0.636,44.94,0,30.83,2.13,68.31,15864,52.8,Médio Risco,265
BR-01528,Cruz Verde,MG,Sudeste,-16.7353,-44.3569,0,37.23,32194.07,109.9,44.48,0.694,53.16,1,52.48,3.61,76.42,9540,45.9,Médio Risco,143
BR-01529,Vale do Vale,BA,Nordeste,-11.1259,-39.7163,8,56.53,3200.0,297.3,66.09,0.474,70.36,0,26.37,9.08,40.51,2065,96.3,Alto Risco,125
BR-01530,Nova da Serra,ES,Sudeste,-17.9659,-39.2095,0,10.1,41173.81,126.0,39.75,0.722,48.06,1,44.64,1.83,66.5,156401,41.9,Médio Risco,1891
BR-01531,Santo do Amparo,GO,Centro-Oeste,-14.4661,-48.7458,1,191.86,38591.75,333.8,29.87,0.747,45.03,1,58.92,17.05,71.88,21123,59.4,Médio Risco,427
BR-01532,Lago do Amparo,AM,Norte,-2.4439,-62.4277,2,12.99,33403.61,260.6,26.38,0.736,39.64,0,74.12,2.52,81.09,98144,40.8,Médio Risco,1000
BR-01533,Nova da Serra,PB,Nordeste,-6.9083,-37.7054,2,75.71,47688.49,174.2,30.48,0.772,32.67,0,72.2,3.15,62.03,126193,34.5,Baixo Risco,871
BR-01534,Monte das Flores,RJ,Sudeste,-22.1247,-44.0402,1,28.52,39747.2,159.3,38.76,0.784,32.53,0,66.6,4.56,82.25,8508,30.3,Baixo Risco,48
BR-01535,Cruz do Amparo,AL,Nordeste,-9.9522,-37.831,2,23.98,32483.5,167.7,41.9,0.682,55.55,0,52.8,4.62,,10265,59.8,Médio Risco,243
BR-01536,Vila do Sertão,MG,Sudeste,-19.7973,-44.7363,3,4.98,21710.02,204.1,60.83,0.615,70.05,0,29.73,1.1,45.98,290936,77.9,Alto Risco,12493
BR-01537,Boa da Serra,RS,Sul,-31.0374,-56.4964,0,72.04,39060.87,105.1,33.66,0.781,32.54,0,56.68,1.66,70.7,30104,23.1,Baixo Risco,109
BR-01538,Porto do Carvão,RN,Nordeste,-6.2048,-36.8804,2,5.88,28960.2,160.0,48.78,0.588,45.04,0,45.38,3.21,59.66,14395,61.3,Médio Risco,306
BR-01539,Santo Feliz,RO,Norte,-10.492,-64.1024,4,4.16,19130.25,328.1,54.86,0.576,58.37,0,20.31,13.95,39.85,8898,90.0,Alto Risco,420
BR-01540,Porto das Flores,MS,Centro-Oeste,-18.4929,-53.4427,2,68.44,24810.95,321.4,52.29,0.596,54.88,1,34.81,9.13,55.74,27534,83.2,Alto Risco,1096
BR-01541,São Dourado,RO,Norte,-10.8885,-62.8466,3,190.19,32768.79,175.8,32.89,0.843,34.83,0,48.85,18.93,81.38,216397,42.5,Médio Risco,2167
BR-01542,Cruz da Serra,DF,Centro-Oeste,-14.4251,-48.701,0,15.49,43409.58,173.2,29.04,0.789,41.72,0,61.23,2.23,76.65,77404,27.5,Baixo Risco,434
BR-01543,Santo da Mata,MA,Nordeste,-3.909,-44.6141,0,62.53,27404.02,121.6,43.22,0.748,49.38,0,45.86,1.96,63.78,41242,42.9,Médio Risco,528
BR-01544,Rio do Carvão,BA,Nordeste,-13.284,-40.6874,1,46.51,29420.4,199.9,58.18,0.683,52.67,0,34.68,0.66,54.29,239343,63.1,Médio Risco,5942
BR-01545,Serra Feliz,MG,Sudeste,-17.2674,-45.456,7,15.44,18953.92,277.4,59.84,0.518,79.35,0,37.01,5.0,50.48,188098,90.4,Alto Risco,11290
BR-01546,Monte das Flores,MT,Centro-Oeste,-12.9809,-56.1102,0,100.42,33426.47,270.1,36.94,0.671,40.16,1,42.89,10.94,75.68,49894,56.8,Médio Risco,870
BR-01547,Campo Grande,DF,Centro-Oeste,-13.979,-50.9755,5,18.34,31892.56,313.7,49.97,0.631,63.7,0,35.87,120.53,65.05,1056159,83.0,Alto Risco,46713
BR-01548,Bela Grande,RN,Nordeste,-4.9198,-38.1169,2,40.52,32460.93,177.7,40.6,0.662,57.69,0,54.77,5.17,66.74,24118,54.4,Médio Risco,504
BR-01549,Vila Vermelho,GO,Centro-Oeste,-17.6467,-50.8995,0,6.82,,248.5,36.84,0.764,51.55,0,55.55,9.93,69.76,129642,49.0,Médio Risco,2115
BR-01550,Boa Esperança,ES,Sudeste,-18.9639,-40.2362,1,8.68,38595.85,170.5,33.56,,26.23,0,50.14,2.39,79.4,20106,31.3,Baixo Risco,105
BR-01551,Cruz do Sertão,AM,Norte,-1.1626,-66.4235,2,73.58,37555.96,215.3,43.85,0.714,50.08,0,47.04,6.13,79.69,101576,52.3,Médio Risco,1802
BR-01552,Santa do Vale,MS,Centro-Oeste,-20.7637,-55.2588,4,32.62,17391.27,277.8,65.45,0.59,54.44,0,,10.29,59.52,24089,84.4,Alto Risco,975
BR-01553,Cruz da Serra,GO,Centro-Oeste,-15.3532,-51.5755,2,18.17,23870.58,331.5,53.42,0.639,53.66,1,38.73,10.58,55.88,58496,81.0,Alto Risco,2195
BR-01554,Alto do Amparo,MA,Nordeste,-4.6558,-45.2004,2,130.32,15956.47,170.0,49.33,0.61,49.42,0,37.73,0.57,46.05,651915,68.7,Médio Risco,17731
BR-01555,Alto do Carvão,DF,Centro-Oeste,-17.2813,-47.264,0,184.29,40708.69,215.0,38.45,0.799,47.22,0,59.66,7.92,68.79,107992,37.3,Baixo Risco,1071
BR-01556,Alto da Serra,RS,Sul,-28.985,-52.6367,1,55.46,44923.89,106.8,22.36,0.879,38.06,0,70.57,1.79,81.39,59638,21.3,Baixo Risco,209
BR-01557,Bela do Vale,SE,Nordeste,-12.5214,-37.4327,4,5.07,24651.71,187.2,54.64,0.623,60.19,0,44.81,10.09,61.93,12477,71.2,Alto Risco,414
BR-01558,Rio Vermelho,MG,Sudeste,-18.9759,-46.5375,1,21.86,29354.52,201.0,37.41,0.766,44.39,0,38.65,2.03,59.46,41576,48.5,Médio Risco,602
BR-01559,Campo Limpo,PE,Nordeste,-6.874,-38.7279,0,11.22,34514.68,203.3,38.84,0.722,37.38,1,54.61,1.17,75.46,9321,40.7,Médio Risco,91
BR-01560,Porto Feliz,SC,Sul,-26.9505,-51.5202,0,40.01,42545.15,96.9,18.7,0.862,32.66,0,73.85,2.01,75.16,99580,15.2,Baixo Risco,185
BR-01561,Bela Feliz,TO,Norte,-10.5963,-48.8646,2,9.01,18148.92,301.7,44.15,0.585,61.93,0,51.43,8.35,,96505,81.1,Alto Risco,4027
BR-01562,Rio do Forno,PR,Sul,-24.265,-51.445,0,10.22,47771.24,63.4,18.17,0.867,34.0,0,58.37,1.56,79.9,26251,14.1,Baixo Risco,44
BR-01563,Porto Feliz,SC,Sul,-27.5341,-48.9542,0,3.12,29894.67,114.4,33.26,0.798,41.7,0,66.98,0.69,68.84,262870,28.1,Baixo Risco,1524
BR-01564,Boa das Flores,SP,Sudeste,-22.1724,-47.6531,0,36.6,46092.82,197.6,30.6,0.812,35.53,0,48.54,1.64,67.58,220493,27.9,Baixo Risco,1140
BR-01565,Santo Feliz,RO,Norte,-9.9105,-64.7225,4,1.88,28524.99,362.3,62.4,0.583,54.74,0,30.84,5.86,46.26,39619,86.8,Alto Risco,1684
BR-01566,Porto da Mata,MG,Sudeste,-19.1183,-43.4302,2,10.58,9485.15,219.5,67.77,0.473,73.3,0,19.55,2.89,32.69,66629,90.5,Alto Risco,3766
BR-01567,Vila das Flores,AP,Norte,1.4665,-50.8736,3,58.42,45831.21,204.9,28.76,0.77,38.92,0,46.0,11.62,73.43,15747,45.3,Médio Risco,187
BR-01568,Boa do Norte,AC,Norte,-9.2072,-71.6785,1,13.95,38572.23,213.2,36.77,0.793,43.13,0,53.97,3.82,68.24,23383,41.5,Médio Risco,259
BR-01569,Vale Dourado,MG,Sudeste,-20.3198,-43.1916,2,8.52,41219.9,169.2,34.17,0.745,49.33,0,51.92,1.84,62.15,8540,49.1,Médio Risco,136
BR-01570,Vila do Carvão,MG,Sudeste,-19.3886,-44.6045,4,19.75,23579.41,234.4,54.73,0.641,55.57,1,24.53,3.91,56.93,18071,81.9,Alto Risco,708
BR-01571,Rio Dourado,MT,Centro-Oeste,-10.4445,-57.3939,3,12.71,27414.95,270.2,37.85,0.816,43.67,3,53.7,5.23,80.35,28840,65.5,Médio Risco,668
BR-01572,Bela Limpo,PB,Nordeste,-6.7414,-36.0827,1,28.85,30700.74,166.0,49.16,0.698,41.93,1,31.6,18.46,73.63,4124,63.7,Médio Risco,89
BR-01573,Monte do Vale,PB,Nordeste,-9.133,-36.4163,0,9.96,46122.49,173.0,35.7,0.748,35.02,0,73.6,2.46,72.27,67577,26.0,Baixo Risco,309
BR-01574,Nova Verde,RR,Norte,-0.1065,-61.7187,1,26.63,42571.36,225.4,27.6,0.796,38.81,0,59.96,2.37,75.63,117908,35.1,Baixo Risco,931
BR-01575,Santo Esperança,AM,Norte,-3.627,-65.1524,0,24.86,44558.31,167.3,22.05,0.814,31.74,0,67.99,2.84,81.58,32536,20.2,Baixo Risco,94
BR-01576,Vila Dourado,CE,Nordeste,-3.0143,-40.5367,1,23.11,31726.17,110.2,45.18,0.699,45.26,1,48.19,1.1,65.47,1200,54.0,Médio Risco,21
BR-01577,Bela do Forno,RO,Norte,-11.0915,-62.4858,5,111.4,31842.12,300.1,43.44,0.606,53.7,0,47.77,4.26,61.06,23951,75.3,Alto Risco,800
BR-01578,Bela Dourado,RR,Norte,3.8798,-61.4608,3,24.98,24065.57,297.5,57.94,0.599,60.86,0,48.1,13.29,,5758,80.6,Alto Risco,235
BR-01579,Nova das Flores,TO,Norte,-9.6773,-48.067,1,51.21,54902.37,207.3,31.64,0.737,45.54,0,,2.55,63.11,15336,38.3,Baixo Risco,155
BR-01580,Cruz Esperança,SC,Sul,-26.7902,-50.45,0,17.81,42244.49,64.7,18.95,0.832,44.05,0,,1.34,78.41,201777,17.1,Baixo Risco,548
BR-01581,Monte Esperança,SC,Sul,-29.32,-52.5664,0,41.83,50077.08,166.5,35.3,0.897,24.73,0,75.55,4.35,82.71,1567,17.3,Baixo Risco,3
BR-01582,Rio do Amparo,GO,Centro-Oeste,-14.6675,-51.112,0,30.06,55889.69,149.7,15.74,0.907,18.78,0,72.28,3.33,88.7,11844,11.5,Baixo Risco,10
BR-01583,Santo do Amparo,MT,Centro-Oeste,-13.1089,-58.5139,5,24.43,27168.19,206.9,35.59,0.719,46.31,0,45.74,13.12,56.24,92685,66.0,Médio Risco,2260
BR-01584,Alto Grande,ES,Sudeste,-17.9817,-39.5494,0,42.57,25882.71,134.0,40.53,0.752,51.56,0,15.65,0.63,50.48,13665,43.8,Médio Risco,186
BR-01585,Nova Azul,PR,Sul,-26.0298,-53.2471,1,17.22,43308.64,154.4,41.56,0.786,39.11,0,44.81,1.48,77.65,12419,36.9,Baixo Risco,107
BR-01586,Campo Limpo,SE,Nordeste,-10.3221,-37.2644,0,15.22,,200.7,55.51,0.651,46.37,0,49.16,1.18,,416861,55.2,Médio Risco,7646
BR-01587,Lago do Vale,MA,Nordeste,-4.9272,-44.9206,2,12.65,26430.77,178.9,55.69,0.615,52.13,1,50.4,3.3,43.31,52732,70.7,Alto Risco,1559
BR-01588,Vale Feliz,PB,Nordeste,-7.4956,-35.8767,1,14.59,23342.1,178.9,49.0,0.705,50.86,0,54.41,0.99,69.85,105649,52.4,Médio Risco,1901
BR-01589,Bela do Forno,GO,Centro-Oeste,-15.4136,-51.5456,11,25.87,30339.49,287.4,54.01,0.638,42.63,3,41.74,43.09,61.63,60982,87.6,Alto Risco,2213
BR-01590,Vila do Vale,BA,Nordeste,-13.333,-41.7912,3,12.48,20491.92,227.2,60.14,0.561,76.35,1,50.01,0.78,47.87,40220,81.8,Alto Risco,1996
BR-01591,Rio do Sertão,CE,Nordeste,-6.1087,-37.1916,1,146.35,43816.26,77.8,27.15,0.866,35.01,0,72.26,4.4,72.81,159537,24.0,Baixo Risco,643
BR-01592,Cruz do Norte,AL,Nordeste,-7.3723,-34.42,1,399.02,38488.98,171.7,37.81,0.793,49.67,0,50.59,4.14,69.34,355643,43.4,Médio Risco,4655
BR-01593,Monte Feliz,SE,Nordeste,-9.1015,-36.0677,0,14.65,32228.44,178.9,42.03,0.675,40.67,1,70.84,2.76,75.71,4006,47.1,Médio Risco,52
BR-01594,Santa Esperança,MT,Centro-Oeste,-13.7052,-54.9475,2,34.33,30891.7,251.4,33.69,0.7,49.17,2,40.82,7.52,55.39,31441,71.5,Alto Risco,908
BR-01595,Santa da Mata,RR,Norte,2.8458,-62.8071,3,81.69,37777.63,177.8,36.06,0.764,40.71,0,43.69,28.74,61.99,31132,52.3,Médio Risco,480
BR-01596,Serra Feliz,PI,Nordeste,-8.7598,-41.7239,0,19.22,30674.07,109.1,47.98,0.741,52.0,0,45.86,15.93,61.25,19214,47.9,Médio Risco,304
BR-01597,Bela do Cedro,CE,Nordeste,-6.8586,-39.7512,1,10.32,48359.23,137.0,32.36,0.805,40.15,0,48.25,1.71,70.89,112008,34.8,Baixo Risco,892
BR-01598,Porto do Sertão,BA,Nordeste,-11.5127,-40.9153,3,133.65,34855.11,201.1,40.75,0.788,59.57,0,43.08,2.64,58.89,45302,57.1,Médio Risco,1048
BR-01599,São do Carvão,RO,Norte,-13.2157,-64.226,3,54.44,31884.49,254.2,37.38,0.741,31.83,0,61.37,4.38,74.69,364704,52.2,Médio Risco,4805
BR-01600,Santa Dourado,ES,Sudeste,-17.8924,-40.5821,2,43.94,53314.39,127.6,22.54,0.807,42.51,0,61.68,0.71,85.61,130006,22.5,Baixo Risco,535
BR-01601,Bela do Norte,SP,Sudeste,-22.5438,-48.5602,1,125.89,37658.33,107.3,22.71,0.809,40.01,0,57.88,2.8,75.91,180932,30.2,Baixo Risco,1146
BR-01602,Santo da Mata,AM,Norte,-3.7662,-64.7552,3,53.98,33010.17,208.2,46.28,0.695,39.01,1,50.01,8.97,69.41,7340,65.5,Médio Risco,158
BR-01603,Monte do Norte,PI,Nordeste,-7.1463,-42.0388,0,29.8,46716.81,110.9,24.87,0.807,50.43,0,40.08,0.51,78.79,11997,22.1,Baixo Risco,54
BR-01604,Nova do Vale,RO,Norte,-10.0163,-64.1509,3,8.43,18426.7,258.0,45.28,,63.66,1,30.26,11.57,59.97,13298,82.7,Alto Risco,585
BR-01605,Santo Azul,DF,Centro-Oeste,-16.9869,-49.7406,1,20.71,44459.94,213.9,19.61,0.755,18.84,0,61.58,7.17,71.99,171768,25.8,Baixo Risco,554
BR-01606,Alto da Serra,ES,Sudeste,-18.1852,-38.0653,1,100.4,37769.7,102.3,37.25,0.801,39.6,1,51.36,1.17,67.75,9809,36.3,Baixo Risco,83
BR-01607,Nova do Vale,TO,Norte,-10.0113,-44.815,3,41.81,26884.05,255.9,53.34,0.642,58.08,0,38.87,4.94,,10174,77.1,Alto Risco,374
BR-01608,Campo Azul,ES,Sudeste,-20.9485,-39.7136,1,20.14,,234.1,39.48,0.751,50.45,1,60.64,3.18,62.96,8089,53.4,Médio Risco,149
BR-01609,Alto da Mata,MS,Centro-Oeste,-20.7478,-56.3936,4,142.81,31494.35,295.3,33.55,0.709,57.73,0,47.62,27.12,65.92,1026108,72.0,Alto Risco,33613
BR-01610,Monte Vermelho,MS,Centro-Oeste,-18.5762,-55.6225,1,20.36,30244.05,215.0,39.83,0.655,57.29,0,35.15,10.5,52.9,27507,64.6,Médio Risco,753
BR-01611,Santa Verde,ES,Sudeste,-16.8428,-39.6272,0,58.11,32183.82,236.4,50.38,0.65,54.0,0,35.04,4.65,,63727,58.6,Médio Risco,1431
BR-01612,Boa Azul,RS,Sul,-28.6957,-51.3224,0,33.49,37407.43,102.5,36.69,0.676,59.04,0,68.58,1.07,63.06,7897,36.9,Baixo Risco,90
BR-01613,Vila Dourado,RS,Sul,-31.3665,-54.898,0,218.23,42861.53,94.3,27.7,0.774,42.9,0,75.2,1.31,69.92,108997,21.0,Baixo Risco,404
BR-01614,Santa Feliz,MT,Centro-Oeste,-11.9532,-55.5941,1,59.42,38331.7,202.5,34.7,0.788,38.95,0,60.61,10.89,66.87,3579,42.0,Médio Risco,38
BR-01615,Santa da Serra,RR,Norte,3.2412,-61.1257,0,30.75,48779.77,201.4,35.45,0.777,35.53,0,,2.17,65.84,9665,32.9,Baixo Risco,65
BR-01616,Rio Limpo,CE,Nordeste,-4.184,-38.3196,2,13.08,,271.6,63.83,0.555,74.42,0,28.41,3.83,45.89,13171,86.9,Alto Risco,706
BR-01617,Boa da Mata,AC,Norte,-7.6711,-71.031,1,29.36,37667.75,204.8,32.79,0.724,33.21,0,61.92,9.43,73.29,43200,43.1,Médio Risco,430
BR-01618,Lago do Carvão,PB,Nordeste,-6.7714,-38.9093,0,11.4,20832.01,189.7,36.6,0.685,45.75,0,46.69,2.25,68.17,12193,45.5,Médio Risco,163
BR-01619,São do Cedro,TO,Norte,-10.2714,-47.4303,4,6.5,26509.98,218.3,53.68,0.71,43.64,2,45.35,9.33,63.38,220797,73.9,Alto Risco,6199
BR-01620,Santo Limpo,AL,Nordeste,-10.4717,-35.2453,2,35.29,32045.84,162.1,35.77,0.767,47.11,0,48.07,2.25,64.49,61638,44.6,Médio Risco,812
BR-01621,São Vermelho,CE,Nordeste,-7.8571,-39.6456,1,14.02,30454.93,168.0,42.96,0.724,46.65,1,41.46,1.39,76.33,13877,48.8,Médio Risco,210
BR-01622,Campo Dourado,PA,Norte,-3.3145,-51.9127,2,12.55,23709.44,218.2,50.83,0.677,43.29,0,31.42,3.24,46.36,114350,71.3,Alto Risco,3015
BR-01623,Serra das Flores,RO,Norte,-10.5695,-64.0043,5,22.2,33384.68,259.1,38.48,0.76,55.51,0,60.28,7.0,72.97,20098,59.4,Médio Risco,470
BR-01624,Serra das Flores,AP,Norte,2.1906,-52.9541,0,36.44,43607.28,174.7,22.31,0.842,29.72,0,73.97,15.99,93.61,15708,20.3,Baixo Risco,44
BR-01625,Nova do Amparo,MT,Centro-Oeste,-14.5126,-53.983,3,22.48,23557.85,234.0,45.33,0.718,65.01,2,41.16,18.29,65.08,100687,81.6,Alto Risco,4400
BR-01626,Nova Vermelho,RN,Nordeste,-4.907,-36.0475,0,183.34,46572.77,90.5,20.48,,37.62,0,65.62,1.36,76.13,1531,19.1,Baixo Risco,4
BR-01627,Monte Grande,MA,Nordeste,-2.5436,-44.7535,1,50.49,41418.68,134.1,39.87,0.698,53.3,1,55.07,1.6,77.55,82333,50.1,Médio Risco,1425
BR-01628,Campo da Mata,CE,Nordeste,-5.0902,-37.427,1,228.83,31788.62,126.4,23.87,0.79,46.09,0,76.0,1.43,68.66,13476,27.9,Baixo Risco,83
BR-01629,Cruz do Vale,CE,Nordeste,-5.2863,-41.0068,4,11.64,20484.06,282.9,67.05,0.53,68.94,2,40.79,2.03,,13450,91.2,Alto Risco,734
BR-01630,Campo Esperança,MT,Centro-Oeste,-12.2074,-56.1928,5,59.68,26968.39,292.1,39.57,0.775,46.5,1,61.42,8.61,67.19,379903,68.8,Médio Risco,9930
BR-01631,Vila da Serra,MG,Sudeste,-15.2547,-44.1589,2,14.58,18981.16,92.0,51.43,0.657,54.29,1,41.9,5.86,53.57,16915,68.6,Médio Risco,491
BR-01632,Santo do Vale,RR,Norte,0.6169,-62.19,5,17.23,37843.92,215.5,18.98,0.835,45.86,0,55.22,38.44,68.51,108542,47.7,Médio Risco,1564
BR-01633,Rio do Forno,PE,Nordeste,-8.0955,-36.7636,0,180.73,31552.71,223.1,43.44,0.647,70.52,0,53.43,1.31,64.75,46586,58.4,Médio Risco,1268
BR-01634,Nova do Sertão,PI,Nordeste,-8.8395,-42.9924,3,8.99,18350.32,199.5,61.12,0.614,54.87,1,42.43,4.58,47.14,53037,80.5,Alto Risco,2002
BR-01635,Vale Limpo,TO,Norte,-10.9358,-49.6895,2,3.58,40810.72,211.3,49.13,0.857,39.67,0,56.66,8.96,79.92,24024,42.5,Médio Risco,261
BR-01636,Alto Grande,MT,Centro-Oeste,-12.7094,-55.3279,5,9.32,21412.04,349.8,61.22,0.579,57.73,1,,7.08,41.22,22508,89.3,Alto Risco,1041
BR-01637,Vale Esperança,MT,Centro-Oeste,-10.7537,-55.1815,0,3.68,36895.76,169.9,40.76,0.732,45.83,0,61.71,3.0,70.38,221901,37.8,Baixo Risco,2203
BR-01638,Campo do Norte,SE,Nordeste,-8.0486,-36.1414,1,10.61,32879.92,142.1,37.57,0.775,42.49,0,35.42,2.55,62.19,105143,43.7,Médio Risco,1251
BR-01639,Santo Verde,DF,Centro-Oeste,-15.2026,-47.3096,1,12.46,49604.02,272.2,25.72,0.786,24.22,1,,35.05,65.51,17596,46.2,Médio Risco,163
BR-01640,Lago do Vale,RN,Nordeste,-6.3372,-35.9444,1,27.37,33863.24,101.9,42.43,0.728,42.41,0,55.58,2.62,67.55,8890,40.5,Médio Risco,94
BR-01641,Serra Limpo,RN,Nordeste,-2.3202,-36.1416,0,2.73,26511.87,185.4,41.51,0.647,60.05,1,23.74,1.35,64.46,15826,62.9,Médio Risco,430
BR-01642,Rio Grande,AP,Norte,0.8114,-52.0335,0,90.04,34444.87,203.4,27.6,0.81,37.19,0,37.96,6.04,72.94,112069,33.7,Baixo Risco,807
BR-01643,Boa do Cedro,MG,Sudeste,-18.8996,-45.3827,2,2.94,23954.89,246.2,45.75,0.592,63.69,0,33.53,1.1,55.53,143396,77.2,Alto Risco,5647
BR-01644,Bela Limpo,CE,Nordeste,-7.6849,-39.1256,0,20.3,35679.32,214.1,49.48,0.669,50.78,0,49.82,2.4,60.49,65754,49.6,Médio Risco,1082
BR-01645,Vale das Flores,BA,Nordeste,-11.0055,-42.1664,2,19.53,44438.52,146.4,34.94,0.691,41.54,0,58.29,3.59,67.1,4355,47.3,Médio Risco,58
BR-01646,Nova Grande,MG,Sudeste,-16.7445,-42.0142,0,55.34,27783.52,163.5,41.59,0.704,53.75,0,62.18,1.3,69.48,84307,40.9,Médio Risco,1061
BR-01647,Vale do Carvão,GO,Centro-Oeste,-12.5951,-47.9809,1,26.41,25975.2,235.4,54.92,0.618,63.3,1,35.14,0.69,46.46,167623,73.2,Alto Risco,6035
BR-01648,Alto da Serra,RO,Norte,-12.7753,-62.454,3,92.72,40809.36,261.3,26.08,0.8,43.88,0,52.46,8.28,77.65,40821,44.5,Médio Risco,511
BR-01649,Cruz Esperança,SP,Sudeste,-20.1486,-48.2601,0,19.96,43445.43,116.6,28.17,0.78,47.54,0,44.67,1.32,81.09,390332,27.4,Baixo Risco,2375
BR-01650,Bela da Serra,RO,Norte,-10.7318,-63.4631,5,13.91,27344.12,255.5,42.05,0.701,52.62,1,39.86,4.45,53.44,6303,77.3,Alto Risco,216
BR-01651,Nova do Cedro,ES,Sudeste,-18.0615,-42.1056,1,48.22,42150.33,141.4,18.07,0.846,24.4,0,68.3,0.99,73.07,77343,18.8,Baixo Risco,171
BR-01652,Boa Azul,ES,Sudeste,-21.4969,-40.6426,1,76.04,41037.93,146.5,31.96,0.793,39.99,0,60.52,2.85,65.92,9179,31.5,Baixo Risco,62
BR-01653,Serra Esperança,ES,Sudeste,-17.1347,-40.198,3,52.01,33784.2,209.9,37.76,0.715,37.36,1,47.18,1.72,50.53,123399,59.9,Médio Risco,2237
BR-01654,Nova do Carvão,AM,Norte,-2.3689,-64.7788,0,49.61,55913.48,184.6,23.66,0.926,35.52,0,72.94,11.48,80.73,70691,19.0,Baixo Risco,198
BR-01655,Porto do Sertão,SE,Nordeste,-10.6245,-36.7926,0,33.84,36799.5,149.4,39.64,0.742,49.47,1,64.56,4.47,78.18,312292,38.7,Baixo Risco,3393
BR-01656,Nova das Flores,MT,Centro-Oeste,-11.7368,-54.1301,4,21.29,27141.43,272.0,38.17,0.62,57.92,0,43.85,6.55,51.85,61368,73.1,Alto Risco,2065
BR-01657,Campo da Serra,CE,Nordeste,-6.2717,-40.499,3,34.69,17134.16,133.4,41.93,0.708,52.99,0,57.62,1.56,70.59,19831,57.9,Médio Risco,431
BR-01658,Boa Azul,RR,Norte,1.2388,-62.3563,1,250.79,36148.25,176.9,36.23,0.859,41.57,0,56.75,6.52,76.26,17786,36.9,Baixo Risco,159
BR-01659,Serra do Norte,MT,Centro-Oeste,-13.2888,-53.3888,6,16.02,22440.64,314.7,44.16,0.689,43.55,1,38.54,7.71,70.0,24035,80.0,Alto Risco,765
BR-01660,Nova Grande,AC,Norte,-11.3638,-69.4706,4,14.09,18643.65,246.5,52.94,0.676,54.1,0,34.55,2.14,50.1,17354,75.8,Alto Risco,589
BR-01661,Rio das Flores,BA,Nordeste,-11.7535,-42.2471,4,13.11,28385.59,172.2,50.8,0.701,44.78,2,46.21,12.09,54.07,176997,72.3,Alto Risco,4882
BR-01662,Bela Vermelho,PE,Nordeste,-6.7118,-38.0101,1,46.78,36250.96,78.0,33.42,0.84,33.69,0,52.45,3.23,71.21,161870,29.4,Baixo Risco,881
BR-01663,Rio Dourado,RS,Sul,-30.6819,-53.3438,0,4.18,44312.97,94.9,23.57,0.866,43.49,0,63.58,1.16,77.66,5061,18.5,Baixo Risco,15
BR-01664,Bela do Carvão,CE,Nordeste,-4.7125,-39.4858,1,20.65,28227.95,216.5,39.73,0.647,56.11,1,29.92,0.5,72.02,34474,61.7,Médio Risco,864
BR-01665,Bela Feliz,SP,Sudeste,-22.5618,-48.1282,0,88.11,54755.87,99.6,19.78,0.888,34.9,0,74.15,1.4,88.13,35529,12.9,Baixo Risco,53
BR-01666,Bela Esperança,RR,Norte,2.5096,-57.851,0,17.95,37983.66,121.1,29.59,0.781,36.7,0,70.64,3.91,82.62,12374,24.5,Baixo Risco,53
BR-01667,São da Mata,RR,Norte,1.1714,-61.1343,1,30.62,35819.96,255.7,37.96,0.733,38.49,0,58.53,6.9,57.12,56830,49.0,Médio Risco,761
BR-01668,Monte Limpo,CE,Nordeste,-6.4368,-38.6024,0,197.92,32172.43,148.8,33.58,0.704,49.12,0,54.77,0.4,68.04,204038,32.4,Baixo Risco,1660
BR-01669,Vila da Serra,AL,Nordeste,-8.1471,-39.1811,0,38.35,41425.22,154.8,41.75,0.776,49.87,0,61.97,1.4,63.61,100184,32.3,Baixo Risco,820
BR-01670,Vila Limpo,SC,Sul,-27.5394,-51.6289,0,2.84,,137.9,42.33,0.743,46.26,0,59.12,1.51,59.47,176988,32.3,Baixo Risco,1375
BR-01671,São do Norte,GO,Centro-Oeste,-13.149,-48.1397,1,5.89,31245.96,213.1,34.95,0.737,36.49,0,53.25,6.48,65.39,13385,47.8,Médio Risco,167
BR-01672,Vila Grande,PE,Nordeste,-8.3152,-37.2968,1,20.61,26825.19,142.1,34.5,0.648,44.43,0,58.57,1.75,70.06,34394,51.4,Médio Risco,547
BR-01673,Serra do Sertão,RN,Nordeste,-7.1065,-42.7348,0,8.86,21945.22,187.5,50.34,0.628,42.5,0,31.7,2.79,53.98,12619,58.2,Médio Risco,238
BR-01674,Alto do Sertão,AM,Norte,-1.7523,-64.1564,2,27.86,32991.82,246.0,32.16,0.763,51.54,1,47.96,24.69,70.79,44324,59.8,Médio Risco,994
BR-01675,Rio Vermelho,RS,Sul,-28.8169,-50.5146,1,21.28,,98.5,21.13,0.84,35.68,0,56.94,1.31,78.42,49603,22.6,Baixo Risco,184
BR-01676,Cruz Verde,SE,Nordeste,-9.5524,-40.2443,0,103.43,39812.8,66.1,21.95,0.851,26.94,0,59.41,0.87,,109076,15.2,Baixo Risco,181
BR-01677,Boa Grande,RN,Nordeste,-4.1432,-34.4629,0,6.46,27649.01,234.1,51.02,0.668,62.78,0,22.1,0.69,43.86,169713,64.9,Médio Risco,5009
BR-01678,Monte Azul,MS,Centro-Oeste,-21.4239,-58.4207,0,19.74,31745.21,280.8,32.24,0.713,51.24,0,36.93,4.99,74.56,77747,52.7,Médio Risco,1419
BR-01679,Nova do Norte,SC,Sul,-27.6282,-49.6368,0,35.27,33581.8,151.2,33.74,0.772,42.44,0,58.03,0.65,85.14,11213,29.7,Baixo Risco,72
BR-01680,Vila Azul,PA,Norte,-4.03,-52.4921,2,36.38,32014.98,206.7,44.55,0.752,60.04,1,59.39,15.39,64.68,6062,66.5,Médio Risco,180
BR-01681,Cruz do Norte,RN,Nordeste,-7.617,-39.88,0,30.6,44842.21,119.2,41.5,0.742,48.25,0,52.41,1.96,56.65,62946,35.0,Baixo Risco,572
BR-01682,Rio da Serra,RO,Norte,-11.199,-62.7154,3,3.0,48335.15,154.3,23.31,0.813,29.47,0,89.16,12.28,70.59,214411,32.7,Baixo Risco,1277
BR-01683,Campo Dourado,RN,Nordeste,-3.9391,-34.9788,0,32.52,45636.17,151.5,18.85,0.776,42.24,0,50.38,6.17,71.42,31857,27.4,Baixo Risco,179
BR-01684,Rio do Carvão,GO,Centro-Oeste,-15.6477,-49.3506,1,19.3,23152.82,229.0,49.36,0.635,48.64,0,48.01,4.01,74.1,4870,62.5,Médio Risco,113
BR-01685,Vale Limpo,AM,Norte,-5.3545,-64.2812,2,64.3,32804.74,251.1,36.0,0.771,51.62,1,65.23,5.21,69.73,445051,56.0,Médio Risco,8999
BR-01686,Bela Grande,DF,Centro-Oeste,-18.0082,-48.4363,1,61.31,36751.94,223.7,32.74,0.792,40.81,0,67.96,18.48,70.05,60582,35.9,Baixo Risco,512
BR-01687,Porto do Sertão,PA,Norte,-1.4593,-55.0859,2,32.33,34487.12,276.3,50.12,0.713,48.09,0,56.24,8.43,61.54,40698,66.0,Médio Risco,1019
BR-01688,Nova do Carvão,PA,Norte,-3.9164,-51.5114,6,23.63,16565.02,347.3,53.89,0.545,51.47,2,40.34,15.08,37.44,7631,92.4,Alto Risco,343
BR-01689,Santa do Forno,PB,Nordeste,-8.1864,-34.2703,0,86.89,25975.13,196.5,27.74,0.692,51.01,0,44.58,5.51,66.2,33532,41.3,Médio Risco,413
BR-01690,Santo Azul,MT,Centro-Oeste,-13.0236,-53.8386,4,76.65,29808.53,190.8,34.63,,46.98,0,62.95,15.42,63.34,77544,60.0,Médio Risco,1640
BR-01691,Bela Azul,RS,Sul,-31.7682,-55.983,0,49.25,45746.39,97.1,21.06,0.848,22.11,0,81.55,2.21,99.0,61622,11.9,Baixo Risco,62
BR-01692,Porto do Cedro,SP,Sudeste,-20.1977,-50.9109,4,166.35,21519.31,210.3,52.72,0.569,55.03,1,29.1,8.29,57.17,14047,83.7,Alto Risco,566
BR-01693,Santo da Mata,DF,Centro-Oeste,-16.3803,-49.0444,0,21.11,57646.08,131.3,7.87,0.944,29.97,0,75.77,4.78,94.69,30597,10.6,Baixo Risco,30
BR-01694,São Feliz,RN,Nordeste,-3.8956,-38.8202,0,7.94,26922.91,196.2,28.82,0.687,44.48,0,37.54,3.25,65.77,15214,41.9,Médio Risco,175
BR-01695,Monte Verde,PI,Nordeste,-7.6477,-42.6681,3,16.96,18833.08,226.4,57.14,0.58,52.01,0,43.99,2.61,38.66,263077,78.3,Alto Risco,9144
BR-01696,Vale Azul,PA,Norte,-1.7887,-51.9292,6,9.47,14820.46,337.1,63.36,0.526,69.17,2,21.14,27.07,,100568,95.3,Alto Risco,5905
BR-01697,Serra Vermelho,CE,Nordeste,-4.8406,-41.5324,2,1.61,20242.78,251.6,57.27,0.658,54.57,0,47.38,1.59,41.65,17062,70.7,Alto Risco,521
BR-01698,Vila Limpo,RO,Norte,-9.6355,-62.252,1,12.64,29004.59,227.9,38.45,0.732,48.71,0,47.02,1.96,70.38,7627,52.9,Médio Risco,135
BR-01699,Santa Azul,TO,Norte,-9.1633,-47.4585,1,32.79,34481.15,230.4,39.41,0.713,49.74,0,29.12,13.15,59.14,46503,61.5,Médio Risco,1064
BR-01700,Vale Feliz,RJ,Sudeste,-21.3774,-43.4274,1,31.01,39399.25,62.1,20.39,0.912,31.8,0,87.17,0.78,86.1,17747,15.5,Baixo Risco,33
BR-01701,Boa da Mata,SP,Sudeste,-21.7029,-49.0315,1,11.98,34467.32,119.4,38.8,0.654,41.26,1,52.76,0.87,68.53,19479,46.3,Médio Risco,249
BR-01702,Lago Azul,TO,Norte,-10.496,-51.0297,5,20.2,16990.6,261.6,53.1,0.596,57.28,2,27.49,24.9,50.44,7950,89.0,Alto Risco,364
BR-01703,Santo das Flores,MA,Nordeste,-2.7384,-45.9052,0,23.2,15263.18,217.5,51.0,0.666,61.13,0,49.75,5.63,47.26,9281,67.8,Médio Risco,288
BR-01704,Porto Esperança,PE,Nordeste,-9.6497,-37.8497,1,51.6,32523.45,118.6,39.94,0.711,47.67,0,68.32,1.67,68.11,40269,38.5,Baixo Risco,423
BR-01705,Santa Verde,MG,Sudeste,-18.094,-44.1438,1,12.71,25105.51,98.2,40.77,0.748,57.54,0,,0.2,62.2,23539,45.6,Médio Risco,370
BR-01706,Bela Feliz,TO,Norte,-10.1492,-47.7696,0,49.07,24478.4,286.7,43.69,0.634,62.4,0,38.46,13.24,61.66,744630,68.7,Médio Risco,23963
BR-01707,Vila Azul,AP,Norte,1.9734,-51.4281,1,10.75,48764.8,164.7,21.99,0.827,46.29,0,64.2,10.2,73.05,69066,30.9,Baixo Risco,500
BR-01708,Lago Vermelho,MT,Centro-Oeste,-13.2413,-55.7901,4,12.13,32972.8,279.6,48.57,0.617,64.88,1,28.33,13.29,58.65,7788,83.3,Alto Risco,351
BR-01709,Monte das Flores,SC,Sul,-27.0094,-50.5493,1,144.95,35796.53,189.4,48.67,0.725,54.61,0,,3.07,79.97,4820,46.6,Médio Risco,76
BR-01710,Rio Dourado,ES,Sudeste,-19.4264,-38.9372,1,9.14,38694.08,155.3,30.37,0.707,37.33,1,66.42,1.89,68.29,54053,42.4,Médio Risco,563
BR-01711,Boa Limpo,RS,Sul,-31.9147,-53.3337,0,18.84,50600.64,133.9,17.03,0.886,34.93,1,67.46,1.17,90.15,20009,17.0,Baixo Risco,46
BR-01712,Campo Verde,MT,Centro-Oeste,-12.6266,-54.9754,3,6.25,25382.05,260.5,47.0,0.636,60.23,0,35.17,3.38,62.71,173571,75.5,Alto Risco,6328
BR-01713,Lago do Carvão,TO,Norte,-11.7108,-48.5606,5,9.1,15609.5,308.0,47.19,0.676,63.56,0,36.13,4.88,69.48,46739,81.6,Alto Risco,2008
BR-01714,Nova Esperança,SC,Sul,-29.8781,-51.8555,0,41.76,56678.61,62.1,26.06,0.898,25.06,0,78.23,2.11,87.18,2757,12.1,Baixo Risco,3
BR-01715,Vila Esperança,GO,Centro-Oeste,-15.7884,-49.128,2,71.28,41905.12,171.7,19.52,0.9,36.45,0,49.1,7.28,87.78,9189,29.8,Baixo Risco,54
BR-01716,Rio do Carvão,RS,Sul,-29.017,-53.9773,1,30.69,49152.12,78.8,26.16,0.773,37.29,0,63.19,3.46,76.64,14128,24.6,Baixo Risco,62
BR-01717,Serra do Cedro,MA,Nordeste,-4.6826,-44.8994,3,19.81,39419.12,109.3,39.4,0.698,55.19,2,76.36,0.67,64.78,57099,51.8,Médio Risco,1069
BR-01718,Vale das Flores,PR,Sul,-24.096,-51.5104,0,10.18,42405.47,79.5,32.07,0.863,22.0,0,85.32,0.44,74.59,8814,13.0,Baixo Risco,10
BR-01719,Santa Dourado,PI,Nordeste,-10.4256,-43.1555,2,10.37,28068.48,140.2,55.85,0.757,47.11,2,46.91,1.85,66.62,39776,63.2,Médio Risco,916
BR-01720,Lago Grande,RR,Norte,0.1446,-61.8594,0,5.7,46380.58,228.2,34.97,0.791,30.61,0,64.81,3.07,61.9,6185,28.5,Baixo Risco,30
BR-01721,São Esperança,AC,Norte,-6.0071,-71.2614,3,44.38,33758.73,258.1,47.64,0.631,53.93,0,52.99,9.73,62.45,33115,69.6,Médio Risco,978
BR-01722,Porto do Vale,CE,Nordeste,-6.6661,-41.8341,0,53.4,28343.06,173.9,42.14,0.714,63.94,0,,0.81,66.02,52184,50.9,Médio Risco,1058
BR-01723,Alto do Amparo,RJ,Sudeste,-21.3948,-42.1239,1,25.29,31491.34,99.9,37.51,0.766,43.64,0,60.47,5.45,74.57,204207,35.5,Baixo Risco,1774
BR-01724,Vale do Norte,PB,Nordeste,-8.2417,-36.3958,0,37.63,32020.8,187.3,36.0,0.657,48.19,0,63.95,1.18,60.25,44666,38.7,Baixo Risco,477
BR-01725,Bela do Sertão,MG,Sudeste,-17.9885,-43.1905,2,48.8,23377.2,257.1,55.93,0.68,58.65,1,27.57,9.37,49.41,11838,80.3,Alto Risco,467
BR-01726,Rio das Flores,AL,Nordeste,-10.5066,-37.564,0,27.33,38370.65,210.7,41.25,0.708,45.81,0,,3.4,67.54,212406,39.2,Baixo Risco,2234
BR-01727,Rio Dourado,MA,Nordeste,-4.6338,-42.7865,1,97.63,35269.18,229.1,40.75,0.703,49.99,0,51.17,0.98,61.87,26135,54.9,Médio Risco,501
BR-01728,Bela Vermelho,SC,Sul,-27.2585,-51.4816,3,10.87,32389.33,119.6,21.69,0.799,40.89,0,60.14,10.11,66.59,86419,38.3,Baixo Risco,812
BR-01729,Vale Esperança,AC,Norte,-9.3976,-71.7752,2,13.53,24091.59,276.9,53.72,0.648,51.28,0,36.15,11.28,65.58,15274,72.2,Alto Risco,462
BR-01730,Nova da Serra,MT,Centro-Oeste,-14.1102,-56.8112,5,12.3,21888.1,301.6,40.74,0.591,55.56,4,39.3,10.22,47.67,36808,87.8,Alto Risco,1611
BR-01731,Alto da Serra,SE,Nordeste,-10.1951,-39.8775,0,39.32,24936.76,186.8,46.13,0.578,59.44,0,42.45,2.46,48.65,12069,58.7,Médio Risco,291
BR-01732,Vale Feliz,AL,Nordeste,-11.3178,-34.6743,0,6.46,37526.0,79.0,31.7,0.764,49.22,0,63.71,3.01,67.95,49159,30.2,Baixo Risco,358
BR-01733,Santo Azul,RN,Nordeste,-5.2115,-34.6705,0,123.79,45218.06,154.6,33.09,0.711,48.87,1,61.52,2.97,82.0,89750,40.9,Médio Risco,1056
BR-01734,Santa Dourado,ES,Sudeste,-15.5129,-39.499,1,51.34,44367.16,116.5,42.33,0.774,41.87,0,55.94,0.97,58.37,17703,32.4,Baixo Risco,129
BR-01735,Bela do Forno,SC,Sul,-25.5598,-52.2045,0,154.81,32185.99,90.3,38.95,0.791,45.56,0,45.67,1.76,77.41,16502,31.7,Baixo Risco,123
BR-01736,Monte da Serra,RN,Nordeste,-4.8043,-34.0542,0,26.71,37043.79,117.1,42.44,0.784,46.91,0,,2.22,64.55,51330,33.4,Baixo Risco,425
BR-01737,Serra do Carvão,SC,Sul,-27.5699,-51.4424,0,16.4,36027.35,123.0,36.44,0.809,36.57,0,58.42,3.17,73.92,11716,28.4,Baixo Risco,63
BR-01738,São Verde,CE,Nordeste,-7.9143,-39.9066,2,39.04,15628.43,198.9,57.27,0.652,50.51,1,32.39,4.25,50.01,4927,75.7,Alto Risco,159
BR-01739,Bela das Flores,PA,Norte,-5.6412,-50.4678,2,69.77,32153.75,237.9,50.74,0.801,45.43,1,57.8,8.4,79.23,51098,60.0,Médio Risco,1056
BR-01740,Lago do Norte,RS,Sul,-27.9041,-52.2775,0,17.04,55939.46,138.0,17.53,0.837,23.36,0,70.22,1.09,83.22,28721,13.5,Baixo Risco,37
BR-01741,Bela das Flores,DF,Centro-Oeste,-16.9357,-44.7785,0,5.08,,110.4,13.32,0.901,32.1,0,80.33,3.26,81.09,27971,14.0,Baixo Risco,45
BR-01742,São do Carvão,DF,Centro-Oeste,-16.809,-47.5118,0,4.58,38167.25,205.0,36.56,0.758,48.06,0,,2.55,69.98,63028,36.9,Baixo Risco,622
BR-01743,Serra da Serra,AC,Norte,-9.0019,-71.1058,2,42.56,43919.42,151.3,25.07,0.865,29.83,0,55.81,9.45,79.91,75052,29.9,Baixo Risco,390
BR-01744,Vale Limpo,TO,Norte,-11.6569,-49.1565,4,100.64,28150.91,309.7,48.47,0.655,55.33,0,52.22,5.06,59.24,26870,74.1,Alto Risco,894
BR-01745,Porto do Cedro,RJ,Sudeste,-23.9675,-45.2458,0,8.98,,81.1,23.26,0.895,30.13,0,64.78,1.51,82.69,8076,16.8,Baixo Risco,17
BR-01746,Campo Feliz,PE,Nordeste,-8.4507,-38.25,0,17.47,22150.13,161.4,40.34,0.664,42.61,0,43.3,2.87,61.11,14791,48.1,Médio Risco,206
BR-01747,Santa Limpo,RN,Nordeste,-7.0581,-34.9876,0,18.07,26978.5,188.2,47.84,0.778,59.52,0,57.0,2.18,57.07,68269,47.9,Médio Risco,1191
BR-01748,Santo da Mata,PA,Norte,-4.8274,-51.6416,13,97.36,16074.8,394.8,62.35,0.505,62.56,0,26.9,11.57,34.56,38968,94.9,Alto Risco,2107
BR-01749,Bela do Forno,MG,Sudeste,-19.1937,-44.3516,1,210.39,22588.49,233.5,50.27,0.664,42.54,0,31.66,1.19,63.21,16528,64.5,Médio Risco,367
BR-01750,Alto Grande,MS,Centro-Oeste,-19.7787,-55.9329,0,40.36,32657.61,167.8,39.65,0.761,45.35,0,64.74,8.71,63.59,12327,36.2,Baixo Risco,113
BR-01751,Vila Vermelho,PE,Nordeste,-8.705,-37.5424,0,57.31,40541.2,186.8,33.5,0.699,50.86,0,42.33,1.82,66.73,71131,42.7,Médio Risco,922
BR-01752,Vale Esperança,CE,Nordeste,-5.45,-38.1121,0,80.4,41669.27,106.1,18.67,0.856,38.33,1,79.98,1.62,80.9,24908,20.4,Baixo Risco,82
BR-01753,Porto Limpo,SC,Sul,-26.6143,-50.347,0,7.0,34886.25,153.0,35.02,0.715,59.83,0,37.86,5.55,64.34,84195,42.0,Médio Risco,1195
BR-01754,Lago do Carvão,RO,Norte,-11.0289,-63.1066,2,44.36,32965.1,263.6,49.36,0.642,45.91,0,45.99,12.19,67.49,98634,66.6,Médio Risco,2426
BR-01755,Alto da Mata,MA,Nordeste,-5.8096,-46.5557,2,6.79,26072.74,258.1,52.15,0.588,53.96,0,33.37,1.77,38.87,22224,79.5,Alto Risco,812
BR-01756,Bela da Mata,PB,Nordeste,-6.6214,-35.5059,0,19.82,23677.72,204.7,42.06,0.634,59.93,0,28.63,2.06,57.68,107695,59.2,Médio Risco,2651
BR-01757,Lago Verde,AM,Norte,-2.5345,-69.4847,2,97.37,38509.44,223.6,19.03,0.84,43.5,0,66.63,22.05,85.33,39066,36.8,Baixo Risco,359
BR-01758,Lago Feliz,TO,Norte,-10.3759,-47.764,2,33.09,42735.13,203.6,42.8,0.759,43.38,2,42.35,4.88,88.47,45922,58.2,Médio Risco,876
BR-01759,Porto do Sertão,SP,Sudeste,-22.0771,-45.1915,0,76.36,43112.25,232.9,39.06,0.717,41.4,0,47.6,2.26,82.22,2130,36.6,Baixo Risco,19
BR-01760,Rio Azul,SP,Sudeste,-23.2845,-50.9017,1,92.6,29496.11,140.2,41.83,0.746,53.58,0,,3.73,66.37,9763,45.4,Médio Risco,145
BR-01761,Monte da Serra,MA,Nordeste,-6.625,-45.7779,3,3.11,16669.47,165.4,53.45,0.611,65.48,1,28.01,3.44,51.98,10448,81.9,Alto Risco,462
BR-01762,Lago do Cedro,BA,Nordeste,-11.8832,-41.7111,0,3.27,41022.13,118.0,27.83,0.717,41.4,0,48.73,1.46,78.59,22064,30.6,Baixo Risco,146
BR-01763,Monte da Serra,CE,Nordeste,-4.5771,-40.1776,0,96.27,,121.0,41.03,0.793,34.24,0,66.19,1.05,83.91,37909,23.6,Baixo Risco,147
BR-01764,Santa Esperança,AP,Norte,2.0474,-50.3191,0,89.17,39176.24,268.0,24.22,0.764,43.97,0,50.78,6.88,71.22,39897,42.1,Médio Risco,458
BR-01765,Lago Grande,AM,Norte,-3.0768,-64.4386,2,26.26,19977.93,259.8,51.97,0.634,66.33,0,35.31,14.73,61.43,46966,78.5,Alto Risco,1959
BR-01766,Nova Dourado,AL,Nordeste,-9.5553,-36.6068,0,30.55,22207.72,211.7,42.2,0.686,46.47,0,51.23,7.44,58.97,13958,52.1,Médio Risco,234
BR-01767,Vale da Serra,TO,Norte,-9.195,-47.1838,0,59.22,32678.34,190.6,38.55,0.677,41.8,0,37.44,2.33,67.6,77980,47.6,Médio Risco,1052
BR-01768,Serra do Forno,AP,Norte,2.7192,-51.7465,2,72.08,46909.68,237.2,25.81,0.724,34.01,0,54.77,25.86,68.47,315404,43.7,Médio Risco,3255
BR-01769,Santo da Serra,AM,Norte,-2.1943,-60.6482,2,13.32,18085.75,303.7,50.6,0.611,56.85,0,40.75,7.61,46.64,21128,81.5,Alto Risco,835
BR-01770,Boa do Cedro,RO,Norte,-10.9711,-63.1281,2,59.87,29317.65,242.9,43.93,0.665,49.46,0,34.22,16.46,57.65,14334,67.3,Médio Risco,377
BR-01771,Vila das Flores,PB,Nordeste,-5.3382,-36.4466,0,24.42,41266.02,166.2,6.92,0.792,39.31,0,81.94,0.94,73.64,13951,20.1,Baixo Risco,46
BR-01772,Lago do Sertão,RS,Sul,-29.3802,-55.5947,1,37.0,48410.27,164.0,29.64,0.775,43.14,0,55.12,0.54,61.51,36565,35.3,Baixo Risco,312
BR-01773,Rio do Carvão,PE,Nordeste,-7.4947,-38.6208,0,39.84,44771.05,66.7,24.81,0.873,35.43,0,70.91,0.62,76.08,17031,15.0,Baixo Risco,33
BR-01774,Lago Verde,SC,Sul,-27.0551,-49.3437,0,14.66,51895.75,87.2,14.03,0.811,34.43,0,,1.3,80.25,3779,13.9,Baixo Risco,6
BR-01775,Serra Limpo,PE,Nordeste,-8.0342,-39.7296,3,9.86,,289.4,58.31,0.722,58.31,0,38.61,3.92,56.72,5319,74.1,Alto Risco,184
BR-01776,São da Serra,PA,Norte,-4.8201,-55.5006,2,193.76,25512.27,342.8,45.63,0.612,42.14,0,35.71,8.77,59.91,117623,76.2,Alto Risco,3388
BR-01777,Serra Grande,RJ,Sudeste,-21.2681,-42.6148,1,11.78,31211.27,160.6,30.59,0.78,47.79,0,56.22,1.62,73.92,163120,35.0,Baixo Risco,1473
BR-01778,Lago do Amparo,MS,Centro-Oeste,-16.5266,-52.621,0,31.8,16720.71,197.4,42.63,0.622,45.74,0,49.34,19.96,57.13,242768,60.4,Médio Risco,5095
BR-01779,Lago Azul,MA,Nordeste,-5.9447,-45.3807,5,33.22,26775.3,262.0,54.47,0.597,55.38,0,25.58,2.82,44.05,43603,81.3,Alto Risco,1683
BR-01780,Cruz Verde,MG,Sudeste,-18.0006,-44.8506,1,28.63,41204.11,96.1,37.21,0.793,40.57,0,48.34,2.37,81.3,9522,31.0,Baixo Risco,63
BR-01781,Cruz Grande,BA,Nordeste,-13.5847,-44.3019,10,37.83,23148.77,254.0,67.78,0.559,56.36,1,49.76,32.89,,19005,89.3,Alto Risco,863
BR-01782,Vale do Carvão,RO,Norte,-11.5132,-62.7068,0,40.92,33486.02,178.2,35.2,0.886,42.68,1,51.23,6.38,70.81,5094,37.2,Baixo Risco,47
BR-01783,Campo Feliz,ES,Sudeste,-17.0278,-39.4142,2,10.85,29862.15,166.2,44.01,0.716,45.62,0,54.52,1.23,66.02,4854,49.7,Médio Risco,74
BR-01784,Bela da Mata,BA,Nordeste,-13.9022,-44.1944,1,39.09,34432.8,151.8,54.41,0.664,47.85,0,43.11,3.5,55.8,45210,55.9,Médio Risco,865
BR-01785,Bela das Flores,DF,Centro-Oeste,-16.4937,-46.2717,0,20.28,55600.89,156.5,23.18,0.893,42.8,0,65.15,10.04,78.86,64458,20.3,Baixo Risco,226
BR-01786,Alto do Norte,RR,Norte,-0.1725,-60.328,4,136.64,28008.24,266.4,51.02,0.765,52.84,0,60.23,9.67,59.42,380015,65.0,Médio Risco,9917
BR-01787,Nova do Amparo,MA,Nordeste,-6.4807,-43.8548,0,37.45,35191.19,115.1,45.44,0.748,49.28,0,47.47,2.56,62.22,29618,42.8,Médio Risco,377
BR-01788,Bela do Sertão,PI,Nordeste,-10.1118,-41.9131,7,8.27,16854.4,320.4,61.64,0.507,67.94,1,25.63,10.09,49.43,6019,93.2,Alto Risco,336
BR-01789,Monte Limpo,RR,Norte,2.9345,-60.4848,1,40.52,38153.6,172.2,34.06,0.785,35.31,1,54.23,19.38,75.51,28215,47.2,Médio Risco,337
BR-01790,Santa das Flores,AP,Norte,4.5,-51.041,4,7.01,27646.41,267.6,46.71,0.508,75.84,2,27.33,8.88,58.69,23085,87.2,Alto Risco,1262
BR-01791,Monte Feliz,RS,Sul,-30.2134,-51.9841,0,37.47,36759.4,148.7,33.37,0.812,32.36,0,50.96,1.17,81.47,17782,25.3,Baixo Risco,74
BR-01792,Cruz do Sertão,GO,Centro-Oeste,-18.3135,-52.4063,3,22.37,43870.79,258.5,24.07,0.709,42.12,0,50.84,9.42,85.03,50498,51.9,Médio Risco,787
BR-01793,São Verde,CE,Nordeste,-3.94,-41.6315,0,12.07,38902.21,125.2,24.43,0.732,40.0,0,69.48,1.21,74.43,7201,25.1,Baixo Risco,34
BR-01794,Santa do Carvão,PI,Nordeste,-8.7377,-43.7604,0,8.21,,173.6,54.99,0.604,55.32,0,41.95,5.62,55.34,38693,62.5,Médio Risco,980
BR-01795,Monte Feliz,SP,Sudeste,-20.3709,-48.9717,1,266.49,36876.36,137.6,36.3,0.706,45.8,0,42.91,3.28,58.61,74195,44.9,Médio Risco,970
BR-01796,Santo Vermelho,GO,Centro-Oeste,-16.3748,-49.3166,6,23.41,27762.05,231.6,47.61,0.644,47.29,0,50.34,70.68,63.29,193817,77.2,Alto Risco,6162
BR-01797,Porto do Vale,PB,Nordeste,-8.1645,-36.2654,2,17.43,35373.41,152.8,36.45,0.802,51.46,0,38.84,6.78,64.54,48435,46.5,Médio Risco,726
BR-01798,Vale Azul,GO,Centro-Oeste,-16.2291,-48.2961,3,9.21,23322.18,312.5,61.21,0.58,54.14,0,41.85,4.27,35.18,121043,83.5,Alto Risco,4798
BR-01799,Cruz Limpo,PB,Nordeste,-6.2191,-35.1121,0,41.52,40633.99,163.9,32.04,0.756,51.5,0,63.0,1.42,78.03,18866,31.5,Baixo Risco,152
BR-01800,Santo do Cedro,PE,Nordeste,-8.6984,-39.0813,0,14.0,41337.94,157.3,41.67,0.7,48.21,0,72.61,0.46,59.74,22463,34.0,Baixo Risco,195
BR-01801,Nova do Carvão,PR,Sul,-25.5854,-51.216,0,9.36,18137.82,162.6,32.91,0.825,38.76,0,64.33,0.36,74.3,177160,29.0,Baixo Risco,1030
BR-01802,Cruz Esperança,PE,Nordeste,-8.6584,-39.047,1,26.65,39103.25,122.6,36.94,0.731,45.83,0,58.34,2.24,64.24,5917,39.4,Baixo Risco,63
BR-01803,Lago do Amparo,AM,Norte,-5.2506,-65.3635,0,25.96,37192.2,194.8,28.09,0.812,41.76,0,,2.65,77.35,19852,31.0,Baixo Risco,135
BR-01804,Boa do Vale,PI,Nordeste,-7.1642,-42.2795,2,14.31,26805.11,189.9,45.74,0.731,44.31,0,36.69,9.23,67.16,134667,60.7,Médio Risco,2788
BR-01805,Santa Esperança,PI,Nordeste,-10.2214,-47.5022,4,6.97,19764.54,231.6,66.33,0.575,54.65,2,26.27,7.66,49.53,25238,87.7,Alto Risco,1089
BR-01806,Santa Grande,PI,Nordeste,-8.3418,-39.3543,1,16.54,33250.7,169.5,46.36,0.746,51.64,0,47.79,1.81,73.1,22994,47.2,Médio Risco,354
BR-01807,Boa do Norte,AP,Norte,2.4731,-50.977,1,14.43,32929.4,227.3,38.8,0.578,53.68,0,57.76,6.03,61.49,23584,57.7,Médio Risco,514
BR-01808,Monte da Mata,MS,Centro-Oeste,-20.0857,-55.374,3,12.77,28888.59,271.4,39.44,0.685,50.47,0,38.58,25.38,77.92,38042,64.7,Médio Risco,954
BR-01809,Bela Azul,MT,Centro-Oeste,-11.8136,-52.7217,4,32.12,39292.26,200.1,34.8,0.747,44.46,0,39.53,29.56,69.42,127721,57.5,Médio Risco,2430
BR-01810,Santo do Sertão,AP,Norte,1.3189,-52.2564,2,324.55,50881.29,153.3,17.64,0.892,30.68,1,68.81,2.64,76.38,104327,26.7,Baixo Risco,460
BR-01811,Serra Azul,CE,Nordeste,-3.5624,-39.3445,2,93.02,34847.51,199.3,31.91,0.669,44.59,0,55.06,0.96,65.09,33334,52.0,Médio Risco,541
BR-01812,Vale do Forno,MS,Centro-Oeste,-19.2154,-55.222,1,199.67,41031.44,169.5,31.37,0.765,28.21,0,50.1,5.16,71.36,128732,37.3,Baixo Risco,923
BR-01813,Cruz das Flores,RN,Nordeste,-5.1854,-34.2772,3,11.71,30675.04,231.2,53.24,0.55,54.54,1,45.81,3.65,54.02,50375,76.3,Alto Risco,1738
BR-01814,Vale Feliz,DF,Centro-Oeste,-14.5314,-48.007,1,176.47,49680.49,131.0,19.92,0.85,38.09,0,76.06,3.87,68.14,96173,20.9,Baixo Risco,327
BR-01815,Vila do Forno,RR,Norte,3.1006,-61.1907,1,33.07,34515.23,170.2,36.05,0.675,44.39,0,62.99,10.1,70.89,9086,44.5,Médio Risco,115
BR-01816,Santa do Cedro,PA,Norte,-4.4052,-50.7947,2,72.73,41238.67,167.6,33.75,0.792,55.1,1,56.83,32.7,59.95,288714,51.8,Médio Risco,5399
BR-01817,Rio Grande,RN,Nordeste,-7.6915,-35.7708,3,38.27,32412.49,166.7,47.39,0.747,40.43,0,47.06,0.74,46.2,43272,52.9,Médio Risco,676
BR-01818,Nova Vermelho,MG,Sudeste,-17.5115,-44.4561,2,15.76,37530.18,205.4,41.92,0.653,46.43,0,59.12,1.71,57.09,1200,56.8,Médio Risco,23
BR-01819,Rio do Sertão,MG,Sudeste,-17.3355,-42.8255,1,57.35,43005.51,179.3,30.07,0.783,42.41,1,55.29,0.67,65.86,261557,40.3,Médio Risco,2731
BR-01820,Santa Verde,PE,Nordeste,-6.8533,-34.3061,2,40.1,29230.58,201.2,34.95,0.706,48.35,0,57.33,1.14,58.84,33068,48.9,Médio Risco,514
BR-01821,Nova Esperança,SE,Nordeste,-11.8808,-37.0056,2,3.78,39426.48,210.8,38.98,0.676,37.92,0,60.91,1.93,37.57,20043,50.0,Médio Risco,275
BR-01822,Nova Vermelho,MG,Sudeste,-19.369,-44.2165,0,32.08,37993.82,52.4,22.84,0.835,34.71,0,76.04,0.91,78.57,15412,16.0,Baixo Risco,32
BR-01823,Cruz Esperança,PA,Norte,-3.1461,-52.2411,6,43.23,22488.33,271.7,55.68,0.605,61.44,0,24.0,14.52,47.76,56919,87.2,Alto Risco,2652
BR-01824,Santa Azul,PR,Sul,-24.9896,-49.7154,0,38.36,35702.57,153.7,31.75,0.724,24.98,0,46.03,2.21,68.74,10824,29.8,Baixo Risco,51
BR-01825,Boa do Amparo,RN,Nordeste,-8.4501,-37.4289,1,45.26,47482.53,181.1,40.47,0.707,40.11,0,,2.54,74.54,15976,42.3,Médio Risco,174
BR-01826,Santo do Cedro,AL,Nordeste,-9.0948,-37.2096,1,12.84,37718.7,103.0,42.85,0.75,36.89,0,60.24,1.61,79.61,16464,33.4,Baixo Risco,116
BR-01827,São Limpo,PA,Norte,-6.3834,-54.6324,5,27.3,21874.51,315.2,38.36,0.641,49.98,0,44.94,7.1,60.55,22804,76.9,Alto Risco,749
BR-01828,São do Sertão,MG,Sudeste,-19.4234,-46.0374,1,20.38,27031.69,110.6,48.95,0.683,41.27,0,63.87,1.82,67.19,17257,43.6,Médio Risco,201
BR-01829,Monte Limpo,SP,Sudeste,-20.2976,-49.5149,0,22.45,33326.24,150.7,35.66,0.736,45.02,0,58.31,1.68,78.16,95418,31.2,Baixo Risco,688
BR-01830,Santa Verde,MG,Sudeste,-15.5452,-44.4583,2,9.66,19981.84,207.0,50.93,0.671,69.82,0,32.72,3.86,44.53,46112,73.7,Alto Risco,1808
BR-01831,Rio Dourado,MG,Sudeste,-19.8019,-41.9033,1,84.5,43906.38,88.5,25.36,0.851,35.31,1,54.73,0.37,84.0,53707,27.7,Baixo Risco,273
BR-01832,Nova Esperança,TO,Norte,-10.6311,-47.5496,0,31.98,24970.09,257.2,34.25,0.685,35.16,0,55.07,10.03,67.41,70492,47.5,Médio Risco,849
BR-01833,Lago Azul,MS,Centro-Oeste,-20.4503,-55.8169,1,36.85,40228.73,177.7,40.58,0.786,42.12,0,56.75,3.26,69.76,29250,32.4,Baixo Risco,214
BR-01834,Vila Esperança,BA,Nordeste,-10.4663,-42.7192,2,168.24,28803.08,200.7,50.07,0.694,50.79,0,28.61,1.9,52.63,9178,66.4,Médio Risco,241
BR-01835,Santa do Carvão,CE,Nordeste,-5.89,-37.6054,1,37.3,24822.41,173.1,38.06,0.708,41.49,0,45.96,0.67,65.47,313786,49.6,Médio Risco,4501
BR-01836,Vila das Flores,AP,Norte,0.7424,-50.1927,1,83.69,24911.59,267.4,35.45,0.737,48.27,1,40.94,5.48,55.53,104759,61.9,Médio Risco,2373
BR-01837,Santa da Mata,AC,Norte,-6.6018,-70.5106,1,26.63,25667.92,333.8,40.2,0.657,61.05,0,,10.89,47.22,246726,74.5,Alto Risco,8894
BR-01838,Rio do Norte,MS,Centro-Oeste,-21.0347,-55.1595,2,17.74,35962.43,238.6,36.95,0.659,41.02,0,50.08,10.5,61.35,119751,57.8,Médio Risco,2178
BR-01839,Lago da Mata,RS,Sul,-28.6889,-51.6251,0,9.73,41350.51,104.5,30.4,0.704,29.79,0,47.23,0.78,74.53,18482,22.6,Baixo Risco,61
BR-01840,Vale do Forno,RN,Nordeste,-7.878,-37.9807,0,41.66,46898.29,62.5,17.22,0.829,20.78,0,58.83,2.46,80.75,1746,16.9,Baixo Risco,3
BR-01841,Vila Grande,AC,Norte,-9.0097,-70.0012,6,1.5,34575.87,325.2,51.81,0.65,47.63,0,35.3,20.62,65.22,7070,78.2,Alto Risco,231
BR-01842,Vale do Amparo,PB,Nordeste,-9.6034,-34.0,1,30.82,35222.54,223.8,50.36,0.713,47.67,0,39.83,1.57,55.84,72813,56.4,Médio Risco,1409
BR-01843,Vale da Mata,BA,Nordeste,-14.4376,-41.4125,3,26.86,36096.62,236.0,52.04,0.618,52.69,0,28.04,2.7,46.28,28935,72.4,Alto Risco,895
BR-01844,Campo Dourado,SE,Nordeste,-9.3951,-38.5359,0,27.89,62054.26,92.9,20.3,0.876,27.67,0,61.8,0.32,85.82,19442,12.4,Baixo Risco,24
BR-01845,Bela Grande,BA,Nordeste,-13.0299,-41.1255,0,17.96,14120.64,232.4,54.55,0.576,60.06,0,29.32,1.31,47.78,1452,73.7,Alto Risco,51
BR-01846,Campo Grande,PE,Nordeste,-8.8267,-38.518,1,7.93,26188.83,181.3,33.84,0.761,45.07,0,60.01,2.52,66.51,32325,41.1,Médio Risco,363
BR-01847,Porto Feliz,GO,Centro-Oeste,-17.0282,-51.8118,1,114.36,38483.43,187.6,25.76,0.728,41.88,1,58.18,14.12,59.38,8500,53.3,Médio Risco,138
BR-01848,Boa das Flores,PE,Nordeste,-8.6889,-36.8785,2,17.46,34481.7,161.7,36.61,0.723,52.75,0,59.14,1.39,66.42,13287,49.1,Médio Risco,221
BR-01849,Rio do Vale,MT,Centro-Oeste,-12.2184,-53.855,11,6.65,17762.25,268.0,56.17,0.506,56.26,3,48.54,82.89,58.35,95095,93.7,Alto Risco,4660
BR-01850,Santa do Amparo,RN,Nordeste,-4.4339,-37.0253,1,36.11,28997.73,187.1,50.19,0.657,45.86,0,46.59,3.29,49.29,9078,58.4,Médio Risco,181
BR-01851,Monte da Mata,DF,Centro-Oeste,-19.5052,-48.3881,1,41.15,47741.65,212.7,18.98,0.83,26.25,1,73.29,1.93,92.4,10228,23.9,Baixo Risco,35
BR-01852,Alto do Vale,SP,Sudeste,-23.3545,-50.1362,2,16.06,25877.27,210.9,45.09,0.67,45.51,1,51.87,6.64,60.79,41439,67.8,Médio Risco,1043
BR-01853,Santa das Flores,MG,Sudeste,-17.8773,-44.5899,2,15.62,29894.86,162.2,30.56,0.747,32.03,0,53.38,0.82,52.82,97778,43.9,Médio Risco,980
BR-01854,Monte Feliz,RN,Nordeste,-5.9484,-37.3773,0,27.02,35360.77,45.3,38.97,0.762,38.82,0,54.2,2.69,63.48,19863,27.7,Baixo Risco,107
BR-01855,Lago Dourado,RR,Norte,2.6147,-62.8154,1,109.31,42513.26,187.4,32.56,0.715,48.44,0,55.84,3.14,65.4,205668,40.8,Médio Risco,2397
BR-01856,Nova do Carvão,TO,Norte,-9.7954,-45.651,1,40.89,31382.16,235.3,53.5,0.705,50.79,0,41.45,2.43,,6645,56.7,Médio Risco,136
BR-01857,Campo Verde,CE,Nordeste,-5.6268,-38.8769,2,20.27,24098.34,183.8,46.29,0.593,57.13,0,48.12,5.51,59.51,5337,68.5,Médio Risco,160
BR-01858,Monte da Serra,GO,Centro-Oeste,-16.7176,-49.0586,1,47.64,,278.9,52.25,0.573,55.72,1,38.66,7.07,67.88,4798,76.7,Alto Risco,169
BR-01859,Cruz do Sertão,DF,Centro-Oeste,-16.1737,-46.6232,1,36.91,47032.88,172.3,37.25,0.874,41.12,0,80.99,21.71,73.93,4166,32.1,Baixo Risco,30
BR-01860,Vila do Cedro,ES,Sudeste,-17.5818,-39.2605,0,37.42,38541.58,137.2,40.43,0.739,38.62,0,57.84,0.98,62.21,50045,33.5,Baixo Risco,366
BR-01861,Rio Vermelho,PB,Nordeste,-8.3048,-37.2984,2,18.62,9646.38,245.1,62.46,0.548,58.0,1,21.19,0.91,36.55,9679,88.2,Alto Risco,440
BR-01862,Alto Verde,TO,Norte,-10.2579,-47.9184,4,47.57,29438.02,220.3,30.62,0.762,51.75,0,63.45,4.79,59.36,5638,55.6,Médio Risco,113
BR-01863,Porto do Vale,TO,Norte,-9.9133,-48.6766,8,12.58,,260.2,61.35,,56.48,0,14.09,90.46,53.8,52825,87.9,Alto Risco,2344
BR-01864,Serra do Carvão,PA,Norte,-1.6055,-51.8662,3,7.59,32699.56,311.4,35.19,0.687,43.62,0,64.2,14.94,62.84,92036,65.9,Médio Risco,2150
BR-01865,Boa do Forno,PE,Nordeste,-8.8004,-37.3816,0,79.41,38962.37,89.8,28.81,0.785,39.58,0,50.13,2.81,65.48,122219,27.3,Baixo Risco,654
BR-01866,Monte Azul,RR,Norte,3.3923,-61.9357,1,120.29,42361.35,144.1,33.04,0.731,40.29,1,57.33,11.12,69.0,98136,46.4,Médio Risco,1241
BR-01867,Nova do Forno,SE,Nordeste,-8.8452,-39.311,2,10.75,52887.52,169.0,25.14,,29.87,0,65.99,1.22,69.71,10429,31.5,Baixo Risco,59
BR-01868,Bela da Serra,CE,Nordeste,-5.2893,-39.3253,0,30.39,30407.68,123.4,29.98,0.696,39.4,0,60.43,19.38,66.4,46403,36.7,Baixo Risco,397
BR-01869,Vila do Sertão,PA,Norte,-4.085,-52.766,1,18.44,46359.98,238.8,39.81,0.782,42.33,0,53.91,9.41,81.75,61150,42.7,Médio Risco,699
BR-01870,São Feliz,RR,Norte,1.5893,-64.0465,5,53.43,15792.23,237.2,44.23,0.663,52.74,1,23.89,10.87,62.44,18149,85.1,Alto Risco,728
BR-01871,Rio do Vale,GO,Centro-Oeste,-16.3382,-49.1493,3,30.82,36700.1,263.6,34.05,0.81,58.3,0,44.66,16.64,64.85,40374,61.5,Médio Risco,1035
BR-01872,Boa Feliz,MS,Centro-Oeste,-19.3141,-53.1885,0,815.01,35150.66,203.2,38.61,0.737,37.53,0,55.52,2.33,69.79,6874,36.1,Baixo Risco,56
BR-01873,São do Vale,TO,Norte,-9.8466,-44.7603,1,16.83,33823.93,290.1,41.31,0.675,47.91,1,26.27,3.92,61.18,14995,71.2,Alto Risco,423
BR-01874,Nova Feliz,TO,Norte,-9.8406,-48.8477,2,134.07,34018.95,200.3,33.88,0.728,50.25,0,57.15,5.37,76.69,52299,49.4,Médio Risco,849
BR-01875,Bela Grande,SP,Sudeste,-23.7653,-49.5442,1,136.3,35102.75,121.0,41.18,0.731,50.45,0,42.95,4.65,71.88,216301,45.7,Médio Risco,3109
BR-01876,Alto do Forno,RO,Norte,-12.1845,-64.8932,1,59.78,42973.99,177.6,24.38,0.848,32.99,1,72.57,1.97,82.03,138593,28.3,Baixo Risco,701
BR-01877,Boa Limpo,ES,Sudeste,-16.1892,-40.0479,0,41.06,51010.6,51.0,2.0,0.94,15.99,0,70.67,1.44,90.4,75062,7.5,Baixo Risco,31
BR-01878,São Verde,GO,Centro-Oeste,-16.229,-49.5768,0,27.87,42605.67,166.0,42.81,0.709,39.86,0,67.86,6.14,56.99,36302,37.4,Baixo Risco,323
BR-01879,Boa das Flores,PA,Norte,-4.8747,-53.6158,1,24.32,30767.46,222.7,40.75,0.696,40.31,0,45.29,2.15,58.45,29910,51.9,Médio Risco,453
BR-01880,Serra Dourado,PB,Nordeste,-5.2765,-36.9649,1,99.51,53807.21,207.0,24.31,0.807,36.0,0,66.01,1.2,83.09,5380,27.2,Baixo Risco,27
BR-01881,Rio Feliz,PA,Norte,-3.3955,-55.2501,4,7.41,16573.16,241.2,56.84,0.526,56.94,1,30.09,15.01,53.9,11564,88.1,Alto Risco,518
BR-01882,Rio do Forno,PE,Nordeste,-7.5706,-36.5631,0,16.96,30838.5,210.1,41.69,0.601,66.84,0,23.33,0.81,54.6,12045,63.0,Médio Risco,355
BR-01883,Campo do Forno,MT,Centro-Oeste,-12.8333,-56.499,4,21.07,29393.78,205.5,34.67,0.752,30.48,4,53.32,20.74,81.51,67403,65.4,Médio Risco,1241
BR-01884,São do Norte,RN,Nordeste,-6.2561,-36.6385,1,4.97,36104.01,198.2,25.31,0.768,33.33,0,61.96,2.94,74.73,107064,30.5,Baixo Risco,614
BR-01885,Serra do Norte,MA,Nordeste,-5.6574,-47.4374,2,50.05,23306.37,150.3,46.34,0.669,54.73,1,46.53,3.34,55.48,82513,69.5,Médio Risco,2457
BR-01886,Lago Grande,MA,Nordeste,-7.3558,-46.2553,3,63.99,35424.4,184.4,46.79,0.659,54.91,0,40.6,2.46,50.71,144110,66.9,Médio Risco,4048
BR-01887,Vale do Amparo,AM,Norte,-3.5931,-65.4914,1,9.05,17849.98,336.6,65.93,0.55,43.97,0,16.97,4.19,56.15,35966,84.9,Alto Risco,1267
BR-01888,Monte da Serra,CE,Nordeste,-4.7856,-39.5458,0,66.98,20572.05,158.9,36.81,0.64,35.84,0,53.03,1.36,68.62,9617,43.1,Médio Risco,100
BR-01889,Porto da Serra,RR,Norte,4.5,-60.7284,2,4.79,23426.93,223.2,51.74,0.709,47.18,1,49.75,10.38,74.56,30871,68.2,Médio Risco,804
BR-01890,Lago das Flores,MS,Centro-Oeste,-20.3896,-52.5253,1,31.27,36178.7,195.5,34.51,0.778,47.25,0,67.28,3.7,90.85,13279,37.8,Baixo Risco,135
BR-01891,Porto Feliz,CE,Nordeste,-8.4678,-38.5042,1,25.96,44408.68,112.6,28.14,0.814,52.48,1,55.39,2.25,64.85,74781,40.6,Médio Risco,915
BR-01892,Rio Limpo,RN,Nordeste,-5.9416,-35.243,0,32.18,43789.4,112.4,24.04,0.834,36.33,0,42.73,0.94,64.9,20976,24.7,Baixo Risco,91
BR-01893,São Vermelho,PB,Nordeste,-3.4447,-34.6955,0,30.25,35893.58,167.2,25.01,0.757,40.41,0,59.81,2.91,50.96,29052,33.1,Baixo Risco,214
BR-01894,Vila Feliz,AC,Norte,-7.5571,-69.7524,2,18.94,21756.98,290.4,51.57,0.599,48.64,0,39.22,13.18,61.73,78200,75.9,Alto Risco,2467
BR-01895,Boa do Carvão,GO,Centro-Oeste,-17.1152,-49.9114,0,18.16,39309.07,241.9,31.36,0.747,47.71,0,65.5,1.89,73.57,13012,37.6,Baixo Risco,132
BR-01896,Porto do Forno,BA,Nordeste,-12.1325,-40.2872,3,23.0,28294.75,162.7,45.23,0.742,55.76,0,51.06,2.29,67.48,109641,57.2,Médio Risco,2423
BR-01897,Bela Grande,PI,Nordeste,-8.7588,-41.2278,1,116.22,42418.96,155.1,26.15,0.78,47.66,1,57.92,0.57,65.75,6097,36.5,Baixo Risco,59
BR-01898,Porto do Forno,ES,Sudeste,-21.0853,-39.432,1,22.18,53942.59,110.0,9.76,,26.72,0,76.64,0.34,88.26,48204,11.5,Baixo Risco,51
BR-01899,Bela do Forno,AL,Nordeste,-10.1077,-38.8565,0,183.96,20654.81,198.1,54.45,0.63,51.1,0,30.92,1.7,53.59,29330,61.5,Médio Risco,684
BR-01900,Vale da Serra,AL,Nordeste,-9.4919,-37.998,3,12.85,33614.2,190.9,36.83,,47.43,1,42.17,21.24,69.46,92427,64.6,Médio Risco,2214
BR-01901,Alto Dourado,PB,Nordeste,-9.901,-37.1048,1,28.98,29532.39,129.3,44.28,0.668,59.64,0,43.93,4.43,62.72,5896,61.1,Médio Risco,152
BR-01902,São da Serra,AC,Norte,-10.3788,-69.4585,0,48.6,39276.75,138.7,40.36,0.7,39.41,0,45.98,20.71,74.91,4849,40.2,Médio Risco,48
BR-01903,Monte das Flores,RR,Norte,2.0645,-61.4299,4,19.94,28948.13,287.1,36.62,0.762,30.67,0,50.78,11.32,67.97,83915,58.2,Médio Risco,1287
BR-01904,Santo Feliz,BA,Nordeste,-13.5314,-40.1084,0,87.77,30659.67,169.9,46.77,0.639,48.89,0,60.52,2.89,67.33,20158,46.5,Médio Risco,291
BR-01905,Cruz Vermelho,PR,Sul,-24.3373,-49.7087,1,60.77,52356.17,96.5,22.51,0.87,29.82,0,76.35,3.42,87.39,29334,17.9,Baixo Risco,67
BR-01906,São Verde,MS,Centro-Oeste,-22.2105,-52.8612,2,17.44,27983.35,224.4,37.41,,39.87,0,44.36,5.0,49.28,14405,61.2,Médio Risco,282
BR-01907,Serra Limpo,MS,Centro-Oeste,-19.5102,-52.8522,5,85.22,29828.43,220.7,49.36,0.592,53.8,1,56.1,12.04,67.86,102849,76.0,Alto Risco,3491
BR-01908,Serra Limpo,AL,Nordeste,-11.2773,-38.2718,1,7.86,26397.11,159.6,47.81,0.662,55.6,0,34.86,6.37,66.86,47764,59.0,Médio Risco,1107
BR-01909,Serra do Forno,RO,Norte,-8.5302,-62.6643,5,12.99,33598.65,276.6,49.44,0.699,62.88,2,67.37,13.82,64.21,44393,77.5,Alto Risco,1742
BR-01910,Rio do Norte,SP,Sudeste,-24.5921,-49.6405,0,40.55,29908.81,153.9,47.16,0.708,40.09,0,41.35,6.38,63.46,7616,43.0,Médio Risco,85
BR-01911,Alto Vermelho,AC,Norte,-10.2996,-72.8587,4,58.85,29422.81,213.6,35.28,0.746,48.95,1,70.32,8.13,79.9,61506,57.9,Médio Risco,1264
BR-01912,São do Vale,BA,Nordeste,-12.3757,-42.1025,2,30.78,32193.07,153.1,51.6,0.602,57.68,0,61.67,9.4,48.24,9507,66.5,Médio Risco,274
BR-01913,Rio do Amparo,SP,Sudeste,-19.8601,-46.9354,0,21.99,24665.52,197.2,37.67,0.763,49.8,0,33.67,1.87,74.14,14426,42.7,Médio Risco,184
BR-01914,Porto da Mata,PB,Nordeste,-6.8389,-36.075,0,23.56,42329.82,148.2,30.72,0.814,31.04,0,72.49,10.28,71.96,5963,27.2,Baixo Risco,27
BR-01915,Lago Limpo,BA,Nordeste,-12.172,-38.8751,0,70.42,26950.96,158.4,42.56,0.637,42.67,0,42.07,3.78,68.29,27020,51.5,Médio Risco,419
BR-01916,Nova Verde,CE,Nordeste,-5.1754,-39.2819,1,37.91,37995.46,145.0,32.86,0.765,39.44,0,53.35,1.41,75.3,124317,34.6,Baixo Risco,970
BR-01917,Vila Feliz,PI,Nordeste,-9.157,-39.3031,1,9.65,30390.38,163.7,41.33,0.693,50.1,0,50.15,0.92,52.73,43624,48.9,Médio Risco,695
BR-01918,Lago do Norte,RJ,Sudeste,-22.9362,-42.4115,0,11.55,,112.8,40.93,0.809,35.6,0,,1.02,70.07,18915,27.5,Baixo Risco,96
BR-01919,Lago Grande,PR,Sul,-26.5867,-51.5185,0,120.95,38078.95,141.9,48.15,0.728,52.52,0,57.24,0.97,75.87,37663,35.9,Baixo Risco,379
BR-01920,Bela Esperança,SE,Nordeste,-12.3602,-39.2411,1,13.09,36166.12,164.4,40.83,0.778,40.31,0,44.69,1.94,67.69,37403,40.9,Médio Risco,387
BR-01921,Rio Feliz,MG,Sudeste,-17.5376,-42.8252,1,34.52,31879.55,115.0,45.99,0.677,30.78,1,53.64,0.77,63.7,35689,46.8,Médio Risco,387
BR-01922,Santo do Cedro,GO,Centro-Oeste,-17.5524,-50.563,2,86.62,35043.48,275.5,35.84,0.637,49.08,0,56.01,22.57,55.6,41014,63.6,Médio Risco,981
BR-01923,Vale do Amparo,MG,Sudeste,-17.6526,-45.2859,2,43.67,34563.43,240.5,30.01,0.653,48.82,1,53.79,2.39,70.8,8955,60.4,Médio Risco,197
BR-01924,Vale do Norte,MA,Nordeste,-7.2426,-43.6463,3,8.96,24826.19,216.2,51.57,0.575,59.72,1,32.62,2.91,64.12,37540,79.5,Alto Risco,1477
BR-01925,Nova do Sertão,CE,Nordeste,-4.7851,-37.9085,2,10.23,45084.56,133.0,33.16,0.823,43.34,0,60.61,0.79,56.75,3663,34.3,Baixo Risco,30
BR-01926,Vale da Mata,AL,Nordeste,-10.3042,-35.2351,0,152.18,37217.79,166.0,41.54,0.764,59.24,0,33.61,1.26,81.87,67476,41.0,Médio Risco,915
BR-01927,Lago do Cedro,MA,Nordeste,-3.4507,-45.9471,2,9.05,36821.29,168.0,28.2,0.737,37.27,0,43.23,0.37,68.2,8280,41.7,Médio Risco,84
BR-01928,Santo do Norte,RJ,Sudeste,-21.7968,-42.7314,0,17.09,38595.5,65.3,37.16,,35.93,0,54.43,7.0,78.37,143200,26.6,Baixo Risco,691
BR-01929,Nova Limpo,AC,Norte,-7.0399,-70.6338,1,50.51,39565.7,229.6,34.85,0.849,43.1,0,73.43,1.8,79.29,1546,31.7,Baixo Risco,11
BR-01930,Santo da Mata,MS,Centro-Oeste,-21.5679,-53.4445,4,17.03,27024.52,303.5,55.74,0.666,39.24,1,,2.87,57.09,266474,76.6,Alto Risco,7387
BR-01931,Porto Vermelho,PE,Nordeste,-8.3014,-35.685,1,34.35,27644.26,184.9,59.38,0.557,56.45,0,41.29,8.45,53.82,4234,70.6,Alto Risco,132
BR-01932,Vale Azul,PR,Sul,-26.2635,-51.0346,0,6.08,36896.22,146.6,37.9,0.721,52.48,0,51.99,2.89,60.9,7333,36.7,Baixo Risco,76
BR-01933,Nova do Norte,RS,Sul,-30.279,-50.4352,1,19.14,13281.34,148.1,37.31,0.745,56.99,0,39.52,2.55,56.97,47754,55.2,Médio Risco,1013
BR-01934,Rio do Norte,RO,Norte,-11.1969,-62.0839,3,37.61,25967.38,300.6,54.0,0.57,62.0,0,49.19,12.02,60.09,71210,79.4,Alto Risco,2875
BR-01935,Monte Dourado,RJ,Sudeste,-23.2662,-42.9887,0,64.81,48892.11,104.1,37.69,0.806,39.56,0,57.05,3.8,68.46,23058,23.6,Baixo Risco,98
BR-01936,Santa Dourado,AP,Norte,-0.2917,-50.6098,1,15.39,35018.13,226.8,32.66,0.756,35.19,1,57.71,7.41,73.03,100284,43.7,Médio Risco,1057
BR-01937,Vila do Forno,MG,Sudeste,-20.0789,-41.9917,2,7.67,31135.36,152.2,45.07,0.662,62.42,1,40.36,0.73,54.77,12141,67.6,Médio Risco,381
BR-01938,Vale Feliz,PR,Sul,-28.1656,-48.7524,1,34.01,39951.78,120.6,41.05,0.736,33.79,0,,3.68,63.57,19938,38.7,Baixo Risco,169
BR-01939,Nova do Norte,DF,Centro-Oeste,-17.3089,-46.1984,1,7.67,34941.8,250.1,39.49,0.776,32.65,0,50.74,9.25,85.99,22525,43.4,Médio Risco,224
BR-01940,Rio da Serra,AL,Nordeste,-8.7415,-36.7841,2,125.46,52988.22,71.8,16.94,0.878,35.08,0,75.72,4.31,75.57,16764,19.3,Baixo Risco,48
BR-01941,Boa do Norte,CE,Nordeste,-7.4379,-39.8334,0,25.42,20664.29,91.8,45.21,0.729,48.55,0,54.75,0.91,50.44,2929,38.5,Baixo Risco,31
BR-01942,Nova do Forno,MS,Centro-Oeste,-22.4254,-53.7335,1,10.25,24467.87,269.8,46.6,0.633,55.69,0,48.54,4.8,54.3,31862,68.0,Médio Risco,928
BR-01943,Lago Esperança,MT,Centro-Oeste,-10.1327,-53.0764,3,8.97,33348.92,314.6,38.21,0.73,47.88,0,52.45,9.8,61.65,28460,61.7,Médio Risco,638
BR-01944,Porto do Sertão,BA,Nordeste,-13.8511,-41.0927,2,11.73,23594.85,210.6,52.49,0.721,63.72,0,39.31,1.15,59.27,126466,66.8,Médio Risco,3953
BR-01945,Boa Feliz,RO,Norte,-10.3805,-62.7037,0,7.31,48318.34,149.2,16.99,0.839,35.24,0,91.85,0.85,83.54,6585,14.2,Baixo Risco,11
BR-01946,Nova Dourado,SE,Nordeste,-9.6708,-37.378,2,40.21,38612.97,158.4,46.94,0.664,42.61,0,39.58,2.63,66.15,14776,49.1,Médio Risco,212
BR-01947,Vila Esperança,CE,Nordeste,-4.2725,-39.989,1,12.86,44880.15,152.5,32.71,0.785,45.09,1,64.45,4.04,,147911,43.1,Médio Risco,1792
BR-01948,Porto do Forno,SE,Nordeste,-12.7012,-37.677,0,48.52,47517.29,42.1,39.43,0.867,29.28,0,65.92,1.61,74.01,47411,15.7,Baixo Risco,87
BR-01949,Cruz do Amparo,AC,Norte,-9.0935,-70.3604,1,41.59,23203.36,212.0,42.79,0.719,53.71,1,47.49,11.65,68.55,65299,63.6,Médio Risco,1665
BR-01950,Boa Vermelho,SE,Nordeste,-12.8355,-35.0447,0,62.0,23786.34,181.7,41.83,0.691,48.99,0,48.23,3.2,61.79,57918,48.1,Médio Risco,885
BR-01951,Alto Limpo,SE,Nordeste,-7.1452,-37.7856,0,39.42,,171.3,32.09,0.753,40.41,0,,1.89,72.4,58241,29.7,Baixo Risco,361
BR-01952,Nova do Norte,AC,Norte,-11.0028,-70.4763,1,90.78,39580.03,188.0,28.68,0.785,26.78,1,61.71,7.16,84.23,320076,37.4,Baixo Risco,2239
BR-01953,Santo Limpo,RS,Sul,-31.167,-54.4115,1,94.03,27822.51,223.3,31.83,0.736,32.93,0,49.23,6.84,61.53,36843,44.5,Médio Risco,384
BR-01954,Campo do Forno,TO,Norte,-11.6268,-47.2967,2,24.97,31566.33,261.7,51.59,0.567,46.45,0,60.41,4.2,59.95,9282,68.7,Médio Risco,242
BR-01955,Lago do Norte,SP,Sudeste,-24.2853,-46.8766,1,25.24,20486.18,99.5,54.13,0.581,71.26,0,43.41,5.29,58.36,73021,68.8,Médio Risco,2605
BR-01956,Nova Esperança,TO,Norte,-8.2764,-46.0257,3,14.96,37439.11,253.4,27.49,0.724,36.24,0,56.4,2.75,76.77,16185,45.0,Médio Risco,182
BR-01957,Santa do Amparo,PB,Nordeste,-3.8886,-36.4353,1,9.24,37497.42,176.7,39.34,0.691,51.57,0,54.29,1.18,69.95,28641,46.5,Médio Risco,430
BR-01958,Porto do Forno,AP,Norte,0.744,-50.9659,1,95.61,35636.37,250.1,23.84,0.752,39.15,1,69.08,18.21,68.52,52194,45.5,Médio Risco,628
BR-01959,Boa do Sertão,RR,Norte,0.2014,-61.615,2,36.24,36026.28,307.5,49.65,0.636,54.25,0,28.83,3.38,53.12,11770,70.4,Alto Risco,356
BR-01960,Serra Feliz,PR,Sul,-28.0217,-50.8108,1,48.16,26876.11,169.2,42.47,0.721,47.11,0,,1.87,62.21,17364,49.8,Médio Risco,273
BR-01961,Porto das Flores,PE,Nordeste,-8.7218,-37.4204,1,12.78,26487.86,163.2,44.19,0.651,60.99,0,28.25,15.62,46.25,59564,67.6,Médio Risco,1837
BR-01962,Rio da Mata,MT,Centro-Oeste,-13.0829,-55.3384,2,100.92,18612.55,274.2,48.95,0.566,59.76,0,42.9,20.11,58.91,16551,81.1,Alto Risco,673
BR-01963,Cruz Feliz,PB,Nordeste,-8.1918,-36.5271,1,21.1,43165.56,128.3,35.74,0.753,46.34,0,60.15,1.17,70.23,110939,35.7,Baixo Risco,1013
BR-01964,Vila das Flores,BA,Nordeste,-12.6501,-41.0673,3,11.41,37614.75,138.7,33.75,0.708,54.47,0,41.43,1.39,72.17,9579,48.4,Médio Risco,159
BR-01965,Nova do Sertão,RN,Nordeste,-5.2568,-37.0018,0,22.29,49359.24,2.0,15.22,0.96,22.49,0,85.8,1.33,88.06,9539,7.9,Baixo Risco,5
BR-01966,Boa Limpo,AP,Norte,1.8623,-52.1095,2,130.9,32088.29,176.9,35.27,0.82,50.07,0,,19.57,74.45,355959,49.4,Médio Risco,5765
BR-01967,Porto do Sertão,RN,Nordeste,-6.2526,-34.1997,0,10.67,50653.82,98.6,20.29,0.897,41.58,0,59.63,0.8,,4852,16.5,Baixo Risco,12
BR-01968,Lago da Serra,RR,Norte,0.5077,-57.6052,0,10.86,31219.84,174.4,45.35,0.651,55.82,0,46.36,3.36,53.1,31780,52.1,Médio Risco,605
BR-01969,Santo do Vale,MG,Sudeste,-17.1678,-46.0661,3,313.29,24448.48,160.0,60.46,0.584,60.52,2,45.0,5.3,29.32,332487,84.4,Alto Risco,14540
BR-01970,São Limpo,PA,Norte,-3.7725,-54.2433,4,52.62,24346.31,263.9,48.75,0.667,51.29,1,31.76,2.25,54.54,31706,78.3,Alto Risco,1091
BR-01971,Vila do Forno,GO,Centro-Oeste,-14.7363,-51.2,2,8.75,22178.44,295.1,70.61,0.613,53.29,0,35.99,4.59,43.96,176922,84.0,Alto Risco,7001
BR-01972,Nova Vermelho,TO,Norte,-9.0639,-48.4446,1,8.0,31954.13,236.9,41.58,0.682,42.9,1,53.53,7.19,56.23,74280,64.9,Médio Risco,1675
BR-01973,Lago do Amparo,RN,Nordeste,-7.8005,-35.3359,1,4.36,26655.3,87.8,41.61,0.733,42.81,0,50.84,2.29,64.07,32565,42.4,Médio Risco,371
BR-01974,Santa Feliz,MA,Nordeste,-7.4279,-44.6122,6,17.24,12549.84,304.3,61.56,0.523,68.3,1,31.08,1.09,38.66,27909,92.2,Alto Risco,1539
BR-01975,Cruz do Norte,BA,Nordeste,-14.0178,-41.4592,0,64.53,36165.63,61.9,21.93,0.815,35.31,0,67.57,2.45,66.68,2324,20.4,Baixo Risco,7
BR-01976,Monte do Forno,CE,Nordeste,-6.6788,-38.7895,2,102.71,30929.08,148.7,49.06,0.621,53.56,1,39.13,3.76,77.94,22051,65.3,Médio Risco,585
BR-01977,Monte Dourado,MG,Sudeste,-17.0426,-45.3489,1,2.61,21477.37,184.8,54.43,0.589,64.74,0,46.18,1.75,,43927,71.2,Alto Risco,1539
BR-01978,Santa do Norte,SE,Nordeste,-10.0782,-37.7918,1,8.37,47495.35,155.5,23.78,0.806,29.04,0,60.27,6.91,69.69,43896,29.6,Baixo Risco,221
BR-01979,Vale do Cedro,RN,Nordeste,-4.2711,-36.6181,2,20.78,33490.12,184.0,39.57,0.708,41.21,0,44.0,3.06,57.5,716636,49.7,Médio Risco,10267
BR-01980,Santo Dourado,CE,Nordeste,-4.6449,-41.7479,1,486.53,39797.57,103.5,23.93,0.803,36.96,0,70.84,0.85,73.5,46686,25.7,Baixo Risco,217
BR-01981,Bela do Norte,RR,Norte,2.3421,-63.0258,3,56.76,37882.07,230.4,32.34,0.698,43.45,1,40.47,28.34,60.92,72235,68.2,Médio Risco,1778
BR-01982,Serra do Cedro,MT,Centro-Oeste,-10.9604,-56.9902,3,29.56,28755.54,283.6,47.42,0.631,48.54,1,41.94,5.71,64.17,140956,77.3,Alto Risco,4573
BR-01983,Rio do Norte,RR,Norte,2.7076,-60.3302,0,8.31,45000.69,167.8,38.08,,52.81,0,49.3,7.66,71.25,64578,36.2,Baixo Risco,660
BR-01984,Cruz da Serra,DF,Centro-Oeste,-15.7347,-47.5165,0,4.22,54387.53,181.4,22.58,0.854,21.14,1,89.53,3.76,95.84,29509,17.0,Baixo Risco,52
BR-01985,Vale do Vale,PE,Nordeste,-6.3074,-37.0045,1,29.87,38064.04,109.2,41.4,0.726,54.47,0,77.36,3.25,69.55,29689,41.6,Médio Risco,388
BR-01986,Vale Feliz,SE,Nordeste,-10.4087,-40.0255,2,23.97,37212.9,163.0,40.86,0.763,45.75,1,51.43,1.44,71.4,21198,49.7,Médio Risco,326
BR-01987,Bela Grande,ES,Sudeste,-19.6161,-42.417,0,23.49,45353.44,132.1,31.67,0.776,44.42,0,64.66,1.33,83.13,57255,24.5,Baixo Risco,278
BR-01988,Porto do Cedro,PI,Nordeste,-8.893,-41.8015,2,18.61,30708.12,118.4,46.16,0.708,48.62,0,53.9,1.81,78.22,26558,53.0,Médio Risco,472
BR-01989,Cruz Verde,TO,Norte,-9.1858,-52.1901,5,11.53,26186.32,169.4,40.12,0.672,51.5,1,45.08,5.02,73.4,71766,70.0,Alto Risco,2070
BR-01990,Monte Limpo,BA,Nordeste,-11.2281,-39.9855,2,8.42,21763.48,169.7,45.57,0.683,62.37,0,44.96,5.71,57.98,9308,64.9,Médio Risco,273
BR-01991,Santo Dourado,AP,Norte,1.3392,-54.3226,1,84.93,25377.13,218.8,48.08,0.646,45.51,0,40.66,3.08,56.99,39480,63.2,Médio Risco,888
BR-01992,Nova Azul,PI,Nordeste,-5.8889,-41.5493,3,10.94,33709.34,147.0,45.48,0.669,42.53,0,38.86,2.04,51.19,228681,59.9,Médio Risco,4509
BR-01993,Nova das Flores,MA,Nordeste,-8.178,-46.684,1,16.86,20786.05,170.8,45.58,0.656,45.07,0,45.89,2.62,58.15,24815,57.8,Médio Risco,480
BR-01994,Boa do Vale,AL,Nordeste,-9.6976,-35.3515,0,23.23,32187.58,142.5,37.29,0.745,35.69,0,47.37,2.06,,328980,31.7,Baixo Risco,2093
BR-01995,Monte das Flores,MG,Sudeste,-18.1561,-39.8886,3,58.83,38650.27,81.0,35.02,0.765,35.24,2,59.92,4.25,79.39,40319,46.2,Médio Risco,465
BR-01996,Vale da Mata,RN,Nordeste,-6.8278,-39.7724,1,8.84,30922.35,235.4,44.39,0.634,67.1,0,39.23,0.77,55.32,30619,64.4,Médio Risco,938
BR-01997,Campo Dourado,GO,Centro-Oeste,-12.6426,-48.8865,0,85.66,53545.0,169.7,29.2,0.861,34.31,0,59.17,9.4,90.3,38016,21.1,Baixo Risco,123
BR-01998,Porto do Carvão,MA,Nordeste,-5.5127,-47.9714,3,12.31,29772.32,264.4,48.65,0.693,65.39,2,50.82,0.91,56.26,22264,76.2,Alto Risco,876
BR-01999,Serra Vermelho,RR,Norte,1.4792,-60.8025,1,23.95,34373.78,213.6,31.96,0.804,55.74,0,60.36,4.43,66.55,2764,43.2,Médio Risco,39
BR-02000,Vale Esperança,PA,Norte,-3.7537,-52.7695,4,105.38,27566.1,289.4,53.54,0.536,75.63,2,51.66,2.95,51.82,98737,87.6,Alto Risco,5428
